#N canvas 0 29 2560 1420 12;
#X declare -path ofelia/abs;
#X declare -path ofelia/libs/of;
#N canvas 0 50 450 250 (subpatch) 0;
#X array filter1 256 float 1;
#A 0 0 0 0 0 0 0 0 0 0 0 0 0 0 0 0 0 0 0 0 0 0 0 0 0 0 0 0 0 0 0 0 0 0 0 0 0 0 0 0 0 0 0 0 0 0 0 0 0 0 0 0 0 0 0 0 0 0 0 0 0 0 0 0 0 0 0 0 0 0 0 0 0 0 0 0 0 0 0 0 0 0 0 0 0 0 0 0 0 0 0 0 0 0 0 0 0 0 0 0 0 0 0 0 0 0 0 0 0 0 0 0 0 0 0 0 0 0 0 0 0 0 0 0 0 0 0 0 0 0 0 0 0 0 0 0 0 0 0 0 0 0 0 0 0 0 0 0 0 0 0 0 0 0 0 0 0 0 0 0 0 0 0 0 0 0 0 0 0 0 0 0 0 0 0 0 0 0 0 0 0 0 0 0 0 0 0 0 0 0 0 0 0 0 0 0 0 0 0 0 0 0 0 0 0 0 0 0 0 0 0 0 0 0 0 0 0 0 0 0 0 0 0 0 0 0 0 0 0 0 0 0 0 0 0 0 0 0 0 0 0 0 0 0 0 0 0 0 0 0 0 0 0 0 0 0 0;
#X coords 0 100 255 0 72 36 1 0 0;
#X restore 16 192 graph;
#X obj 171 802 ofWindow;
#X obj 176 721 loadbang;
#X obj 277 807 declare -path ofelia/abs;
#X obj 257 722 declare -path ofelia/libs/of;
#X obj 585 43 tgl 19 0 empty empty empty 0 -10 0 12 #fcfcfc #000000 #000000 0 1;
#X obj 585 67 metro 100;
#X floatatom 1364 251 5 0 100 0 - - - 0;
#X obj 1319 135 tgl 19 0 empty empty empty 0 -10 0 12 #fcfcfc #000000 #000000 0 1;
#X obj 1321 196 f;
#X obj 1362 189 + 1;
#X obj 1362 217 mod 100;
#X obj 1319 159 metro 50;
#X floatatom 245 189 5 0 10 0 - - - 0;
#X obj 109 25 loadbang;
#N canvas 0 50 450 250 (subpatch) 0;
#X array filter2 256 float 1;
#A 0 0 0 0 0 0 0 0 0 0 0 0 0 0 0 0 0 0 0 0 0 0 0 0 0 0 0 0 0 0 0 0 0 0 0 0 0 0 0 0 0 0 0 0 0 0 0 0 0 0 0 0 0 0 0 0 0 0 0 0 0 0 0 0 0 0 0 0 0 0 0 0 0 0 0 0 0 0 0 0 0 0 0 0 0 0 0 0 0 0 0 0 0 0 0 0 0 0 0 0 0 0 0 0 0 0 0 0 0 0 0 0 0 0 0 0 0 0 0 0 0 0 0 0 0 0 0 0 0 0 0 0 0 0 0 0 0 0 0 0 0 0 0 0 0 0 0 0 0 0 0 0 0 0 0 0 0 0 0 0 0 0 0 0 0 0 0 0 0 0 0 0 0 0 0 0 0 0 0 0 0 0 0 0 0 0 0 0 0 0 0 0 0 0 0 0 0 0 0 0 0 0 0 0 0 0 0 0 0 0 0 0 0 0 0 0 0 0 0 0 0 0 0 0 0 0 0 0 0 0 0 0 0 0 0 0 0 0 0 0 0 0 0 0 0 0 0 0 0 0 0 0 0 0 0 0 0;
#X coords 0 100 255 0 72 36 1 0 0;
#X restore 14 269 graph;
#X msg 150 197 set filter1;
#X floatatom 196 25 5 0 1 0 - - - 0;
#X floatatom 251 274 5 0 1 0 - - - 0;
#N canvas 0 50 450 250 (subpatch) 0;
#X array filter3 256 float 1;
#A 0 0 0 0 0 0 0 0 0 0 0 0 0 0 0 0 0 0 0 0 0 0 0 0 0 0 0 0 0 0 0 0 0 0 0 0 0 0 0 0 0 0 0 0 0 0 0 0 0 0 0 0 0 0 0 0 0 0 0 0 0 0 0 0 0 0 0 0 0 0 0 0 0 0 0 0 0 0 0 0 0 0 0 0 0 0 0 0 0 0 0 0 0 0 0 0 0 0 0 0 0 0 0 0 0 0 0 0 0 0 0 0 0 0 0 0 0 0 0 0 0 0 0 0 0 0 0 0 0 0 0 0 0 0 0 0 0 0 0 0 0 0 0 0 0 0 0 0 0 0 0 0 0 0 0 0 0 0 0 0 0 0 0 0 0 0 0 0 0 0 0 0 0 0 0 0 0 0 0 0 0 0 0 0 0 0 0 0 0 0 0 0 0 0 0 0 0 0 0 0 0 0 0 0 0 0 0 0 0 0 0 0 0 0 0 0 0 0 0 0 0 0 0 0 0 0 0 0 0 0 0 0 0 0 0 0 0 0 0 0 0 0 0 0 0 0 0 0 0 0 0 0 0 0 0 0 0;
#X coords 0 100 255 0 72 36 1 0 0;
#X restore 11 346 graph;
#X floatatom 248 351 5 0 1 0 - - - 0;
#N canvas 0 50 450 250 (subpatch) 0;
#X array filter4 256 float 1;
#A 0 0 0 0 0 0 0 0 0 0 0 0 0 0 0 0 0 0 0 0 0 0 0 0 0 0 0 0 0 0 0 0 0 0 0 0 0 0 0 0 0 0 0 0 0 0 0 0 0 0 0 0 0 0 0 0 0 0 0 0 0 0 0 0 0 0 0 0 0 0 0 0 0 0 0 0 0 0 0 0 0 0 0 0 0 0 0 0 0 0 0 0 0 0 0 0 0 0 0 0 0 0 0 0 0 0 0 0 0 0 0 0 0 0 0 0 0 0 0 0 0 0 0 0 0 0 0 0 0 0 0 0 0 0 0 0 0 0 0 0 0 0 0 0 0 0 0 0 0 0 0 0 0 0 0 0 0 0 0 0 0 0 0 0 0 0 0 0 0 0 0 0 0 0 0 0 0 0 0 0 0 0 0 0 0 0 0 0 0 0 0 0 0 0 0 0 0 0 0 0 0 0 0 0 0 0 0 0 0 0 0 0 0 0 0 0 0 0 0 0 0 0 0 0 0 0 0 0 0 0 0 0 0 0 0 0 0 0 0 0 0 0 0 0 0 0 0 0 0 0 0 0 0 0 0 0 0;
#X coords 0 100 255 0 72 36 1 0 0;
#X restore 15 431 graph;
#X floatatom 252 436 5 0 1 0 - - - 0;
#N canvas 0 50 450 250 (subpatch) 0;
#X array filter5 256 float 1;
#A 0 0 0 0 0 0 0 0 0 0 0 0 0 0 0 0 0 0 0 0 0 0 0 0 0 0 0 0 0 0 0 0 0 0 0 0 0 0 0 0 0 0 0 0 0 0 0 0 0 0 0 0 0 0 0 0 0 0 0 0 0 0 0 0 0 0 0 0 0 0 0 0 0 0 0 0 0 0 0 0 0 0 0 0 0 0 0 0 0 0 0 0 0 0 0 0 0 0 0 0 0 0 0 0 0 0 0 0 0 0 0 0 0 0 0 0 0 0 0 0 0 0 0 0 0 0 0 0 0 0 0 0 0 0 0 0 0 0 0 0 0 0 0 0 0 0 0 0 0 0 0 0 0 0 0 0 0 0 0 0 0 0 0 0 0 0 0 0 0 0 0 0 0 0 0 0 0 0 0 0 0 0 0 0 0 0 0 0 0 0 0 0 0 0 0 0 0 0 0 0 0 0 0 0 0 0 0 0 0 0 0 0 0 0 0 0 0 0 0 0 0 0 0 0 0 0 0 0 0 0 0 0 0 0 0 0 0 0 0 0 0 0 0 0 0 0 0 0 0 0 0 0 0 0 0 0 0;
#X coords 0 100 255 0 72 36 1 0 0;
#X restore 11 509 graph;
#X floatatom 248 514 5 0 1 0 - - - 0;
#N canvas 0 50 450 250 (subpatch) 0;
#X array filter6 256 float 1;
#A 0 0 0 0 0 0 0 0 0 0 0 0 0 0 0 0 0 0 0 0 0 0 0 0 0 0 0 0 0 0 0 0 0 0 0 0 0 0 0 0 0 0 0 0 0 0 0 0 0 0 0 0 0 0 0 0 0 0 0 0 0 0 0 0 0 0 0 0 0 0 0 0 0 0 0 0 0 0 0 0 0 0 0 0 0 0 0 0 0 0 0 0 0 0 0 0 0 0 0 0 0 0 0 0 0 0 0 0 0 0 0 0 0 0 0 0 0 0 0 0 0 0 0 0 0 0 0 0 0 0 0 0 0 0 0 0 0 0 0 0 0 0 0 0 0 0 0 0 0 0 0 0 0 0 0 0 0 0 0 0 0 0 0 0 0 0 0 0 0 0 0 0 0 0 0 0 0 0 0 0 0 0 0 0 0 0 0 0 0 0 0 0 0 0 0 0 0 0 0 0 0 0 0 0 0 0 0 0 0 0 0 0 0 0 0 0 0 0 0 0 0 0 0 0 0 0 0 0 0 0 0 0 0 0 0 0 0 0 0 0 0 0 0 0 0 0 0 0 0 0 0 0 0 0 0 0 0;
#X coords 0 100 255 0 72 36 1 0 0;
#X restore 12 599 graph;
#X floatatom 249 604 5 0 1 0 - - - 0;
#X obj 196 53 s allVol;
#X msg 150 274 set filter2;
#X msg 147 351 set filter3;
#X msg 151 436 set filter4;
#X msg 147 514 set filter5;
#X msg 148 604 set filter6;
#X obj 138 170 r setBang;
#X obj 138 251 r setBang;
#X obj 135 329 r setBang;
#X obj 139 412 r setBang;
#X obj 134 492 r setBang;
#X obj 136 578 r setBang;
#X obj 94 58 s setBang;
#X obj 78 21 bng 19 250 50 0 empty empty empty 0 -10 0 12 #fcfcfc #000000 #000000;
#X obj 584 96 ofelia f -c21 \; return pixelColumntToArray(1) \;;
#X f 36;
#X obj 580 203 tgl 19 0 empty empty empty 0 -10 0 12 #fcfcfc #000000 #000000 0 1;
#X obj 580 227 metro 100;
#X obj 580 302 array set filter2;
#X obj 585 142 array set filter1;
#X obj 579 256 ofelia f -c21 \; return pixelColumntToArray(2) \;;
#X f 36;
#X obj 592 371 tgl 19 0 empty empty empty 0 -10 0 12 #fcfcfc #000000 #000000 0 1;
#X obj 592 395 metro 100;
#X obj 591 424 ofelia f -c21 \; return pixelColumntToArray(3) \;;
#X f 36;
#X obj 592 470 array set filter3;
#X obj 586 518 tgl 19 0 empty empty empty 0 -10 0 12 #fcfcfc #000000 #000000 0 1;
#X obj 586 542 metro 100;
#X obj 585 571 ofelia f -c21 \; return pixelColumntToArray(4) \;;
#X f 36;
#X obj 586 617 array set filter4;
#X obj 920 38 tgl 19 0 empty empty empty 0 -10 0 12 #fcfcfc #000000 #000000 0 1;
#X obj 920 62 metro 100;
#X obj 919 91 ofelia f \; return pixelColumntToArray(5) \;;
#X f 36;
#X obj 922 201 tgl 19 0 empty empty empty 0 -10 0 12 #fcfcfc #000000 #000000 0 1;
#X obj 922 225 metro 100;
#X obj 922 312 array set filter6;
#X obj 921 254 ofelia f \; return pixelColumntToArray(6) \;;
#X f 36;
#X obj 920 137 array set filter5;
#X obj 732 887 bng 19 250 50 0 empty empty empty 0 -10 0 12 #fcfcfc #000000 #000000;
#X obj 681 943 ofelia f \; for i =0 \, 10 do \; print(i \, selects[i]) \; if selects[i] then \; print(i) \; end \; end \;;
#X obj 274 21 tgl 19 0 empty empty empty 0 -10 0 12 #fcfcfc #000000 #000000 0 1;
#X obj 273 49 s readOn;
#X obj 585 20 r readOn;
#X obj 923 11 r readOn;
#X obj 581 181 r readOn;
#X obj 926 169 r readOn;
#X obj 583 348 r readOn;
#X obj 1317 108 r readOn;
#X msg 928 665 dir 0 Arial.ttf;
#X obj 926 690 pdcontrol;
#X obj 928 636 loadbang;
#X obj 442 920 bng 19 250 50 0 empty empty empty 0 -10 0 12 #fcfcfc #000000 #000000;
#X text 1315 83 C (cursor);
#X text 926 615 font path;
#X text 181 694 ofelia window;
#X floatatom 1400 159 5 0 0 0 - - - 0;
#X obj 1393 106 r speed1;
#X obj 1363 283 ofelia f \; C = a \; cursors[1] = a \;;
#X floatatom 1559 245 5 0 100 0 - - - 0;
#X obj 1514 129 tgl 19 0 empty empty empty 0 -10 0 12 #fcfcfc #000000 #000000 0 1;
#X obj 1516 190 f;
#X obj 1557 183 + 1;
#X obj 1557 211 mod 100;
#X obj 1514 153 metro 50;
#X obj 1512 102 r readOn;
#X text 1510 77 C (cursor);
#X floatatom 1595 153 5 0 0 0 - - - 0;
#X obj 1588 100 r speed2;
#X obj 1558 277 ofelia f \; cursors[2] = a \;;
#X floatatom 1739 244 5 0 100 0 - - - 0;
#X obj 1694 128 tgl 19 0 empty empty empty 0 -10 0 12 #fcfcfc #000000 #000000 0 1;
#X obj 1696 189 f;
#X obj 1737 182 + 1;
#X obj 1737 210 mod 100;
#X obj 1694 152 metro 50;
#X obj 1692 101 r readOn;
#X floatatom 1775 152 5 0 0 0 - - - 0;
#X obj 1738 276 ofelia f \; cursors[3] = a \;;
#X obj 1768 99 r speed3;
#X floatatom 1377 510 5 0 100 0 - - - 0;
#X obj 1332 394 tgl 19 0 empty empty empty 0 -10 0 12 #fcfcfc #000000 #000000 0 1;
#X obj 1334 455 f;
#X obj 1375 448 + 1;
#X obj 1375 476 mod 100;
#X obj 1332 418 metro 50;
#X obj 1330 367 r readOn;
#X floatatom 1413 418 5 0 0 0 - - - 0;
#X floatatom 1557 509 5 0 100 0 - - - 0;
#X obj 1512 393 tgl 19 0 empty empty empty 0 -10 0 12 #fcfcfc #000000 #000000 0 1;
#X obj 1514 454 f;
#X obj 1555 447 + 1;
#X obj 1555 475 mod 100;
#X obj 1512 417 metro 50;
#X obj 1510 366 r readOn;
#X floatatom 1593 417 5 0 0 0 - - - 0;
#X obj 1406 365 r speed4;
#X obj 1376 542 ofelia f \; cursors[4] = a \;;
#X obj 1586 364 r speed5;
#X obj 1556 541 ofelia f \; cursors[5] = a \;;
#X floatatom 1738 501 5 0 100 0 - - - 0;
#X obj 1693 385 tgl 19 0 empty empty empty 0 -10 0 12 #fcfcfc #000000 #000000 0 1;
#X obj 1695 446 f;
#X obj 1736 439 + 1;
#X obj 1736 467 mod 100;
#X obj 1693 409 metro 50;
#X obj 1691 358 r readOn;
#X floatatom 1774 409 5 0 0 0 - - - 0;
#X obj 1767 356 r speed6;
#X obj 1737 533 ofelia f \; cursors[6] = a \;;
#X obj 144 845 loadbang;
#X obj 107 847 bng 19 250 50 0 empty empty empty 0 -10 0 12 #fcfcfc #000000 #000000;
#X obj 406 873 loadbang;
#X obj 654 23 r speed1;
#X obj 653 193 r speed2;
#X obj 650 366 r speed3;
#X obj 644 510 r speed4;
#X obj 993 32 r speed5;
#X obj 985 193 r speed6;
#X obj 925 901 bng 19 250 50 0 empty empty empty 0 -10 0 12 #fcfcfc #000000 #000000;
#X obj 1102 898 bng 19 250 50 0 empty empty empty 0 -10 0 12 #fcfcfc #000000 #000000;
#X obj 1098 944 ofelia f \; for k \, v in pairs(table) do \; if type(v) == "function" then \; print(k) \; end \; end \;;
#X obj 897 936 ofelia f \; local a = ofTable() \; a[1] = 1 \; a[2] = 2 \; \; print(#a) \;;
#X obj 878 286 r filter6;
#X obj 871 110 r filter5;
#X obj 508 109 r filter1;
#X obj 503 266 r filter2;
#X obj 511 442 r filter3;
#X obj 503 598 r filter4;
#X obj 407 979 ofelia f \; selects = ofTable() \; selectIndex = 1 \; cursors = ofTable(0 \, 0 \, 0 \, 0 \, 0 \, 0) \; \;;
#X obj 136 877 ofelia d \; \; \; \; selects = ofTable() \; selectIndex = 1 \; SEL_CNT = 6 \; \; cursors = ofTable(0 \, 0 \, 0 \, 0 \, 0 \, 0) \; \;;
#X obj 20 897 ofelia d \; W = 1280 \; H = 960 \; vW = 320 \; vH = 240 \;;
#X obj 110 1104 loadbang;
#X obj 499 1413 ofelia;
#X obj 125 1149 bng 66 250 50 0 empty empty empty 0 -10 0 12 #ffffff #000000 #000000;
#X obj 493 1475 ofelia;
#X obj 496 1360 ofelia;
#X obj 919 730 ofelia f \; local fontPath = a \; local fontSettings = ofTrueTypeFontSettings(fontPath \, 12) \; title = ofTrueTypeFont() \; title:load(fontSettings) \; local fontSettings2 = ofTrueTypeFontSettings(fontPath \, 10) \; smalltext = ofTrueTypeFont() \; smalltext:load(fontSettings2) \;;
#X obj 247 162 r volume1;
#X obj 251 249 r volume2;
#X obj 248 327 r volume3;
#X obj 252 410 r volume4;
#X obj 247 490 r volume5;
#X obj 249 576 r volume6;
#X msg 452 1337 read -c src/functions.lua;
#X msg 497 1392 read -c src/workspace.lua;
#X msg 491 1455 read -c src/main.lua;
#X msg 176 750 setPosition 30 100 \, setSize 1280 960 \, create;
#X text 134 1530 comment;
#X msg 29 93 \; pd dsp 1;
#X obj 1408 188 r frames1;
#X obj 1416 449 r frames4;
#X obj 1596 451 r frames5;
#X obj 1777 441 r frames6;
#X obj 1603 182 r frames2;
#X obj 1777 177 r frames3;
#X obj 294 190 r osc1;
#X obj 297 272 r osc2;
#X obj 302 352 r osc3;
#X obj 299 435 r osc4;
#X obj 294 513 r osc5;
#X obj 296 603 r osc6;
#X obj 112 742 dac~;
#X obj 572 690 rfft~;
#X obj 550 737 *~;
#X obj 582 737 *~;
#X obj 555 762 +~;
#X obj 546 798 sqrt~;
#X obj 556 830 /~ 512;
#N canvas 144 25 1296 777 fft-freqs 0;
#X obj 476 -4 bng 19 250 50 0 empty empty empty 0 -10 0 12 #fcfcfc #000000 #000000;
#X obj 500 24 samplerate~;
#X obj 500 72 osc~;
#X obj 500 96 *~ -0.5;
#X obj 500 120 +~ 0.5;
#N canvas 0 50 450 250 (subpatch) 0;
#X array hanning2 512 float 3;
#A 0 0 3.76403e-05 0.000150591 0.000338823 0.000602275 0.000940949 0.00135478 0.00184369 0.00240764 0.00304651 0.00376022 0.00454867 0.00541174 0.0063493 0.00736117 0.00844726 0.00960737 0.0108413 0.0121489 0.01353 0.0149844 0.0165118 0.018112 0.0197847 0.0215298 0.023347 0.0252359 0.0271963 0.029228 0.0313305 0.0335036 0.035747 0.0380602 0.0404431 0.0428951 0.045416 0.0480053 0.0506628 0.0533879 0.0561802 0.0590394 0.061965 0.0649565 0.0680136 0.0711357 0.0743224 0.0775732 0.0808876 0.0842652 0.0877053 0.0912076 0.0947714 0.0983962 0.102082 0.105827 0.109631 0.113495 0.117416 0.121396 0.125432 0.129524 0.133673 0.137876 0.142135 0.146447 0.150812 0.15523 0.159699 0.164221 0.168792 0.173414 0.178084 0.182803 0.18757 0.192384 0.197244 0.20215 0.207101 0.212096 0.217134 0.222215 0.227338 0.232501 0.237705 0.242949 0.248231 0.253551 0.258908 0.264302 0.269731 0.275194 0.280692 0.286222 0.291785 0.297379 0.303004 0.308658 0.314341 0.320052 0.325791 0.331555 0.337345 0.343159 0.348997 0.354858 0.36074 0.366644 0.372567 0.37851 0.384471 0.390449 0.396444 0.402455 0.40848 0.414519 0.420571 0.426635 0.43271 0.438795 0.444889 0.450991 0.457101 0.463218 0.46934 0.475466 0.481596 0.487729 0.493864 0.5 0.506136 0.512271 0.518404 0.524534 0.53066 0.536782 0.542899 0.549009 0.555111 0.561205 0.56729 0.573365 0.579429 0.585481 0.59152 0.597545 0.603556 0.609551 0.615529 0.62149 0.627433 0.633356 0.63926 0.645142 0.651003 0.656841 0.662655 0.668445 0.674209 0.679947 0.685659 0.691342 0.696996 0.702621 0.708215 0.713778 0.719308 0.724806 0.730269 0.735698 0.741092 0.746449 0.751769 0.757051 0.762295 0.767499 0.772663 0.777785 0.782866 0.787904 0.792899 0.79785 0.802756 0.807616 0.81243 0.817197 0.821916 0.826586 0.831208 0.835779 0.840301 0.84477 0.849188 0.853553 0.857865 0.862124 0.866327 0.870476 0.874568 0.878604 0.882584 0.886505 0.890369 0.894173 0.897918 0.901604 0.905229 0.908792 0.912295 0.915735 0.919112 0.922427 0.925678 0.928864 0.931986 0.935043 0.938035 0.940961 0.94382 0.946612 0.949337 0.951995 0.954584 0.957105 0.959557 0.96194 0.964253 0.966496 0.96867 0.970772 0.972804 0.974764 0.976653 0.97847 0.980215 0.981888 0.983488 0.985016 0.98647 0.987851 0.989159 0.990393 0.991553 0.992639 0.993651 0.994588 0.995451 0.99624 0.996953 0.997592 0.998156 0.998645 0.999059 0.999398 0.999661 0.999849 0.999962 1 0.999962 0.999849 0.999661 0.999398 0.999059 0.998645 0.998156 0.997592 0.996953 0.99624 0.995451 0.994588 0.993651 0.992639 0.991553 0.990393 0.989159 0.987851 0.98647 0.985016 0.983488 0.981888 0.980215 0.97847 0.976653 0.974764 0.972804 0.970772 0.96867 0.966496 0.964253 0.96194 0.959557 0.957105 0.954584 0.951995 0.949337 0.946612 0.94382 0.940961 0.938035 0.935043 0.931986 0.928864 0.925678 0.922427 0.919112 0.915735 0.912295 0.908792 0.905229 0.901604 0.897918 0.894173 0.890369 0.886505 0.882584 0.878604 0.874568 0.870476 0.866327 0.862124 0.857865 0.853553 0.849188 0.84477 0.840301 0.835779 0.831208 0.826586 0.821916 0.817197 0.81243 0.807616 0.802756 0.79785 0.792899 0.787904 0.782866 0.777785 0.772663 0.767499 0.762295 0.757051 0.751769 0.746449 0.741092 0.735698 0.730269 0.724806 0.719308 0.713778 0.708215 0.702621 0.696996 0.691342 0.685659 0.679947 0.674209 0.668445 0.662655 0.656841 0.651003 0.645142 0.63926 0.633356 0.627433 0.62149 0.615529 0.609551 0.603556 0.597545 0.59152 0.585481 0.579429 0.573365 0.56729 0.561205 0.555111 0.549009 0.542899 0.536782 0.53066 0.524534 0.518404 0.512271 0.506136 0.5 0.493864 0.487729 0.481596 0.475466 0.46934 0.463218 0.457101 0.450991 0.444889 0.438795 0.43271 0.426635 0.420571 0.414519 0.40848 0.402455 0.396444 0.390449 0.384471 0.37851 0.372567 0.366644 0.36074 0.354858 0.348997 0.343159 0.337345 0.331555 0.325791 0.320052 0.314341 0.308658 0.303004 0.297379 0.291785 0.286222 0.280692 0.275194 0.269731 0.264302 0.258908 0.253551 0.248231 0.242949 0.237705 0.232501 0.227338 0.222215 0.217134 0.212096 0.207101 0.20215 0.197244 0.192384 0.18757 0.182803 0.178084 0.173414 0.168792 0.164221 0.159699 0.15523 0.150812 0.146447 0.142135 0.137876 0.133673 0.129524 0.125432 0.121396 0.117416 0.113495 0.109631 0.105827 0.102082 0.0983962 0.0947714 0.0912076 0.0877053 0.0842652 0.0808876 0.0775732 0.0743224 0.0711357 0.0680136 0.0649565 0.061965 0.0590394 0.0561802 0.0533879 0.0506628 0.0480053 0.045416 0.0428951 0.0404431 0.0380602 0.035747 0.0335036 0.0313305 0.029228 0.0271963 0.0252359 0.023347 0.0215298 0.0197847 0.018112 0.0165118 0.0149844 0.01353 0.0121489 0.0108413 0.00960737 0.00844726 0.00736117 0.0063493 0.00541174 0.00454867 0.00376022 0.00304651 0.00240764 0.00184369 0.00135478 0.000940949 0.000602275 0.000338823 0.000150591 3.76403e-05;
#X coords 0 1 512 0 114 80 1 0 0;
#X restore 627 73 graph;
#X msg 606 18 0;
#X obj 108 195 rfft~;
#X obj 166 138 *~;
#X obj 187 97 tabreceive~ hanning;
#X obj 98 1021 outlet~;
#X obj 151 -15 inlet~;
#X obj 217 302 *~;
#X obj 252 304 *~;
#X obj 224 345 +~;
#X obj 223 373 sqrt~;
#X obj 500 48 / 512;
#X floatatom 402 76 5 0 0 0 - - - 0;
#X obj 247 411 /~ 512;
#X obj 289 503 outlet~;
#X obj 481 147 tabwrite~ hanning2;
#X obj 285 3 block~ 512 4;
#N canvas 0 22 450 278 (subpatch) 0;
#X array freq 256 float 3;
#A 0 0 0 0 0 0 0 0 0 0 0 0 0 0 0 0 0 0 0 0 0 0 0 0 0 0 0 0 0 0 0 0 0 0 0 0 0 0 0 0 0 0 0 0 0 0 0 0 0 0 0 0 0 0 0 0 0 0 0 0 0 0 0 0 0 0 0 0 0 0 0 0 0 0 0 0 0 0 0 0 0 0 0 0 0 0 0 0 0 0 0 0 0 0 0 0 0 0 0 0 0 0 0 0 0 0 0 0 0 0 0 0 0 0 0 0 0 0 0 0 0 0 0 0 0 0 0 0 0 0 0 0 0 0 0 0 0 0 0 0 0 0 0 0 0 0 0 0 0 0 0 0 0 0 0 0 0 0 0 0 0 0 0 0 0 0 0 0 0 0 0 0 0 0 0 0 0 0 0 0 0 0 0 0 0 0 0 0 0 0 0 0 0 0 0 0 0 0 0 0 0 0 0 0 0 0 0 0 0 0 0 0 0 0 0 0 0 0 0 0 0 0 0 0 0 0 0 0 0 0 0 0 0 0 0 0 0 0 0 0 0 0 0 0 0 0 0 0 0 0 0 0 0 0 0 0 0;
#X coords 0 1 256 -1 200 140 1;
#X restore 470 320 graph;
#X obj 337 553 tabwrite~ freq;
#X obj 510 487 tgl 19 0 empty empty empty 0 -10 0 12 #fcfcfc #000000 #000000 0 1;
#X obj 508 559 ofelia f \; return drawFreq() \;;
#X f 36;
#X obj 469 511 metro 50;
#X obj 430 466 loadbang;
#X obj 388 429 r spectreOn;
#X connect 0 0 1 0;
#X connect 0 0 6 0;
#X connect 0 0 20 0;
#X connect 1 0 16 0;
#X connect 1 0 17 0;
#X connect 2 0 3 0;
#X connect 3 0 4 0;
#X connect 4 0 20 0;
#X connect 6 0 2 1;
#X connect 7 0 12 1;
#X connect 7 0 12 0;
#X connect 7 1 13 1;
#X connect 7 1 13 0;
#X connect 8 0 7 0;
#X connect 9 0 8 1;
#X connect 11 0 8 0;
#X connect 12 0 14 0;
#X connect 13 0 14 1;
#X connect 14 0 15 0;
#X connect 15 0 18 0;
#X connect 16 0 2 0;
#X connect 18 0 19 0;
#X connect 18 0 23 0;
#X connect 24 0 26 0;
#X connect 26 0 23 0;
#X connect 26 0 25 0;
#X connect 27 0 26 0;
#X connect 28 0 24 0;
#X restore 52 764 pd fft-freqs;
#X obj 150 223 noise;
#X obj 150 300 noise;
#X obj 147 377 noise;
#X obj 151 462 noise;
#X obj 146 541 noise;
#X obj 148 630 noise;
#X obj 10 667 expr~ $v1*1.0+$v2*1.0+$v3*1.0+$v4*1.0+$v5*1.0+$v6*1.0;
#X obj 448 1302 ofelia;
#X obj 204 1217 t b b b b;
#X msg 424 1272 read -c src/mouseHighlight.lua;
#X connect 2 0 171 0;
#X connect 5 0 6 0;
#X connect 6 0 41 0;
#X connect 7 0 82 0;
#X connect 8 0 12 0;
#X connect 9 0 10 0;
#X connect 10 0 11 0;
#X connect 11 0 9 1;
#X connect 11 0 7 0;
#X connect 12 0 9 0;
#X connect 13 0 194 1;
#X connect 14 0 39 0;
#X connect 14 0 65 0;
#X connect 14 0 173 0;
#X connect 16 0 194 0;
#X connect 17 0 27 0;
#X connect 18 0 195 1;
#X connect 20 0 196 1;
#X connect 22 0 197 1;
#X connect 24 0 198 1;
#X connect 26 0 199 1;
#X connect 28 0 195 0;
#X connect 29 0 196 0;
#X connect 30 0 197 0;
#X connect 31 0 198 0;
#X connect 32 0 199 0;
#X connect 33 0 16 0;
#X connect 34 0 28 0;
#X connect 35 0 29 0;
#X connect 36 0 30 0;
#X connect 37 0 31 0;
#X connect 38 0 32 0;
#X connect 40 0 39 0;
#X connect 41 0 45 0;
#X connect 42 0 43 0;
#X connect 43 0 46 0;
#X connect 46 0 44 0;
#X connect 47 0 48 0;
#X connect 48 0 49 0;
#X connect 49 0 50 0;
#X connect 51 0 52 0;
#X connect 52 0 53 0;
#X connect 53 0 54 0;
#X connect 55 0 56 0;
#X connect 56 0 57 0;
#X connect 57 0 62 0;
#X connect 58 0 59 0;
#X connect 59 0 61 0;
#X connect 61 0 60 0;
#X connect 63 0 64 0;
#X connect 65 0 66 0;
#X connect 67 0 5 0;
#X connect 68 0 55 0;
#X connect 69 0 42 0;
#X connect 70 0 58 0;
#X connect 71 0 47 0;
#X connect 71 0 51 0;
#X connect 72 0 8 0;
#X connect 73 0 74 0;
#X connect 74 0 161 0;
#X connect 76 0 153 0;
#X connect 81 0 80 0;
#X connect 81 0 12 1;
#X connect 83 0 93 0;
#X connect 84 0 88 0;
#X connect 85 0 86 0;
#X connect 86 0 87 0;
#X connect 87 0 85 1;
#X connect 87 0 83 0;
#X connect 88 0 85 0;
#X connect 89 0 84 0;
#X connect 92 0 91 0;
#X connect 92 0 88 1;
#X connect 94 0 102 0;
#X connect 95 0 99 0;
#X connect 96 0 97 0;
#X connect 97 0 98 0;
#X connect 98 0 96 1;
#X connect 98 0 94 0;
#X connect 99 0 96 0;
#X connect 100 0 95 0;
#X connect 103 0 101 0;
#X connect 103 0 99 1;
#X connect 104 0 121 0;
#X connect 105 0 109 0;
#X connect 106 0 107 0;
#X connect 107 0 108 0;
#X connect 108 0 106 1;
#X connect 108 0 104 0;
#X connect 109 0 106 0;
#X connect 110 0 105 0;
#X connect 112 0 123 0;
#X connect 113 0 117 0;
#X connect 114 0 115 0;
#X connect 115 0 116 0;
#X connect 116 0 114 1;
#X connect 116 0 112 0;
#X connect 117 0 114 0;
#X connect 118 0 113 0;
#X connect 120 0 111 0;
#X connect 120 0 109 1;
#X connect 122 0 119 0;
#X connect 122 0 117 1;
#X connect 124 0 133 0;
#X connect 125 0 129 0;
#X connect 126 0 127 0;
#X connect 127 0 128 0;
#X connect 128 0 126 1;
#X connect 128 0 124 0;
#X connect 129 0 126 0;
#X connect 130 0 125 0;
#X connect 132 0 131 0;
#X connect 132 0 129 1;
#X connect 134 0 154 0;
#X connect 135 0 154 0;
#X connect 136 0 153 0;
#X connect 137 0 6 1;
#X connect 138 0 43 1;
#X connect 139 0 48 1;
#X connect 140 0 52 1;
#X connect 141 0 56 1;
#X connect 142 0 59 1;
#X connect 143 0 146 0;
#X connect 144 0 145 0;
#X connect 147 0 60 0;
#X connect 148 0 62 0;
#X connect 149 0 45 0;
#X connect 150 0 44 0;
#X connect 151 0 50 0;
#X connect 152 0 54 0;
#X connect 156 0 158 0;
#X connect 158 0 202 0;
#X connect 162 0 13 0;
#X connect 163 0 18 0;
#X connect 164 0 20 0;
#X connect 165 0 22 0;
#X connect 166 0 24 0;
#X connect 167 0 26 0;
#X connect 168 0 160 0;
#X connect 169 0 157 0;
#X connect 170 0 159 0;
#X connect 171 0 1 0;
#X connect 174 0 11 1;
#X connect 175 0 108 1;
#X connect 176 0 116 1;
#X connect 177 0 128 1;
#X connect 178 0 87 1;
#X connect 179 0 98 1;
#X connect 180 0 194 2;
#X connect 181 0 195 2;
#X connect 182 0 196 2;
#X connect 183 0 197 2;
#X connect 184 0 198 2;
#X connect 185 0 199 2;
#X connect 187 0 188 1;
#X connect 187 0 188 0;
#X connect 187 1 189 0;
#X connect 187 1 189 1;
#X connect 188 0 190 0;
#X connect 189 0 190 1;
#X connect 190 0 191 0;
#X connect 191 0 192 0;
#X connect 194 0 200 0;
#X connect 195 0 200 1;
#X connect 196 0 200 2;
#X connect 197 0 200 3;
#X connect 198 0 200 4;
#X connect 199 0 200 5;
#X connect 200 0 186 0;
#X connect 200 0 186 1;
#X connect 200 0 193 0;
#X connect 202 0 170 0;
#X connect 202 1 169 0;
#X connect 202 2 168 0;
#X connect 202 3 203 0;
#X connect 203 0 201 0;
#N canvas -157 -30 2560 1420 12;
#N canvas 82 35 1097 779 fft 0;
#X obj 864 31 bng 19 250 50 0 empty empty empty 0 -10 0 12 #fcfcfc #000000 #000000;
#X obj 888 59 samplerate~;
#X obj 888 107 osc~;
#X obj 888 131 *~ -0.5;
#X obj 888 155 +~ 0.5;
#X obj 869 182 tabwrite~ hanning;
#N canvas 0 50 450 250 (subpatch) 0;
#X array hanning 512 float 3;
#A 0 0 3.76403e-05 0.000150591 0.000338823 0.000602275 0.000940949 0.00135478 0.00184369 0.00240764 0.00304651 0.00376022 0.00454867 0.00541174 0.0063493 0.00736117 0.00844726 0.00960737 0.0108413 0.0121489 0.01353 0.0149844 0.0165118 0.018112 0.0197847 0.0215298 0.023347 0.0252359 0.0271963 0.029228 0.0313305 0.0335036 0.035747 0.0380602 0.0404431 0.0428951 0.045416 0.0480053 0.0506628 0.0533879 0.0561802 0.0590394 0.061965 0.0649565 0.0680136 0.0711357 0.0743224 0.0775732 0.0808876 0.0842652 0.0877053 0.0912076 0.0947714 0.0983962 0.102082 0.105827 0.109631 0.113495 0.117416 0.121396 0.125432 0.129524 0.133673 0.137876 0.142135 0.146447 0.150812 0.15523 0.159699 0.164221 0.168792 0.173414 0.178084 0.182803 0.18757 0.192384 0.197244 0.20215 0.207101 0.212096 0.217134 0.222215 0.227338 0.232501 0.237705 0.242949 0.248231 0.253551 0.258908 0.264302 0.269731 0.275194 0.280692 0.286222 0.291785 0.297379 0.303004 0.308658 0.314341 0.320052 0.325791 0.331555 0.337345 0.343159 0.348997 0.354858 0.36074 0.366644 0.372567 0.37851 0.384471 0.390449 0.396444 0.402455 0.40848 0.414519 0.420571 0.426635 0.43271 0.438795 0.444889 0.450991 0.457101 0.463218 0.46934 0.475466 0.481596 0.487729 0.493864 0.5 0.506136 0.512271 0.518404 0.524534 0.53066 0.536782 0.542899 0.549009 0.555111 0.561205 0.56729 0.573365 0.579429 0.585481 0.59152 0.597545 0.603556 0.609551 0.615529 0.62149 0.627433 0.633356 0.63926 0.645142 0.651003 0.656841 0.662655 0.668445 0.674209 0.679947 0.685659 0.691342 0.696996 0.702621 0.708215 0.713778 0.719308 0.724806 0.730269 0.735698 0.741092 0.746449 0.751769 0.757051 0.762295 0.767499 0.772663 0.777785 0.782866 0.787904 0.792899 0.79785 0.802756 0.807616 0.81243 0.817197 0.821916 0.826586 0.831208 0.835779 0.840301 0.84477 0.849188 0.853553 0.857865 0.862124 0.866327 0.870476 0.874568 0.878604 0.882584 0.886505 0.890369 0.894173 0.897918 0.901604 0.905229 0.908792 0.912295 0.915735 0.919112 0.922427 0.925678 0.928864 0.931986 0.935043 0.938035 0.940961 0.94382 0.946612 0.949337 0.951995 0.954584 0.957105 0.959557 0.96194 0.964253 0.966496 0.96867 0.970772 0.972804 0.974764 0.976653 0.97847 0.980215 0.981888 0.983488 0.985016 0.98647 0.987851 0.989159 0.990393 0.991553 0.992639 0.993651 0.994588 0.995451 0.99624 0.996953 0.997592 0.998156 0.998645 0.999059 0.999398 0.999661 0.999849 0.999962 1 0.999962 0.999849 0.999661 0.999398 0.999059 0.998645 0.998156 0.997592 0.996953 0.99624 0.995451 0.994588 0.993651 0.992639 0.991553 0.990393 0.989159 0.987851 0.98647 0.985016 0.983488 0.981888 0.980215 0.97847 0.976653 0.974764 0.972804 0.970772 0.96867 0.966496 0.964253 0.96194 0.959557 0.957105 0.954584 0.951995 0.949337 0.946612 0.94382 0.940961 0.938035 0.935043 0.931986 0.928864 0.925678 0.922427 0.919112 0.915735 0.912295 0.908792 0.905229 0.901604 0.897918 0.894173 0.890369 0.886505 0.882584 0.878604 0.874568 0.870476 0.866327 0.862124 0.857865 0.853553 0.849188 0.84477 0.840301 0.835779 0.831208 0.826586 0.821916 0.817197 0.81243 0.807616 0.802756 0.79785 0.792899 0.787904 0.782866 0.777785 0.772663 0.767499 0.762295 0.757051 0.751769 0.746449 0.741092 0.735698 0.730269 0.724806 0.719308 0.713778 0.708215 0.702621 0.696996 0.691342 0.685659 0.679947 0.674209 0.668445 0.662655 0.656841 0.651003 0.645142 0.63926 0.633356 0.627433 0.62149 0.615529 0.609551 0.603556 0.597545 0.59152 0.585481 0.579429 0.573365 0.56729 0.561205 0.555111 0.549009 0.542899 0.536782 0.53066 0.524534 0.518404 0.512271 0.506136 0.5 0.493864 0.487729 0.481596 0.475466 0.46934 0.463218 0.457101 0.450991 0.444889 0.438795 0.43271 0.426635 0.420571 0.414519 0.40848 0.402455 0.396444 0.390449 0.384471 0.37851 0.372567 0.366644 0.36074 0.354858 0.348997 0.343159 0.337345 0.331555 0.325791 0.320052 0.314341 0.308658 0.303004 0.297379 0.291785 0.286222 0.280692 0.275194 0.269731 0.264302 0.258908 0.253551 0.248231 0.242949 0.237705 0.232501 0.227338 0.222215 0.217134 0.212096 0.207101 0.20215 0.197244 0.192384 0.18757 0.182803 0.178084 0.173414 0.168792 0.164221 0.159699 0.15523 0.150812 0.146447 0.142135 0.137876 0.133673 0.129524 0.125432 0.121396 0.117416 0.113495 0.109631 0.105827 0.102082 0.0983962 0.0947714 0.0912076 0.0877053 0.0842652 0.0808876 0.0775732 0.0743224 0.0711357 0.0680136 0.0649565 0.061965 0.0590394 0.0561802 0.0533879 0.0506628 0.0480053 0.045416 0.0428951 0.0404431 0.0380602 0.035747 0.0335036 0.0313305 0.029228 0.0271963 0.0252359 0.023347 0.0215298 0.0197847 0.018112 0.0165118 0.0149844 0.01353 0.0121489 0.0108413 0.00960737 0.00844726 0.00736117 0.0063493 0.00541174 0.00454867 0.00376022 0.00304651 0.00240764 0.00184369 0.00135478 0.000940949 0.000602275 0.000338823 0.000150591 3.76403e-05;
#X coords 0 1 512 0 114 80 1 0 0;
#X restore 1015 108 graph;
#X msg 994 53 0;
#X obj 108 195 rfft~;
#X obj 166 138 *~;
#X obj 187 97 tabreceive~ hanning;
#X obj 102 766 rifft~;
#X obj 128 944 *~;
#X obj 154 898 tabreceive~ hanning;
#X obj 98 1021 outlet~;
#X obj 151 -15 inlet~;
#X obj 217 302 *~;
#X obj 252 304 *~;
#X obj 224 345 +~;
#X obj 223 373 sqrt~;
#X obj 400 452 tabwrite~ arr5;
#X obj 395 397 r metr;
#N canvas 0 50 450 250 (subpatch) 0;
#X array arr5 256 float 1;
#A 0 0.00532999 0.0120786 0.00868191 0.00629455 0.00876355 0.00688757 0.00624906 0.00553089 0.0180327 0.0203971 0.00808881 0.00251946 0.0178236 0.0272588 0.0177632 0.0083325 0.00396981 0.00972077 0.0183392 0.0268699 0.0321988 0.00204979 0.00948906 0.0131022 0.0212839 0.0190437 0.0319876 0.0202334 0.00363839 0.0135244 0.0251225 0.0213809 0.0161906 0.0273855 0.0334251 0.0272512 0.0176367 0.0140519 0.0146612 0.00981609 0.0203024 0.020889 0.0202017 0.0230946 0.00804005 0.0137614 0.0154496 0.0090439 0.00575163 0.0117326 0.00950912 0.0173591 0.0177302 0.0222466 0.0149309 0.0118412 0.0150743 0.00940058 0.00797548 0.00185322 0.0174207 0.0182763 0.0105872 0.00125558 0.00152243 0.0127359 0.0141651 0.00769633 0.0122651 0.0267942 0.0281065 0.0208939 0.01847 0.00861665 0.0130785 0.0154179 0.0133888 0.0163096 0.0156734 0.00408536 0.00928779 0.0131723 0.0132724 0.00624709 0.00749275 0.00977711 0.00688046 0.00978091 0.013459 0.0181206 0.010909 0.00443139 0.0112851 0.0182652 0.0134858 0.0123703 0.0216681 0.0198463 0.00254323 0.0115744 0.0146128 0.0134832 0.0151151 0.0127447 0.00379186 0.00722305 0.011114 0.00842233 0.0155387 0.00628714 0.00400249 0.017538 0.0213076 0.0129668 0.00597336 0.0170266 0.0235208 0.0288123 0.0182123 0.00494658 0.0126188 0.0169735 0.0134821 0.00498356 0.00836912 0.0189717 0.00992906 0.0099074 0.00258898 0.010192 0.00211651 0.0114771 0.00799902 0.00899625 0.00958226 0.0105687 0.0166689 0.00373069 0.0163459 0.0137397 0.00167639 0.0128177 0.0258596 0.0374131 0.033422 0.0183908 0.0178441 0.011991 0.00688592 0.0148618 0.0152779 0.00420565 0.0283233 0.0359076 0.0182174 0.0120977 0.0183614 0.0197088 0.0171252 0.0170599 0.0202982 0.00756258 0.00883964 0.012537 0.007789 0.0188171 0.018322 0.0159019 0.0102308 0.0173538 0.0290038 0.0348049 0.0192203 0.0112304 0.0218365 0.0176559 0.0192036 0.0200451 0.0219477 0.01804 0.0163627 0.0150385 0.00322997 0.00765589 0.0108397 0.0247148 0.0274473 0.0164865 0.0107446 0.0271663 0.0340762 0.0222775 0.00814257 0.00228078 0.00953637 0.0209254 0.0204516 0.00650667 0.0141549 0.0117889 0.00827669 0.01487 0.0188527 0.0128939 0.0189745 0.00568773 0.0196242 0.0250516 0.0169457 0.00366956 0.0104301 0.011268 0.0207315 0.028244 0.0173508 0.00971112 0.0169741 0.0160186 0.0105295 0.0104453 0.0122455 0.013449 0.0333408 0.0243951 0.0200599 0.00841746 0.0165596 0.0121078 0.00728047 0.0111987 0.011983 0.00954829 0.0054373 0.0108205 0.0100638 0.00973505 0.00813846 0.00957877 0.0128206 0.0194424 0.0228911 0.0166311 0.0104996 0.0288743 0.0210128 0.00585061 0.0263213 0.0188636 0.00880271 0.00523978 0.0045605 0.0263326 0.0292784 0.00898521 0.0139542 0.0188854 ;
#X coords 0 0.2 255 0 200 140 1 0 0;
#X restore 776 550 graph;
#X obj 409 128 tabwrite~ arr1;
#X obj 408 298 tabwrite~ arr2;
#N canvas 0 50 450 250 (subpatch) 0;
#X array arr2 64 float 1;
#A 0 2.72896 -4.10853 4.44406 0.558932 -4.37223 3.10289 -2.3591 -2.79441 7.92967 -2.28459 -0.838609 -1.28831 4.48303 -8.97855 4.93829 1.66167 -1.91206 0.90133 2.35386 -13.7551 15.2997 -0.0971976 -4.76882 0.0700575 1.16775 5.93463 -15.6767 9.70482 0.0387615 4.31963 -11.9884 10.8043 -5.69407 7.43152 -14.3242 13.9524 -5.30502 -1.35505 1.48443 3.54956 -10.3644 10.6685 -10.311 11.6891 -3.70546 -3.75244 3.27822 -2.08633 -1.03137 5.25688 -4.34319 2.67499 -5.65499 8.38415 -5.72213 2.18435 0.116008 -2.6076 3.0003 0.0447511 -5.16117 7.72242 -5.17867 0.256089;
#X coords 0 512 64 -512 224 165 1 0 0;
#X restore 1389 309 graph;
#N canvas 0 50 450 250 (subpatch) 0;
#X array arr1 512 float 3;
#A 0 0 -1.48191e-05 2.25887e-05 0.000140601 1.57458e-05 -2.49945e-05 -0.000456142 0.000134702 0.00174617 0.00250981 -0.00231798 0.00150843 0.00200632 -0.00470969 0.00156995 0.0054003 0.00258587 -0.00721036 0.0023709 -0.00692462 0.00702495 0.0060524 0.0106884 0.0190088 -0.0088737 -0.00660559 -0.0137403 -0.00607337 0.00415893 0.0030878 0.0242295 0.0300147 -0.0238137 -0.0255555 0.0333548 -0.0325022 -0.0201504 0.0417834 0.0285075 -0.0548704 -0.00361589 0.000383432 -0.0638882 -0.0140259 -0.0114562 -0.00104926 0.0338344 0.0569891 -0.0245607 -0.0728175 0.0701737 0.0268097 -0.064757 -0.0415364 -0.0173926 -0.107285 -0.0308482 -0.0331635 0.106328 0.0532952 0.0491752 -0.0363817 -0.050944 0.079205 0.0233582 -0.101242 0.142439 0.0141051 -0.0640218 0.00705306 0.123296 0.14973 0.142836 0.000476331 -0.0541752 0.165098 0.112873 -0.153872 0.0974694 -0.0334387 -0.113348 -0.1003 -0.0361965 -0.135458 0.0283066 0.165294 -0.189955 -0.131471 0.211033 -0.232641 0.0285038 -0.190265 -0.273628 -0.107651 0.28299 -0.259361 0.104165 0.219714 0.0149135 0.0530518 0.154973 -0.308493 -0.198707 -0.310115 -0.229004 0.188964 0.170848 -0.261807 0.144032 -0.371945 -0.386539 0.0593052 -0.315977 0.29126 -0.042897 -0.308739 0.0615608 0.0198289 -0.411503 0.42671 -0.0450192 0.314421 -0.409865 -0.326468 0.469225 0.370437 0.201467 -0.155112 0.254904 0.349172 -0.183835 0.437446 0.264156 -0.309429 -0.0588352 -0.314267 -0.131652 -0.399137 0.132301 -0.561325 -0.483347 -0.420954 0.476644 -0.176709 0.289791 0.509018 -0.364184 0.077626 0.482761 0.121634 -0.31899 0.00519781 0.0870455 -0.599215 -0.074061 -0.525092 -0.628442 0.0695397 -0.175806 -0.501314 -0.49911 0.357115 -0.577705 -0.37731 0.0501623 0.357375 -0.474102 -0.47038 0.0732361 -0.0111598 0.0031777 -0.140852 0.559729 -0.0451848 0.459267 0.453514 0.701377 0.125837 0.661013 0.274899 -0.506207 -0.344438 0.629808 -0.629534 0.4938 -0.802586 0.327614 -0.110016 0.0956744 0.499027 0.560325 0.831166 -0.64547 -0.534142 0.114753 -0.546657 -0.418697 -0.186921 -0.866299 0.442703 0.420436 0.308646 0.668914 -0.413403 0.882804 0.900871 -0.827511 0.814302 0.0611855 0.805227 0.629387 0.244018 -0.685388 0.594581 -0.804867 -0.754132 0.385557 -0.72608 0.585987 0.114392 -0.949783 -0.761473 0.866342 -0.0944033 -0.953712 0.47808 -0.0157956 -0.111358 -0.775317 0.725858 0.118237 0.433851 0.964685 0.0755162 -0.546146 0.0268798 -0.267978 0.39244 -0.974218 0.696481 -0.41429 -0.792883 -0.586455 0.211425 -0.180914 -0.143422 0.79805 0.50531 0.651377 0.411275 0.531162 0.801338 0.574612 0.889072 0.193624 -0.87665 -0.826073 -0.92133 0.205974 0.351192 -0.530828 0.83662 -0.105525 0.76827 -0.263309 0.884349 -0.928581 -0.884186 0.832776 0.108875 -0.895315 0.106561 -0.9429 -0.648406 -0.497726 0.522963 0.379267 -0.309089 -0.00792641 -0.251456 0.426051 -0.704696 0.108634 0.728014 -0.306823 0.59673 0.246745 -0.260529 0.328471 0.323168 0.264841 0.0990332 0.640789 -0.454751 -0.416823 -0.883476 0.777475 0.457405 0.558266 0.586092 0.147501 0.0845784 0.063402 -0.745778 0.0615032 -0.438444 -0.527328 -0.405879 0.283546 0.528248 0.839072 -0.452457 0.761279 0.477396 -0.584895 0.695507 -0.713069 -0.568999 0.704071 0.692332 -0.757327 -0.440555 -0.2768 0.401899 -0.697333 0.214291 0.28424 0.750328 0.29262 0.479078 -0.801363 0.332774 -0.363838 0.241164 0.514051 0.0261564 0.187355 -0.0494097 -0.2636 -0.294863 0.725273 -0.733269 -0.0992969 0.250403 -0.717704 0.664779 0.128274 -0.159182 -0.0591082 0.0225471 -0.278006 -0.389662 0.0617351 -0.190052 -0.088769 0.546684 -0.469208 0.337175 -0.345824 -0.0634588 0.279398 0.578008 -0.458194 0.191202 0.524793 0.436328 -0.258637 0.439312 -0.495559 0.476391 0.399947 -0.550017 -0.190815 -0.308849 -0.558802 0.481591 0.0187425 -0.489892 0.330694 0.283711 0.39056 -0.185142 0.176651 0.363127 -0.0636436 0.134611 0.168073 0.210651 -0.274869 -0.12439 0.0811217 -0.174277 -0.382067 -0.381692 0.166771 0.058587 -0.0376897 -0.308514 -0.180279 -0.26228 0.184366 0.134112 0.381078 0.0769992 -0.07813 0.127467 0.211502 -0.1202 0.351077 -0.0649864 0.215547 -0.0340709 0.17061 -0.281087 0.244764 -0.0872282 -0.288736 0.103443 0.170804 0.202459 -0.0318515 -0.169207 -0.0893548 -0.0950858 0.163572 -0.255225 -0.178799 -0.0639315 0.14511 -0.014782 -0.151782 0.00215229 -0.0656133 0.161927 -0.209598 -0.124743 0.139228 0.0286454 0.156076 -0.127261 0.181275 -0.0410088 0.0328993 0.11946 0.0129286 -0.0837073 0.0916881 -0.0690654 0.0390071 -0.122204 0.0048671 0.122468 -0.123036 0.119962 -0.0970446 -0.049938 0.105869 0.0253957 0.10555 0.0981868 0.0740776 0.0648165 -0.0320572 0.0673993 0.0431537 0.019307 -0.0568606 0.072753 -0.0210405 -0.0458551 -0.00428162 0.025883 -0.0506212 -0.0181817 -0.0385783 -0.0102962 0.0138543 -0.0172728 -0.0193416 -0.0298469 0.00303377 -0.00428936 0.00683366 0.0137942 -0.0216996 -0.00343901 -0.000566165 0.0230274 0.00422344 0.00999623 0.00840982 -0.00611751 0.00344519 -0.00722893 -0.00977147 -0.00302612 0.0046291 -0.00821033 0.00160659 -0.00457241 0.00103687 0.00156825 0.000646215 -0.00139759 0.00130915 0.000451085 -0.000179192 1.92561e-06 -2.55701e-06 0.000179458 -9.53796e-05 -1.19241e-06;
#X coords 0 1 512 -1 200 140 1;
#X restore 1144 313 graph;
#N canvas 0 50 450 250 (subpatch) 0;
#X array arr3 512 float 3;
#A 0 0 0 0 0 0 0 0 0 0 0 0 0 0 0 0 0 0 0 0 0 0 0 0 0 0 0 0 0 0 0 0 0 0 0 0 0 0 0 0 0 0 0 0 0 0 0 0 0 0 0 0 0 0 0 0 0 0 0 0 0 0 0 0 0 0 0 0 0 0 0 0 0 0 0 0 0 0 0 0 0 0 0 0 0 0 0 0 0 0 0 0 0 0 0 0 0 0 0 0 0 0 0 0 0 0 0 0 0 0 0 0 0 0 0 0 0 0 0 0 0 0 0 0 0 0 0 0 0 0 0 0 0 0 0 0 0 0 0 0 0 0 0 0 0 0 0 0 0 0 0 0 0 0 0 0 0 0 0 0 0 0 0 0 0 0 0 0 0 0 0 0 0 0 0 0 0 0 0 0 0 0 0 0 0 0 0 0 0 0 0 0 0 0 0 0 0 0 0 0 0 0 0 0 0 0 0 0 0 0 0 0 0 0 0 0 0 0 0 0 0 0 0 0 0 0 0 0 0 0 0 0 0 0 0 0 0 0 0 0 0 0 0 0 0 0 0 0 0 0 0 0 0 0 0 0 0 0 0 0 0 0 0 0 0 0 0 0 0 0 0 0 0 0 0 0 0 0 0 0 0 0 0 0 0 0 0 0 0 0 0 0 0 0 0 0 0 0 0 0 0 0 0 0 0 0 0 0 0 0 0 0 0 0 0 0 0 0 0 0 0 0 0 0 0 0 0 0 0 0 0 0 0 0 0 0 0 0 0 0 0 0 0 0 0 0 0 0 0 0 0 0 0 0 0 0 0 0 0 0 0 0 0 0 0 0 0 0 0 0 0 0 0 0 0 0 0 0 0 0 0 0 0 0 0 0 0 0 0 0 0 0 0 0 0 0 0 0 0 0 0 0 0 0 0 0 0 0 0 0 0 0 0 0 0 0 0 0 0 0 0 0 0 0 0 0 0 0 0 0 0 0 0 0 0 0 0 0 0 0 0 0 0 0 0 0 0 0 0 0 0 0 0 0 0 0 0 0 0 0 0 0 0 0 0 0 0 0 0 0 0 0 0 0 0 0 0 0 0 0 0 0 0 0 0 0 0 0 0 0 0 0 0 0 0 0 0 0 0 0 0 0 0 0 0 0 0 0 0 0 0 0 0;
#X coords 0 1 512 -1 200 140 1 0 0;
#X restore 1572 550 graph;
#N canvas 0 50 450 250 (subpatch) 0;
#X array arr4 64 float 1;
#A 0 0 4.62219 -0.0979667 -3.17397 1.00808 1.67565 -2.16138 0.458715 4.72902 -10.1904 4.05568 -0.0653421 7.94863 -10.685 7.63726 -3.92933 0.689397 4.89474 -9.08983 -0.249736 6.14012 -1.04498 0.928661 -6.70794 10.8346 -7.7363 4.73996 -3.62432 -1.86245 5.41199 -4.66129 1.76183 6.02449 -11.89 9.36448 0.071193 -7.30735 7.06581 -7.35829 3.55804 0.794747 0.754861 0.815656 -1.78411 1.79309 -5.96349 7.19893 -4.13383 2.75832 -2.90693 -2.20014 8.47576 -7.10132 7.71003 -5.06925 -5.65554 7.71715 -4.04554 2.76997 0.947793 -7.27446 5.28457 1.60155 -0.589646;
#X coords 0 512 63 -512 223 166 1 0 0;
#X restore 1323 526 graph;
#X obj 405 248 r metr;
#X obj 401 86 r metr;
#X obj 366 1010 tabwrite~ arr3;
#X obj 362 964 r metr;
#X obj 888 83 / 512;
#X obj 101 790 /~ 512;
#X floatatom 790 111 5 0 0 0 - - - 0;
#X obj 247 411 /~ 512;
#X obj 141 852 /~ 1;
#X obj 441 222 r metr;
#X obj 444 272 tabwrite~ arr4;
#X obj 21 335 *~;
#X obj 71 412 *~;
#X obj 125 417 *~;
#N canvas 0 50 450 250 (subpatch) 0;
#X array arr6 256 float 1;
#A 0 0 0 0 0 0 0 0 0 0 0 0 0 0 0 0 0 0 0 0 0 0 0 0 0 0 0 0 0 0 0 0 0 0 0 0 0 0 0 0 0 0 0 0 0 0 0 0 0 0 0 0 0 0 0 0 0 0 0 0 0 0 0 0 0 0 0 0 0 0 0 0 0 0 0 0 0 0 0 0 0 0 0 0 0 0 0 0 0 0 0 0 0 0 0 0 0 0 0 0 0 0 0 0 0 0 0 0 0 0 0 0 0 0 0 0 0 0 0 0 0 0 0 0 0 0 0 0 0 0 0 0 0 0 0 0 0 0 0 0 0 0 0 0 0 0 0 0 0 0 0 0 0 0 0 0 0 0 0 0 0 0 0 0 0 0 0 0 0 0 0 0 0 0 0 0 0 0 0 0 0 0 0 0 0 0 0 0 0 0 0 0 0 0 0 0 0 0 0 0 0 0 0 0 0 0 0 0 0 0 0 0 0 0 0 0 0 0 0 0 0 0 0 0 0 0 0 0 0 0 0 0 0 0 0 0 0 0 0 0 0 0 0 0 0 0 0 0 0 0 0 0 0 0 0 0 0;
#X coords 0 0.2 255 0 200 140 1 0 0;
#X restore 748 715 graph;
#X obj 265 527 *~;
#X obj 300 529 *~;
#X obj 272 570 +~;
#X obj 271 598 sqrt~;
#X obj 443 622 r metr;
#X obj 295 636 /~ 512;
#X obj 448 677 tabwrite~ arr6;
#X obj -28 264 tabreceive~ filter;
#X text 211 713 comment, f 21;
#X obj 4 369 /~ 5;
#X obj 231 -16 inlet;
#X obj 10 310 *~;
#X obj 673 38 block~ 512 4;
#X connect 0 0 1 0;
#X connect 0 0 5 0;
#X connect 0 0 7 0;
#X connect 1 0 33 0;
#X connect 1 0 35 0;
#X connect 2 0 3 0;
#X connect 3 0 4 0;
#X connect 4 0 5 0;
#X connect 7 0 2 1;
#X connect 8 0 16 1;
#X connect 8 0 16 0;
#X connect 8 0 24 0;
#X connect 8 0 41 0;
#X connect 8 1 17 1;
#X connect 8 1 17 0;
#X connect 8 1 39 0;
#X connect 8 1 42 0;
#X connect 9 0 8 0;
#X connect 9 0 23 0;
#X connect 10 0 9 1;
#X connect 11 0 34 0;
#X connect 12 0 14 0;
#X connect 12 0 31 0;
#X connect 13 0 12 1;
#X connect 15 0 9 0;
#X connect 16 0 18 0;
#X connect 17 0 18 1;
#X connect 18 0 19 0;
#X connect 19 0 36 0;
#X connect 33 0 2 0;
#X connect 34 0 37 0;
#X connect 36 0 20 0;
#X connect 37 0 12 0;
#X connect 41 0 11 0;
#X connect 41 0 44 1;
#X connect 41 0 44 0;
#X connect 42 0 11 1;
#X connect 42 0 45 1;
#X connect 42 0 45 0;
#X connect 44 0 46 0;
#X connect 45 0 46 1;
#X connect 46 0 47 0;
#X connect 47 0 49 0;
#X connect 49 0 50 0;
#X connect 51 0 55 0;
#X connect 51 0 55 1;
#X connect 51 0 53 0;
#X connect 53 0 42 1;
#X connect 53 0 41 1;
#X connect 54 0 51 0;
#X connect 55 0 40 0;
#X connect 55 0 40 1;
#X restore 275 592 pd fft;
#X floatatom 321 635 5 0 1 0 - - - 0;
#N canvas 0 50 450 250 (subpatch) 0;
#X array arr_in 100 float 3;
#A 0 0.122898 -0.384299 0.231233 -0.761915 -0.243592 0.794775 0.7395 -0.149578 -0.895996 0.884866 0.847724 -0.926097 -0.429392 0.421604 -0.536485 -0.880795 -0.117079 -0.994442 -0.363431 0.00413645 -0.894956 0.411616 0.3243 -0.0869927 -0.845892 0.198357 -0.342541 0.0560075 0.815893 -0.182575 -0.294234 0.0285809 -0.73954 -0.777094 0.743526 -0.3292 -0.942231 -0.0192956 -0.984738 -0.573258 0.69331 0.877913 0.00133638 -0.796139 0.583723 0.0321925 -0.816425 -0.267633 0.592428 -0.498855 0.310895 0.424599 -0.954755 0.391689 -0.835073 -0.265602 -0.753977 0.469434 0.825644 0.0164861 -0.507738 0.268056 0.436981 0.885838 0.59074 -0.301328 -0.527537 -0.922943 0.873138 -0.840782 -0.499167 0.803751 0.711662 -0.856183 -0.548329 0.617907 0.534674 0.352163 0.381022 0.769266 0.34231 0.298887 -0.262979 -0.935304 0.72211 0.42294 -0.87448 -0.772427 -0.635359 -0.303038 -0.424293 -0.242853 -0.920877 0.736661 0.305738 -0.712075 -0.690948 0.410187 0.988358 0.449042;
#X coords 0 1 100 -1 200 140 1;
#X restore 20 470 graph;
#N canvas 0 50 450 250 (subpatch) 0;
#X array arr_out 100 float 3;
#A 0 0 0 0 0 0 0 0 0 0 0 0 0 0 0 0 0 0 0 0 0 0 0 0 0 0 0 0 0 0 0 0 0 0 0 0 0 0 0 0 0 0 0 0 0 0 0 0 0 0 0 0 0 0 0 0 0 0 0 0 0 0 0 0 0 0 0 0 0 0 0 0 0 0 0 0 0 0 0 0 0 0 0 0 0 0 0 0 0 0 0 0 0 0 0 0 0 0 0 0 0;
#X coords 0 1 100 -1 200 140 1;
#X restore 18 647 graph;
#X obj 448 603 r metr;
#X obj 450 634 tabwrite~ arr_in;
#X obj 454 680 r metr;
#X obj 20 23 bng 19 250 50 0 empty empty empty 0 -10 0 12 #fcfcfc #000000 #000000;
#X obj 22 56 metro 100;
#X obj 22 92 s metr;
#X obj 452 709 tabwrite~ arr_out;
#X obj 29 244 noise~;
#X obj 281 514 *~ 1;
#X obj 283 656 *~ 0;
#X obj 457 99 inlet;
#X obj 400 98 inlet;
#X obj 243 265 phasor~ 600;
#X floatatom 312 237 5 0 0 0 - - - 0;
#X obj 216 237 loadbang;
#X obj 27 342 *~ 1;
#X obj 243 294 expr~ $v1 > 0.5;
#X obj 506 102 inlet;
#X floatatom 303 362 5 0 0 0 - - - 0;
#X obj 270 388 *~ 1;
#X floatatom 46 313 5 0 0 0 - - - 0;
#X msg 280 238 100;
#X obj 283 704 outlet~;
#X obj 616 357 osc~;
#X obj 668 265 osc~;
#X floatatom 613 257 5 0 0 0 - - - 0;
#X floatatom 668 239 5 0 0 0 - - - 0;
#X floatatom 725 256 5 0 0 0 - - - 0;
#X obj 615 322 +~;
#X obj 617 413 *~ 1;
#X obj 706 292 *~;
#X floatatom 657 389 5 0 0 0 - - - 0;
#X msg 612 229 2234;
#X msg 670 212 142;
#X msg 728 216 8161;
#X obj 608 180 loadbang;
#X text 396 77 filter;
#X text 449 77 volume;
#X text 503 80 osc number;
#X obj 878 366 osc~;
#X obj 930 274 osc~;
#X floatatom 875 267 5 0 0 0 - - - 0;
#X floatatom 928 246 5 0 0 0 - - - 0;
#X floatatom 987 265 5 0 0 0 - - - 0;
#X obj 877 331 +~;
#X obj 879 422 *~ 1;
#X obj 968 301 *~;
#X floatatom 919 398 5 0 0 0 - - - 0;
#X obj 870 189 loadbang;
#X obj 304 335 == 33;
#X obj 920 371 == 3;
#X obj 47 286 == 1;
#X obj 656 364 == 2;
#X msg 932 221 120;
#X msg 874 238 1890;
#X msg 990 225 6666;
#X obj 1086 371 osc~;
#X obj 1138 279 osc~;
#X floatatom 1083 271 5 0 0 0 - - - 0;
#X floatatom 1138 253 5 0 0 0 - - - 0;
#X floatatom 1195 270 5 0 0 0 - - - 0;
#X obj 1085 336 +~;
#X obj 1087 427 *~ 1;
#X obj 1176 306 *~;
#X floatatom 1127 403 5 0 0 0 - - - 0;
#X obj 1078 194 loadbang;
#X msg 1082 243 782;
#X msg 1140 226 131;
#X msg 1198 230 9921;
#X obj 1128 376 == 4;
#X obj 1309 367 osc~;
#X obj 1361 275 osc~;
#X floatatom 1306 268 5 0 0 0 - - - 0;
#X floatatom 1361 249 5 0 0 0 - - - 0;
#X floatatom 1418 266 5 0 0 0 - - - 0;
#X obj 1308 332 +~;
#X obj 1310 423 *~ 1;
#X obj 1399 302 *~;
#X floatatom 1350 399 5 0 0 0 - - - 0;
#X obj 1301 190 loadbang;
#X msg 1305 239 2549;
#X msg 1421 226 8056;
#X msg 1363 222 144;
#X obj 1351 372 == 5;
#X obj 264 557 *~ 0.5;
#X connect 0 0 10 0;
#X connect 0 0 13 0;
#X connect 1 0 13 1;
#X connect 4 0 5 0;
#X connect 6 0 10 0;
#X connect 7 0 8 0;
#X connect 8 0 9 0;
#X connect 11 0 19 0;
#X connect 12 0 5 0;
#X connect 12 0 88 0;
#X connect 13 0 26 0;
#X connect 14 0 13 1;
#X connect 15 0 0 1;
#X connect 16 0 20 0;
#X connect 17 0 16 1;
#X connect 18 0 25 0;
#X connect 19 0 12 0;
#X connect 20 0 23 0;
#X connect 21 0 53 0;
#X connect 21 0 55 0;
#X connect 21 0 56 0;
#X connect 21 0 54 0;
#X connect 21 0 73 0;
#X connect 21 0 87 0;
#X connect 22 0 23 1;
#X connect 23 0 12 0;
#X connect 24 0 19 1;
#X connect 25 0 17 0;
#X connect 27 0 33 0;
#X connect 28 0 34 0;
#X connect 29 0 32 0;
#X connect 30 0 28 0;
#X connect 31 0 34 1;
#X connect 32 0 27 0;
#X connect 33 0 12 0;
#X connect 34 0 32 1;
#X connect 35 0 33 1;
#X connect 36 0 29 0;
#X connect 37 0 30 0;
#X connect 38 0 31 0;
#X connect 39 0 36 0;
#X connect 39 0 37 0;
#X connect 39 0 38 0;
#X connect 43 0 49 0;
#X connect 44 0 50 0;
#X connect 45 0 48 0;
#X connect 46 0 44 0;
#X connect 47 0 50 1;
#X connect 48 0 43 0;
#X connect 49 0 12 0;
#X connect 50 0 48 1;
#X connect 51 0 49 1;
#X connect 52 0 58 0;
#X connect 52 0 57 0;
#X connect 52 0 59 0;
#X connect 53 0 22 0;
#X connect 54 0 51 0;
#X connect 55 0 24 0;
#X connect 56 0 35 0;
#X connect 57 0 46 0;
#X connect 58 0 45 0;
#X connect 59 0 47 0;
#X connect 60 0 66 0;
#X connect 61 0 67 0;
#X connect 62 0 65 0;
#X connect 63 0 61 0;
#X connect 64 0 67 1;
#X connect 65 0 60 0;
#X connect 66 0 12 0;
#X connect 67 0 65 1;
#X connect 68 0 66 1;
#X connect 69 0 70 0;
#X connect 69 0 71 0;
#X connect 69 0 72 0;
#X connect 70 0 62 0;
#X connect 71 0 63 0;
#X connect 72 0 64 0;
#X connect 73 0 68 0;
#X connect 74 0 80 0;
#X connect 75 0 81 0;
#X connect 76 0 79 0;
#X connect 77 0 75 0;
#X connect 78 0 81 1;
#X connect 79 0 74 0;
#X connect 80 0 12 0;
#X connect 81 0 79 1;
#X connect 82 0 80 1;
#X connect 83 0 84 0;
#X connect 83 0 86 0;
#X connect 83 0 85 0;
#X connect 84 0 76 0;
#X connect 85 0 78 0;
#X connect 86 0 77 0;
#X connect 87 0 82 0;
#X connect 88 0 0 0;
#N canvas 321 23 601 544 10;
#X declare -path ofelia/abs;
#X obj 0 0 cnv 15 580 40 empty empty ofBackPressed 3 12 0 18 -204280
-1 0;
#X obj 0 341 cnv 3 580 3 empty empty inlets 8 12 0 13 -228856 -1 0
;
#X obj 0 392 cnv 3 580 3 empty empty outlets 8 12 0 13 -228856 -1 0
;
#X obj 75 349 cnv 17 3 17 empty empty 0 5 9 0 16 -228856 -162280 0
;
#X obj 0 491 cnv 15 580 21 empty empty empty 20 12 0 14 -228856 -66577
0;
#X obj 0 428 cnv 3 580 3 empty empty arguments 8 12 0 13 -228856 -1
0;
#X text 72 451 1) float;
#X obj 493 5 ofBackPressed;
#X text 11 23 listen to the back button press on Android;
#X text 21 43 [ofBackPressed] is used to detect the back button press
on an Android device.;
#X obj 191 226 ofBackPressed 50;
#X obj 191 262 print;
#X obj 75 400 cnv 17 3 17 empty empty 0 5 9 0 16 -228856 -162280 0
;
#X text 95 401 bang;
#X text 211 451 - the listening order. (default: 50);
#X text 232 262 outputs bang when the back button is pressed on an
Android device.;
#X text 211 401 - outputs bang when the back button is pressed.;
#X text 72 466 2) float;
#X text 211 466 - 0: disable / 1: enable the listener. (default: 1)
;
#X text 95 350 setOrder <f>;
#X text 211 350 - change the listening order. (default: 50);
#X text 95 365 setEnabled <f>;
#X text 211 365 - 0: disable / 1: enable the listener. (default: 1)
;
#X floatatom 191 124 5 0 0 0 - - -;
#X obj 211 170 tgl 15 0 empty empty empty 17 7 0 10 -262144 -1 -1 0
1;
#X text 232 169 0: disable / 1: enable the listener. (default: 1);
#X text 227 124 change the listening order. (default: 50);
#X msg 211 190 setEnabled \$1;
#X msg 191 144 setOrder \$1;
#X obj 432 46 declare -path ofelia/abs;
#X connect 10 0 11 0;
#X connect 23 0 28 0;
#X connect 24 0 27 0;
#X connect 27 0 10 0;
#X connect 28 0 10 0;
local log = ofLog("ofBackPressed")
local canvas = ofCanvas(this)
local order, enabled = 50, true

function M.new()
  local args = canvas:getArgs()
  if #args == 1 then
    order = args[1]
  elseif #args == 2 then
    order, enabled = args[1], args[2] ~= 0
  elseif #args ~= 0 then
    log:error("requires 1 or 2 creation arguments")
  end
  ofWindow.addListener("backPressed", this, order)
end

function M.setOrder(f)
  order = f
  ofWindow.addListener("backPressed", this, order)
end

function M.setEnabled(b)
  enabled = b ~= 0
end

function M.free()
  ofWindow.removeListener("backPressed", this)
end

function M.backPressed()
  if not enabled then
    return
  end
  return nil
end#N canvas 397 307 444 239 10;
#X obj 32 107 inlet;
#X obj 32 29 loadbang;
#X obj 32 149 outlet;
#X obj 32 128 ofelia d \$0-of;
#X obj 32 71 s \$0-of;
#X msg 32 50 read -c ofBackPressed.lua;
#X connect 0 0 3 0;
#X connect 1 0 5 0;
#X connect 3 0 2 0;
#X connect 5 0 4 0;
#N canvas 321 23 601 542 10;
#X declare -path ofelia/abs;
#X obj 0 0 cnv 15 580 40 empty empty ofCancelPressed 3 12 0 18 -204280
-1 0;
#X text 11 23 listen to the cancel button press on Android;
#X obj 481 5 ofCancelPressed;
#X text 21 43 [ofCancelPressed] is used to detect the cancel button
press on an Android device.;
#X obj 0 341 cnv 3 580 3 empty empty inlets 8 12 0 13 -228856 -1 0
;
#X obj 0 392 cnv 3 580 3 empty empty outlets 8 12 0 13 -228856 -1 0
;
#X obj 75 349 cnv 17 3 17 empty empty 0 5 9 0 16 -228856 -162280 0
;
#X obj 0 428 cnv 3 580 3 empty empty arguments 8 12 0 13 -228856 -1
0;
#X obj 75 400 cnv 17 3 17 empty empty 0 5 9 0 16 -228856 -162280 0
;
#X text 95 401 bang;
#X text 211 401 - outputs bang when the cancel button is pressed.;
#X obj 181 262 print;
#X floatatom 181 124 5 0 0 0 - - -;
#X obj 201 170 tgl 15 0 empty empty empty 17 7 0 10 -262144 -1 -1 0
1;
#X text 222 169 0: disable / 1: enable the listener. (default: 1);
#X text 217 124 change the listening order. (default: 50);
#X msg 201 190 setEnabled \$1;
#X msg 181 144 setOrder \$1;
#X obj 181 226 ofCancelPressed 50;
#X text 222 262 outputs bang when the cancel button is pressed on an
Android device.;
#X text 95 350 setOrder <f>;
#X text 211 350 - change the listening order. (default: 50);
#X text 95 365 setEnabled <f>;
#X text 211 365 - 0: disable / 1: enable the listener. (default: 1)
;
#X obj 0 491 cnv 15 580 21 empty empty empty 20 12 0 14 -228856 -66577
0;
#X text 72 451 1) float;
#X text 211 451 - the listening order. (default: 50);
#X text 72 466 2) float;
#X text 211 466 - 0: disable / 1: enable the listener. (default: 1)
;
#X obj 432 46 declare -path ofelia/abs;
#X connect 12 0 17 0;
#X connect 13 0 16 0;
#X connect 16 0 18 0;
#X connect 17 0 18 0;
#X connect 18 0 11 0;
local log = ofLog("ofCancelPressed")
local canvas = ofCanvas(this)
local order, enabled = 50, true

function M.new()
  local args = canvas:getArgs()
  if #args == 1 then
    order = args[1]
  elseif #args == 2 then
    order, enabled = args[1], args[2] ~= 0
  elseif #args ~= 0 then
    log:error("requires 1 or 2 creation arguments")
  end
  ofWindow.addListener("cancelPressed", this, order)
end

function M.setOrder(f)
  order = f
  ofWindow.addListener("cancelPressed", this, order)
end

function M.setEnabled(b)
  enabled = b ~= 0
end

function M.free()
  ofWindow.removeListener("cancelPressed", this)
end

function M.cancelPressed()
  if not enabled then
    return
  end
  return nil
end#N canvas 397 307 444 239 10;
#X obj 32 107 inlet;
#X obj 32 29 loadbang;
#X obj 32 149 outlet;
#X obj 32 128 ofelia d \$0-of;
#X obj 32 71 s \$0-of;
#X msg 32 50 read -c ofCancelPressed.lua;
#X connect 0 0 3 0;
#X connect 1 0 5 0;
#X connect 3 0 2 0;
#X connect 5 0 4 0;
#N canvas 321 23 601 542 10;
#X declare -path ofelia/abs;
#X obj 0 0 cnv 15 580 40 empty empty ofDeviceOrientationChanged 3 12
0 18 -204280 -1 0;
#X obj 175 226 print;
#X obj 415 5 ofDeviceOrientationChanged;
#X text 11 23 listen when the orientation is changed on iOS;
#X text 21 43 [ofDeviceOrientationChanged] is used to detect the orientation
change on an iOS device.;
#X obj 175 190 ofDeviceOrientationChanged 50;
#X text 216 226 outputs the orientation whenever it changes.;
#X text 216 246 1: OF_ORIENTATION_DEFAULT;
#X text 216 261 2: OF_ORIENTATION_180;
#X text 216 276 3: OF_ORIENTATION_90_LEFT;
#X text 216 291 4: OF_ORIENTATION_90_RIGHT;
#X text 216 306 5: OF_ORIENTATION_UNKNOWN;
#X obj 0 341 cnv 3 580 3 empty empty inlets 8 12 0 13 -228856 -1 0
;
#X obj 0 392 cnv 3 580 3 empty empty outlets 8 12 0 13 -228856 -1 0
;
#X obj 75 349 cnv 17 3 17 empty empty 0 5 9 0 16 -228856 -162280 0
;
#X obj 0 428 cnv 3 580 3 empty empty arguments 8 12 0 13 -228856 -1
0;
#X obj 75 400 cnv 17 3 17 empty empty 0 5 9 0 16 -228856 -162280 0
;
#X text 211 401 - outputs the orientation whenever it changes. (1 ~
5);
#X text 95 401 float;
#X floatatom 175 88 5 0 0 0 - - -;
#X obj 195 134 tgl 15 0 empty empty empty 17 7 0 10 -262144 -1 -1 0
1;
#X text 216 133 0: disable / 1: enable the listener. (default: 1);
#X text 211 88 change the listening order. (default: 50);
#X msg 195 154 setEnabled \$1;
#X msg 175 108 setOrder \$1;
#X text 95 350 setOrder <f>;
#X text 211 350 - change the listening order. (default: 50);
#X text 95 365 setEnabled <f>;
#X text 211 365 - 0: disable / 1: enable the listener. (default: 1)
;
#X obj 0 491 cnv 15 580 21 empty empty empty 20 12 0 14 -228856 -66577
0;
#X text 72 451 1) float;
#X text 211 451 - the listening order. (default: 50);
#X text 72 466 2) float;
#X text 211 466 - 0: disable / 1: enable the listener. (default: 1)
;
#X obj 432 46 declare -path ofelia/abs;
#X connect 5 0 1 0;
#X connect 19 0 24 0;
#X connect 20 0 23 0;
#X connect 23 0 5 0;
#X connect 24 0 5 0;
local log = ofLog("ofDeviceOrientationChanged")
local canvas = ofCanvas(this)
local order, enabled = 50, true

function M.new()
  local args = canvas:getArgs()
  if #args == 1 then
    order = args[1]
  elseif #args == 2 then
    order, enabled = args[1], args[2] ~= 0
  elseif #args ~= 0 then
    log:error("requires 1 or 2 creation argument")
  end
  ofWindow.addListener("deviceOrientationChanged", this, order)
end

function M.setOrder(f)
  order = f
  ofWindow.addListener("deviceOrientationChanged", this, order)
end

function M.setEnabled(b)
  enabled = b ~= 0
end

function M.free()
  ofWindow.removeListener("deviceOrientationChanged", this)
end

function M.deviceOrientationChanged(e)
  if not enabled then
    return
  end
  return e
end#N canvas 397 307 444 239 10;
#X obj 32 107 inlet;
#X obj 32 29 loadbang;
#X obj 32 149 outlet;
#X obj 32 128 ofelia d \$0-of;
#X obj 32 71 s \$0-of;
#X msg 32 50 read -c ofDeviceOrientationChanged.lua;
#X connect 0 0 3 0;
#X connect 1 0 5 0;
#X connect 3 0 2 0;
#X connect 5 0 4 0;
#N canvas 321 23 601 564 10;
#X declare -path ofelia/abs;
#X obj 0 0 cnv 15 580 40 empty empty ofDragged 3 12 0 18 -204280 -1
0;
#X obj 0 341 cnv 3 580 3 empty empty inlets 8 12 0 13 -228856 -1 0
;
#X obj 0 392 cnv 3 580 3 empty empty outlets 8 12 0 13 -228856 -1 0
;
#X obj 75 349 cnv 17 3 17 empty empty 0 5 9 0 16 -228856 -162280 0
;
#X obj 0 450 cnv 3 580 3 empty empty arguments 8 12 0 13 -228856 -1
0;
#X obj 201 307 print;
#X obj 75 400 cnv 17 3 17 empty empty 0 5 9 0 16 -228856 -162280 0
;
#X obj 517 5 ofDragged;
#X obj 201 236 ofDragged 50;
#X text 11 23 listen to the dragging of the files to the window;
#X text 21 43 [ofDragged] is used to detect the files being dragged
to the window.;
#X text 242 307 outputs the list of file names.;
#X obj 270 257 unpack f f;
#X floatatom 270 278 5 0 0 0 - - -;
#X floatatom 327 278 5 0 0 0 - - -;
#X text 366 278 dragged x \, y position.;
#X obj 23 129 ofWindow;
#X obj 23 87 loadbang;
#X text 276 108 try dragging any file into the graphics window.;
#X obj 75 422 cnv 17 3 17 empty empty 1 5 9 0 16 -228856 -162280 0
;
#X text 95 423 list <f \, f>;
#X text 211 401 - outputs the list of dragged file names.;
#X msg 23 108 setPosition 0 0 \, setSize 640 480 \, create;
#X text 95 401 list;
#X text 211 423 - outputs the x \, y position of the dragged files.
;
#X floatatom 201 134 5 0 0 0 - - -;
#X obj 221 180 tgl 15 0 empty empty empty 17 7 0 10 -262144 -1 -1 0
1;
#X text 242 179 0: disable / 1: enable the listener. (default: 1);
#X text 237 134 change the listening order. (default: 50);
#X msg 221 200 setEnabled \$1;
#X msg 201 154 setOrder \$1;
#X text 95 350 setOrder <f>;
#X text 211 350 - change the listening order. (default: 50);
#X text 95 365 setEnabled <f>;
#X text 211 365 - 0: disable / 1: enable the listener. (default: 1)
;
#X obj 0 511 cnv 15 580 21 empty empty empty 20 12 0 14 -228856 -66577
0;
#X text 72 471 1) float;
#X text 211 471 - the listening order. (default: 50);
#X text 72 486 2) float;
#X text 211 486 - 0: disable / 1: enable the listener. (default: 1)
;
#X obj 432 46 declare -path ofelia/abs;
#X connect 8 0 5 0;
#X connect 8 1 12 0;
#X connect 12 0 13 0;
#X connect 12 1 14 0;
#X connect 17 0 22 0;
#X connect 22 0 16 0;
#X connect 25 0 30 0;
#X connect 26 0 29 0;
#X connect 29 0 8 0;
#X connect 30 0 8 0;
local log = ofLog("ofDragged")
local canvas = ofCanvas(this)
local outlet = ofOutlet(this)
local order, enabled = 50, true

function M.new()
  local args = canvas:getArgs()
  if #args == 1 then
    order = args[1]
  elseif #args == 2 then
    order, enabled = args[1], args[2] ~= 0
  elseif #args ~= 0 then
    log:error("requires 1 or 2 creation arguments")
  end
  ofWindow.addListener("dragged", this, order)
end

function M.setOrder(f)
  order = f
  ofWindow.addListener("dragged", this, order)
end

function M.setEnabled(b)
  enabled = b ~= 0
end

function M.free()
  ofWindow.removeListener("dragged", this)
end

function M.dragged(e)
  if not enabled then
    return
  end
  outlet:outletList(1, {e.position.x, e.position.y})
  outlet:outletList(0, e.files)
end#N canvas 397 307 444 239 10;
#X obj 32 107 inlet;
#X obj 32 29 loadbang;
#X obj 32 149 outlet;
#X obj 32 71 s \$0-of;
#X msg 32 50 read -c ofDragged.lua;
#X obj 32 128 ofelia d -c12 \$0-of;
#X obj 143 149 outlet;
#X connect 0 0 5 0;
#X connect 1 0 4 0;
#X connect 4 0 3 0;
#X connect 5 0 2 0;
#X connect 5 1 6 0;
#N canvas 321 23 601 618 10;
#X declare -path ofelia/abs;
#X obj 0 0 cnv 15 580 40 empty empty ofDraw 3 12 0 18 -204280 -1 0
;
#X obj 0 341 cnv 3 580 3 empty empty inlets 8 12 0 13 -228856 -1 0
;
#X obj 0 435 cnv 3 580 3 empty empty outlets 8 12 0 13 -228856 -1 0
;
#X obj 75 349 cnv 17 3 17 empty empty 0 5 9 0 16 -228856 -162280 0
;
#X obj 0 471 cnv 3 580 3 empty empty arguments 8 12 0 13 -228856 -1
0;
#X obj 75 443 cnv 17 3 17 empty empty 0 5 9 0 16 -228856 -162280 0
;
#X text 95 444 bang;
#X obj 535 5 ofDraw;
#X text 11 23 a draw callback which is called regularly to draw things
;
#X obj 191 265 ofDraw 50;
#X text 203 285 outputs bang every frame.;
#X text 368 317 draw a circle.;
#X obj 23 158 ofWindow;
#X obj 23 116 loadbang;
#X msg 23 137 setPosition 0 0 \, setSize 640 480 \, create;
#X text 211 444 - outputs bang every frame. (while the window exists)
;
#X text 95 350 setOrder <f>;
#X text 211 350 - change the listening order. (default: 50);
#X text 95 365 setEnabled <f>;
#X text 211 365 - 0: disable / 1: enable the listener. (default: 1)
;
#X obj 0 564 cnv 15 580 21 empty empty empty 20 12 0 14 -228856 -66577
0;
#X text 72 494 1) float;
#X text 211 494 - the listening order. (default: 50);
#X text 72 509 2) float;
#X text 211 509 - 0: disable / 1: enable the listener. (default: 1)
;
#X text 95 380 setStyleAuto <f>;
#X text 95 395 setMatrixAuto <f>;
#X text 95 410 setAuto <f>;
#X text 72 524 3) float;
#X text 72 539 4) float;
#X text 211 380 - 0: disable / 1: enable the style push/pop. (default:
1);
#X text 211 395 - 0: disable / 1: enable the matrix push/pop. (default:
1);
#X text 211 410 - 0: disable / 1: enable the style and matrix push/pop.
;
#X text 211 524 - 0: disable / 1: enable the style push/pop. (default:
1);
#X text 211 539 - 0: disable / 1: enable the matrix push/pop. (default:
1);
#X floatatom 191 163 5 0 0 0 - - -;
#X obj 211 209 tgl 15 0 empty empty empty 17 7 0 10 -262144 -1 -1 0
1;
#X text 232 208 0: disable / 1: enable the listener. (default: 1);
#X text 227 163 change the listening order. (default: 50);
#X msg 211 229 setEnabled \$1;
#X msg 191 183 setOrder \$1;
#X text 21 43 [ofDraw] is called regularly to draw things on the graphics
window while the window exists. it internally calls ofPushStyle()/ofPopStyle()
and ofPushMatrix()/ofPopMatrix() before and after outputting the bang
message. you can optionally disable this with "setAuto 0" message.
;
#X obj 191 307 ofelia f \; ofDrawCircle(200 \, 200 \, 100) \;;
#X obj 432 46 declare -path ofelia/abs;
#X connect 9 0 42 0;
#X connect 13 0 14 0;
#X connect 14 0 12 0;
#X connect 35 0 40 0;
#X connect 36 0 39 0;
#X connect 39 0 9 0;
#X connect 40 0 9 0;
local log = ofLog("ofDraw")
local canvas = ofCanvas(this)
local outlet = ofOutlet(this)
local order, enabled, styleAuto, matrixAuto = 50, true, true, true

function M.new()
  local args = canvas:getArgs()
  if #args == 1 then
    order = args[1]
  elseif #args == 2 then
    order, enabled = args[1], args[2] ~= 0
  elseif #args == 4 then
    order, enabled, styleAuto, matrixAuto = args[1], args[2] ~= 0, args[3] ~= 0, args[4] ~= 0
  elseif #args ~= 0 then
    log:error("requires 1, 2 or 4 creation arguments")
  end
  ofWindow.addListener("draw", this, order)
end

function M.setOrder(f)
  order = f
  ofWindow.addListener("draw", this, order)
end

function M.setEnabled(b)
  enabled = b ~= 0
end

function M.setStyleAuto(b)
  styleAuto = b ~= 0
end

function M.setMatrixAuto(b)
  matrixAuto = b ~= 0
end

function M.setAuto(b)
  M.setStyleAuto(b)
  M.setMatrixAuto(b)
end

function M.free()
  ofWindow.removeListener("draw", this)
end

function M.draw()
  if not enabled then
    return
  end
  if styleAuto then
    ofPushStyle()
  end
  if matrixAuto then
    ofPushMatrix()
  end
  outlet:outletBang(0)
  if matrixAuto then
    ofPopMatrix()
  end
  if styleAuto then
    ofPopStyle()
  end
end#N canvas 397 307 444 239 10;
#X obj 32 107 inlet;
#X obj 32 29 loadbang;
#X obj 32 149 outlet;
#X obj 32 128 ofelia d \$0-of;
#X obj 32 71 s \$0-of;
#X msg 32 50 read -c ofDraw.lua;
#X connect 0 0 3 0;
#X connect 1 0 5 0;
#X connect 3 0 2 0;
#X connect 5 0 4 0;
#N canvas 321 23 601 544 10;
#X declare -path ofelia/abs;
#X obj 0 0 cnv 15 580 40 empty empty ofExit 3 12 0 18 -204280 -1 0
;
#X obj 0 341 cnv 3 580 3 empty empty inlets 8 12 0 13 -228856 -1 0
;
#X obj 0 390 cnv 3 580 3 empty empty outlets 8 12 0 13 -228856 -1 0
;
#X obj 75 349 cnv 17 3 17 empty empty 0 5 9 0 16 -228856 -162280 0
;
#X obj 0 426 cnv 3 580 3 empty empty arguments 8 12 0 13 -228856 -1
0;
#X obj 75 398 cnv 17 3 17 empty empty 0 5 9 0 16 -228856 -162280 0
;
#X text 95 399 bang;
#X obj 23 129 ofWindow;
#X obj 23 87 loadbang;
#X msg 23 108 setPosition 0 0 \, setSize 640 480 \, create;
#X obj 535 5 ofExit;
#X text 11 23 an exit callback which is called before the app is closed
;
#X obj 191 236 ofExit 50;
#X text 21 43 [ofExit] is called right before the app is closed (or
the window is destroyed);
#X msg 191 279 The window is closed!;
#X obj 191 300 print;
#X text 203 256 outputs bang before the app is closed.;
#X text 211 399 - outputs bang before the app is closed.;
#X text 281 108 <- try closing the created window.;
#X floatatom 191 134 5 0 0 0 - - -;
#X obj 211 180 tgl 15 0 empty empty empty 17 7 0 10 -262144 -1 -1 0
1;
#X text 232 179 0: disable / 1: enable the listener. (default: 1);
#X text 227 134 change the listening order. (default: 50);
#X msg 211 200 setEnabled \$1;
#X msg 191 154 setOrder \$1;
#X text 95 350 setOrder <f>;
#X text 211 350 - change the listening order. (default: 50);
#X text 95 365 setEnabled <f>;
#X text 211 365 - 0: disable / 1: enable the listener. (default: 1)
;
#X obj 0 491 cnv 15 580 21 empty empty empty 20 12 0 14 -228856 -66577
0;
#X text 72 451 1) float;
#X text 211 451 - the listening order. (default: 50);
#X text 72 466 2) float;
#X text 211 466 - 0: disable / 1: enable the listener. (default: 1)
;
#X obj 432 46 declare -path ofelia/abs;
#X connect 8 0 9 0;
#X connect 9 0 7 0;
#X connect 12 0 14 0;
#X connect 14 0 15 0;
#X connect 19 0 24 0;
#X connect 20 0 23 0;
#X connect 23 0 12 0;
#X connect 24 0 12 0;
local log = ofLog("ofExit")
local canvas = ofCanvas(this)
local order, enabled = 50, true

function M.new()
  local args = canvas:getArgs()
  if #args == 1 then
    order = args[1]
  elseif #args == 2 then
    order, enabled = args[1], args[2] ~= 0
  elseif #args ~= 0 then
    log:error("requires 1 or 2 creation arguments")
  end
  ofWindow.addListener("exit", this, order)
end

function M.setOrder(f)
  order = f
  ofWindow.addListener("exit", this, order)
end

function M.setEnabled(b)
  enabled = b ~= 0
end

function M.free()
  ofWindow.removeListener("exit", this)
end

function M.exit()
  if not enabled then
    return
  end
  return nil
end#N canvas 397 307 444 239 10;
#X obj 32 107 inlet;
#X obj 32 29 loadbang;
#X obj 32 149 outlet;
#X obj 32 128 ofelia d \$0-of;
#X obj 32 71 s \$0-of;
#X msg 32 50 read -c ofExit.lua;
#X connect 0 0 3 0;
#X connect 1 0 5 0;
#X connect 3 0 2 0;
#X connect 5 0 4 0;
#N canvas 321 23 601 546 10;
#X declare -path ofelia/abs;
#X obj 0 0 cnv 15 580 40 empty empty ofGotFocus 3 12 0 18 -204280 -1
0;
#X obj 0 341 cnv 3 580 3 empty empty inlets 8 12 0 13 -228856 -1 0
;
#X obj 0 390 cnv 3 580 3 empty empty outlets 8 12 0 13 -228856 -1 0
;
#X obj 0 426 cnv 3 580 3 empty empty arguments 8 12 0 13 -228856 -1
0;
#X obj 191 262 print;
#X obj 75 398 cnv 17 3 17 empty empty 0 5 9 0 16 -228856 -162280 0
;
#X text 95 399 bang;
#X obj 511 5 ofGotFocus;
#X text 11 23 listen when the app regains focus on iOS;
#X text 21 43 [ofGotFocus] is used to detect the app regaining focus
on an iOS device.;
#X obj 191 226 ofGotFocus 50;
#X text 211 399 - outputs bang when the app regains focus.;
#X text 232 262 outputs bang when the app regains focus on iOS device.
;
#X floatatom 191 124 5 0 0 0 - - -;
#X obj 211 170 tgl 15 0 empty empty empty 17 7 0 10 -262144 -1 -1 0
1;
#X text 232 169 0: disable / 1: enable the listener. (default: 1);
#X text 227 124 change the listening order. (default: 50);
#X msg 211 190 setEnabled \$1;
#X msg 191 144 setOrder \$1;
#X obj 75 349 cnv 17 3 17 empty empty 0 5 9 0 16 -228856 -162280 0
;
#X text 95 350 setOrder <f>;
#X text 211 350 - change the listening order. (default: 50);
#X text 95 365 setEnabled <f>;
#X text 211 365 - 0: disable / 1: enable the listener. (default: 1)
;
#X obj 0 491 cnv 15 580 21 empty empty empty 20 12 0 14 -228856 -66577
0;
#X text 72 451 1) float;
#X text 211 451 - the listening order. (default: 50);
#X text 72 466 2) float;
#X text 211 466 - 0: disable / 1: enable the listener. (default: 1)
;
#X obj 432 46 declare -path ofelia/abs;
#X connect 10 0 4 0;
#X connect 13 0 18 0;
#X connect 14 0 17 0;
#X connect 17 0 10 0;
#X connect 18 0 10 0;
local log = ofLog("ofGotFocus")
local canvas = ofCanvas(this)
local order, enabled = 50, true

function M.new()
  local args = canvas:getArgs()
  if #args == 1 then
    order = args[1]
  elseif #args == 2 then
    order, enabled = args[1], args[2] ~= 0
  elseif #args ~= 0 then
    log:error("requires 1 or 2 creation arguments")
  end
  ofWindow.addListener("gotFocus", this, order)
end

function M.setOrder(f)
  order = f
  ofWindow.addListener("gotFocus", this, order)
end

function M.setEnabled(b)
  enabled = b ~= 0
end

function M.free()
  ofWindow.removeListener("gotFocus", this)
end

function M.gotFocus()
  if not enabled then
    return
  end
  return nil
end#N canvas 397 307 444 239 10;
#X obj 32 107 inlet;
#X obj 32 29 loadbang;
#X obj 32 149 outlet;
#X obj 32 128 ofelia d \$0-of;
#X obj 32 71 s \$0-of;
#X msg 32 50 read -c ofGotFocus.lua;
#X connect 0 0 3 0;
#X connect 1 0 5 0;
#X connect 3 0 2 0;
#X connect 5 0 4 0;
#N canvas 321 23 601 546 10;
#X declare -path ofelia/abs;
#X obj 0 0 cnv 15 580 40 empty empty ofGotMemoryWarning 3 12 0 18 -204280
-1 0;
#X obj 0 341 cnv 3 580 3 empty empty inlets 8 12 0 13 -228856 -1 0
;
#X obj 0 390 cnv 3 580 3 empty empty outlets 8 12 0 13 -228856 -1 0
;
#X obj 0 426 cnv 3 580 3 empty empty arguments 8 12 0 13 -228856 -1
0;
#X obj 191 262 print;
#X obj 75 398 cnv 17 3 17 empty empty 0 5 9 0 16 -228856 -162280 0
;
#X text 95 399 bang;
#X obj 463 5 ofGotMemoryWarning;
#X text 11 23 listen when the app receives a memory warning on iOS
;
#X text 21 43 [ofGotMemoryWarning] is used to detect when the app receives
a memory warning on an iOS device.;
#X obj 191 226 ofGotMemoryWarning 50;
#X text 232 262 outputs bang when the app receives a memory warning
on an iOS device.;
#X text 211 399 - outputs bang when the app receives a memory warning.
;
#X floatatom 191 124 5 0 0 0 - - -;
#X obj 211 170 tgl 15 0 empty empty empty 17 7 0 10 -262144 -1 -1 0
1;
#X text 232 169 0: disable / 1: enable the listener. (default: 1);
#X text 227 124 change the listening order. (default: 50);
#X msg 211 190 setEnabled \$1;
#X msg 191 144 setOrder \$1;
#X obj 75 349 cnv 17 3 17 empty empty 0 5 9 0 16 -228856 -162280 0
;
#X text 95 350 setOrder <f>;
#X text 211 350 - change the listening order. (default: 50);
#X text 95 365 setEnabled <f>;
#X text 211 365 - 0: disable / 1: enable the listener. (default: 1)
;
#X obj 0 491 cnv 15 580 21 empty empty empty 20 12 0 14 -228856 -66577
0;
#X text 72 451 1) float;
#X text 211 451 - the listening order. (default: 50);
#X text 72 466 2) float;
#X text 211 466 - 0: disable / 1: enable the listener. (default: 1)
;
#X obj 432 46 declare -path ofelia/abs;
#X connect 10 0 4 0;
#X connect 13 0 18 0;
#X connect 14 0 17 0;
#X connect 17 0 10 0;
#X connect 18 0 10 0;
local log = ofLog("ofGotMemoryWarning")
local canvas = ofCanvas(this)
local order, enabled = 50, true

function M.new()
  local args = canvas:getArgs()
  if #args == 1 then
    order = args[1]
  elseif #args == 2 then
    order, enabled = args[1], args[2] ~= 0
  elseif #args ~= 0 then
    log:error("requires 1 or 2 creation arguments")
  end
  ofWindow.addListener("gotMemoryWarning", this, order)
end

function M.setOrder(f)
  order = f
  ofWindow.addListener("gotMemoryWarning", this, order)
end

function M.setEnabled(b)
  enabled = b ~= 0
end

function M.free()
  ofWindow.removeListener("gotMemoryWarning", this)
end

function M.gotMemoryWarning()
  if not enabled then
    return
  end
  return nil
end#N canvas 397 307 444 239 10;
#X obj 32 107 inlet;
#X obj 32 29 loadbang;
#X obj 32 149 outlet;
#X obj 32 128 ofelia d \$0-of;
#X obj 32 71 s \$0-of;
#X msg 32 50 read -c ofGotMemoryWarning.lua;
#X connect 0 0 3 0;
#X connect 1 0 5 0;
#X connect 3 0 2 0;
#X connect 5 0 4 0;
#N canvas 321 23 601 577 10;
#X declare -path ofelia/abs;
#X obj 0 0 cnv 15 580 40 empty empty ofKeyPressed 3 12 0 18 -204280
-1 0;
#X obj 0 341 cnv 3 580 3 empty empty inlets 8 12 0 13 -228856 -1 0
;
#X obj 0 405 cnv 3 580 3 empty empty outlets 8 12 0 13 -228856 -1 0
;
#X obj 0 441 cnv 3 580 3 empty empty arguments 8 12 0 13 -228856 -1
0;
#X obj 191 262 print;
#X obj 75 413 cnv 17 3 17 empty empty 0 5 9 0 16 -228856 -162280 0
;
#X obj 499 5 ofKeyPressed;
#X text 11 23 listen to the key press event;
#X text 21 43 [ofKeyPressed] is used to detect the key press event
while the window is focused.;
#X obj 191 236 ofKeyPressed 50;
#X text 232 262 outputs the key events as a list.;
#X text 95 414 list;
#X obj 23 129 ofWindow;
#X obj 23 87 loadbang;
#X msg 23 108 setPosition 0 0 \, setSize 640 480 \, create;
#X floatatom 191 134 5 0 0 0 - - -;
#X obj 211 180 tgl 15 0 empty empty empty 17 7 0 10 -262144 -1 -1 0
1;
#X text 232 179 0: disable / 1: enable the listener. (default: 1);
#X text 227 134 change the listening order. (default: 50);
#X msg 211 200 setEnabled \$1;
#X msg 191 154 setOrder \$1;
#X obj 75 349 cnv 17 3 17 empty empty 0 5 9 0 16 -228856 -162280 0
;
#X text 95 350 setOrder <f>;
#X text 211 350 - change the listening order. (default: 50);
#X text 95 365 setEnabled <f>;
#X text 211 365 - 0: disable / 1: enable the listener. (default: 1)
;
#X obj 0 521 cnv 15 580 21 empty empty empty 20 12 0 14 -228856 -66577
0;
#X text 72 466 1) float;
#X text 211 466 - the listening order. (default: 50);
#X text 72 481 2) float;
#X text 211 481 - 0: disable / 1: enable the listener. (default: 1)
;
#X text 72 496 3) float;
#X text 95 380 setSimplify <f>;
#X text 211 380 - whether to output full(0) or simplified(1). (default:
1);
#X text 211 496 - whether to output full(0) or simplified(1). (default:
1);
#X text 211 414 - outputs the key events as a full or simplified list.
;
#X text 230 286 - simplified: key.;
#X text 230 306 - full: type \, key \, keycode \, scancode \, codepoint
\, isRepeat \, modifiers.;
#X obj 432 46 declare -path ofelia/abs;
#X connect 9 0 4 0;
#X connect 13 0 14 0;
#X connect 14 0 12 0;
#X connect 15 0 20 0;
#X connect 16 0 19 0;
#X connect 19 0 9 0;
#X connect 20 0 9 0;
local log = ofLog("ofKeyPressed")
local canvas = ofCanvas(this)
local order, enabled, simplify = 50, true, true

function M.new()
  local args = canvas:getArgs()
  if #args == 1 then
    order = args[1]
  elseif #args == 2 then
    order, enabled = args[1], args[2] ~= 0
  elseif #args == 3 then
    order, enabled, simplify = args[1], args[2] ~= 0, args[3] ~= 0
  elseif #args ~= 0 then
    log:error("requires 1, 2 or 3 creation arguments")
  end
  ofWindow.addListener("keyPressed", this, order)
end

function M.setOrder(f)
  order = f
  ofWindow.addListener("keyPressed", this, order)
end

function M.setEnabled(b)
  enabled = b ~= 0
end

function M.setSimplify(b)
  simplify = b ~= 0
end

function M.free()
  ofWindow.removeListener("keyPressed", this)
end

function M.keyPressed(e)
  if not enabled then
    return
  end
  if not simplify then
    return {e.type, e.key, e.keycode, e.scancode, e.codepoint, e.isRepeat, e.modifiers}
  end
  return e.key
end#N canvas 397 307 444 239 10;
#X obj 32 107 inlet;
#X obj 32 29 loadbang;
#X obj 32 149 outlet;
#X obj 32 128 ofelia d \$0-of;
#X obj 32 71 s \$0-of;
#X msg 32 50 read -c ofKeyPressed.lua;
#X connect 0 0 3 0;
#X connect 1 0 5 0;
#X connect 3 0 2 0;
#X connect 5 0 4 0;
#N canvas 321 23 601 576 10;
#X declare -path ofelia/abs;
#X obj 0 0 cnv 15 580 40 empty empty ofKeyReleased 3 12 0 18 -204280
-1 0;
#X obj 23 129 ofWindow;
#X obj 23 87 loadbang;
#X msg 23 108 setPosition 0 0 \, setSize 640 480 \, create;
#X obj 493 5 ofKeyReleased;
#X text 11 23 listen to the key release event;
#X text 21 43 [ofKeyReleased] is used to detect the key release event
while the window is focused.;
#X obj 191 262 print;
#X text 232 262 outputs the key events as a list.;
#X floatatom 191 134 5 0 0 0 - - -;
#X obj 211 180 tgl 15 0 empty empty empty 17 7 0 10 -262144 -1 -1 0
1;
#X text 232 179 0: disable / 1: enable the listener. (default: 1);
#X text 227 134 change the listening order. (default: 50);
#X msg 211 200 setEnabled \$1;
#X msg 191 154 setOrder \$1;
#X text 230 286 - simplified: key.;
#X text 230 306 - full: type \, key \, keycode \, scancode \, codepoint
\, isRepeat \, modifiers.;
#X obj 191 236 ofKeyReleased 50;
#X obj 0 341 cnv 3 580 3 empty empty inlets 8 12 0 13 -228856 -1 0
;
#X obj 0 405 cnv 3 580 3 empty empty outlets 8 12 0 13 -228856 -1 0
;
#X obj 0 441 cnv 3 580 3 empty empty arguments 8 12 0 13 -228856 -1
0;
#X obj 75 413 cnv 17 3 17 empty empty 0 5 9 0 16 -228856 -162280 0
;
#X text 95 414 list;
#X obj 75 349 cnv 17 3 17 empty empty 0 5 9 0 16 -228856 -162280 0
;
#X text 95 350 setOrder <f>;
#X text 211 350 - change the listening order. (default: 50);
#X text 95 365 setEnabled <f>;
#X text 211 365 - 0: disable / 1: enable the listener. (default: 1)
;
#X obj 0 521 cnv 15 580 21 empty empty empty 20 12 0 14 -228856 -66577
0;
#X text 72 466 1) float;
#X text 211 466 - the listening order. (default: 50);
#X text 72 481 2) float;
#X text 211 481 - 0: disable / 1: enable the listener. (default: 1)
;
#X text 72 496 3) float;
#X text 95 380 setSimplify <f>;
#X text 211 380 - whether to output full(0) or simplified(1). (default:
1);
#X text 211 496 - whether to output full(0) or simplified(1). (default:
1);
#X text 211 414 - outputs the key events as a full or simplified list.
;
#X obj 432 46 declare -path ofelia/abs;
#X connect 2 0 3 0;
#X connect 3 0 1 0;
#X connect 9 0 14 0;
#X connect 10 0 13 0;
#X connect 13 0 17 0;
#X connect 14 0 17 0;
#X connect 17 0 7 0;
local log = ofLog("ofKeyReleased")
local canvas = ofCanvas(this)
local order, enabled, simplify = 50, true, true

function M.new()
  local args = canvas:getArgs()
  if #args == 1 then
    order = args[1]
  elseif #args == 2 then
    order, enabled = args[1], args[2] ~= 0
  elseif #args == 3 then
    order, enabled, simplify = args[1], args[2] ~= 0, args[3] ~= 0
  elseif #args ~= 0 then
    log:error("requires 1, 2 or 3 creation arguments")
  end
  ofWindow.addListener("keyReleased", this, order)
end

function M.setOrder(f)
  order = f
  ofWindow.addListener("keyReleased", this, order)
end

function M.setEnabled(b)
  enabled = b ~= 0
end

function M.setSimplify(b)
  simplify = b ~= 0
end

function M.free()
  ofWindow.removeListener("keyReleased", this)
end

function M.keyReleased(e)
  if not enabled then
    return
  end
  if not simplify then
    return {e.type, e.key, e.keycode, e.scancode, e.codepoint, e.isRepeat, e.modifiers}
  end
  return e.key
end#N canvas 397 307 444 239 10;
#X obj 32 107 inlet;
#X obj 32 29 loadbang;
#X obj 32 149 outlet;
#X obj 32 128 ofelia d \$0-of;
#X obj 32 71 s \$0-of;
#X msg 32 50 read -c ofKeyReleased.lua;
#X connect 0 0 3 0;
#X connect 1 0 5 0;
#X connect 3 0 2 0;
#X connect 5 0 4 0;
#N canvas 321 23 601 547 10;
#X declare -path ofelia/abs;
#X obj 0 0 cnv 15 580 40 empty empty ofLaunchedWithURL 3 12 0 18 -204280
-1 0;
#X obj 0 341 cnv 3 580 3 empty empty inlets 8 12 0 13 -228856 -1 0
;
#X obj 0 390 cnv 3 580 3 empty empty outlets 8 12 0 13 -228856 -1 0
;
#X obj 75 349 cnv 17 3 17 empty empty 0 5 9 0 16 -228856 -162280 0
;
#X obj 0 426 cnv 3 580 3 empty empty arguments 8 12 0 13 -228856 -1
0;
#X obj 191 272 print;
#X obj 75 398 cnv 17 3 17 empty empty 0 5 9 0 16 -228856 -162280 0
;
#X obj 469 5 ofLaunchedWithURL;
#X obj 191 236 ofLaunchedWithURL 50;
#X text 21 43 [ofLaunchedWithURL] is used to detect when the app is
launched with a URL on iOS;
#X text 11 23 listen when the app is launched with a URL on iOS;
#X text 232 272 outputs the URL when the app is launched with a URL.
;
#X text 95 399 symbol;
#X text 211 399 - outputs the URL when the app is launched with a URL.
;
#X floatatom 191 134 5 0 0 0 - - -;
#X obj 211 180 tgl 15 0 empty empty empty 17 7 0 10 -262144 -1 -1 0
1;
#X text 232 179 0: disable / 1: enable the listener. (default: 1);
#X text 227 134 change the listening order. (default: 50);
#X msg 211 200 setEnabled \$1;
#X msg 191 154 setOrder \$1;
#X text 95 350 setOrder <f>;
#X text 211 350 - change the listening order. (default: 50);
#X text 95 365 setEnabled <f>;
#X text 211 365 - 0: disable / 1: enable the listener. (default: 1)
;
#X obj 0 491 cnv 15 580 21 empty empty empty 20 12 0 14 -228856 -66577
0;
#X text 72 451 1) float;
#X text 211 451 - the listening order. (default: 50);
#X text 72 466 2) float;
#X text 211 466 - 0: disable / 1: enable the listener. (default: 1)
;
#X obj 432 46 declare -path ofelia/abs;
#X connect 8 0 5 0;
#X connect 14 0 19 0;
#X connect 15 0 18 0;
#X connect 18 0 8 0;
#X connect 19 0 8 0;
local log = ofLog("ofLaunchedWithURL")
local canvas = ofCanvas(this)
local order, enabled = 50, true

function M.new()
  local args = canvas:getArgs()
  if #args == 1 then
    order = args[1]
  elseif #args == 2 then
    order, enabled = args[1], args[2] ~= 0
  elseif #args ~= 0 then
    log:error("requires 1 or 2 creation argument")
  end
  ofWindow.addListener("launchedWithURL", this, order)
end

function M.setOrder(f)
  order = f
  ofWindow.addListener("launchedWithURL", this, order)
end

function M.setEnabled(b)
  enabled = b ~= 0
end

function M.free()
  ofWindow.removeListener("launchedWithURL", this)
end

function M.launchedWithURL(e)
  if not enabled then
    return
  end
  return e
end#N canvas 397 307 444 239 10;
#X obj 32 107 inlet;
#X obj 32 29 loadbang;
#X obj 32 149 outlet;
#X obj 32 128 ofelia d \$0-of;
#X obj 32 71 s \$0-of;
#X msg 32 50 read -c ofLaunchedWithURL.lua;
#X connect 0 0 3 0;
#X connect 1 0 5 0;
#X connect 3 0 2 0;
#X connect 5 0 4 0;
#N canvas 321 23 601 545 10;
#X declare -path ofelia/abs;
#X obj 0 0 cnv 15 580 40 empty empty ofLostFocus 3 12 0 18 -204280
-1 0;
#X obj 0 341 cnv 3 580 3 empty empty inlets 8 12 0 13 -228856 -1 0
;
#X obj 0 390 cnv 3 580 3 empty empty outlets 8 12 0 13 -228856 -1 0
;
#X obj 0 426 cnv 3 580 3 empty empty arguments 8 12 0 13 -228856 -1
0;
#X obj 75 398 cnv 17 3 17 empty empty 0 5 9 0 16 -228856 -162280 0
;
#X text 95 399 bang;
#X obj 505 5 ofLostFocus;
#X text 11 23 listen when the app loses focus on iOS;
#X text 21 43 [ofLostFocus] is used to detect the app losing focus
on an iOS device.;
#X text 211 399 - outputs bang when the app loses focus.;
#X obj 191 262 print;
#X floatatom 191 124 5 0 0 0 - - -;
#X obj 211 170 tgl 15 0 empty empty empty 17 7 0 10 -262144 -1 -1 0
1;
#X text 232 169 0: disable / 1: enable the listener. (default: 1);
#X text 227 124 change the listening order. (default: 50);
#X msg 211 190 setEnabled \$1;
#X msg 191 144 setOrder \$1;
#X text 232 262 outputs bang when the app loses focus on iOS device.
;
#X obj 75 349 cnv 17 3 17 empty empty 0 5 9 0 16 -228856 -162280 0
;
#X text 95 350 setOrder <f>;
#X text 211 350 - change the listening order. (default: 50);
#X text 95 365 setEnabled <f>;
#X text 211 365 - 0: disable / 1: enable the listener. (default: 1)
;
#X obj 0 491 cnv 15 580 21 empty empty empty 20 12 0 14 -228856 -66577
0;
#X text 72 451 1) float;
#X text 211 451 - the listening order. (default: 50);
#X text 72 466 2) float;
#X text 211 466 - 0: disable / 1: enable the listener. (default: 1)
;
#X obj 191 226 ofLostFocus 50;
#X obj 432 46 declare -path ofelia/abs;
#X connect 11 0 16 0;
#X connect 12 0 15 0;
#X connect 15 0 28 0;
#X connect 16 0 28 0;
#X connect 28 0 10 0;
local log = ofLog("ofLostFocus")
local canvas = ofCanvas(this)
local order, enabled = 50, true

function M.new()
  local args = canvas:getArgs()
  if #args == 1 then
    order = args[1]
  elseif #args == 2 then
    order, enabled = args[1], args[2] ~= 0
  elseif #args ~= 0 then
    log:error("requires 1 or 2 creation arguments")
  end
  ofWindow.addListener("lostFocus", this, order)
end

function M.setOrder(f)
  order = f
  ofWindow.addListener("lostFocus", this, order)
end

function M.setEnabled(b)
  enabled = b ~= 0
end

function M.free()
  ofWindow.removeListener("lostFocus", this)
end

function M.lostFocus()
  if not enabled then
    return
  end
  return nil
end#N canvas 397 307 444 239 10;
#X obj 32 107 inlet;
#X obj 32 29 loadbang;
#X obj 32 149 outlet;
#X obj 32 128 ofelia d \$0-of;
#X obj 32 71 s \$0-of;
#X msg 32 50 read -c ofLostFocus.lua;
#X connect 0 0 3 0;
#X connect 1 0 5 0;
#X connect 3 0 2 0;
#X connect 5 0 4 0;
#N canvas 321 23 601 545 10;
#X declare -path ofelia/abs;
#X obj 0 0 cnv 15 580 40 empty empty ofMessageReceived 3 12 0 18 -204280
-1 0;
#X obj 0 341 cnv 3 580 3 empty empty inlets 8 12 0 13 -228856 -1 0
;
#X obj 0 390 cnv 3 580 3 empty empty outlets 8 12 0 13 -228856 -1 0
;
#X obj 0 426 cnv 3 580 3 empty empty arguments 8 12 0 13 -228856 -1
0;
#X obj 171 282 print;
#X obj 75 398 cnv 17 3 17 empty empty 0 5 9 0 16 -228856 -162280 0
;
#X obj 23 129 ofWindow;
#X obj 23 87 loadbang;
#X msg 23 108 setPosition 0 0 \, setSize 640 480 \, create;
#X text 11 23 listen to the messages sent from ofSendMessage;
#X obj 171 246 ofMessageReceived 50;
#X obj 469 5 ofMessageReceived;
#X text 21 43 [ofMessageReceived] is used to receive messages sent
from [ofSendMessage];
#X floatatom 312 246 5 0 0 0 - - -;
#X msg 359 246 symbol Hello;
#X text 95 399 float/symbol;
#X text 447 245 send any message.;
#X text 211 399 - outputs the received message sent from [ofSendMessage]
;
#X floatatom 171 144 5 0 0 0 - - -;
#X obj 191 190 tgl 15 0 empty empty empty 17 7 0 10 -262144 -1 -1 0
1;
#X text 212 189 0: disable / 1: enable the listener. (default: 1);
#X text 207 144 change the listening order. (default: 50);
#X msg 191 210 setEnabled \$1;
#X msg 171 164 setOrder \$1;
#X obj 75 349 cnv 17 3 17 empty empty 0 5 9 0 16 -228856 -162280 0
;
#X text 95 350 setOrder <f>;
#X text 211 350 - change the listening order. (default: 50);
#X text 95 365 setEnabled <f>;
#X text 211 365 - 0: disable / 1: enable the listener. (default: 1)
;
#X obj 0 491 cnv 15 580 21 empty empty empty 20 12 0 14 -228856 -66577
0;
#X text 72 451 1) float;
#X text 211 451 - the listening order. (default: 50);
#X text 72 466 2) float;
#X text 211 466 - 0: disable / 1: enable the listener. (default: 1)
;
#X obj 312 282 ofelia f \; ofSendMessage(a) \;;
#X obj 432 46 declare -path ofelia/abs;
#X connect 7 0 8 0;
#X connect 8 0 6 0;
#X connect 10 0 4 0;
#X connect 13 0 34 0;
#X connect 14 0 34 0;
#X connect 18 0 23 0;
#X connect 19 0 22 0;
#X connect 22 0 10 0;
#X connect 23 0 10 0;
local log = ofLog("ofMessageReceived")
local canvas = ofCanvas(this)
local order, enabled = 50, true

function M.new()
  local args = canvas:getArgs()
  if #args == 1 then
    order = args[1]
  elseif #args == 2 then
    order, enabled = args[1], args[2] ~= 0
  elseif #args ~= 0 then
    log:error("requires 1 or 2 creation arguments")
  end
  ofWindow.addListener("messageReceived", this, order)
end

function M.setOrder(f)
  order = f
  ofWindow.addListener("messageReceived", this, order)
end

function M.setEnabled(b)
  enabled = b ~= 0
end

function M.free()
  ofWindow.removeListener("messageReceived", this)
end

function M.messageReceived(e)
  if not enabled then
    return
  end
  return e.message
end#N canvas 397 307 444 239 10;
#X obj 32 107 inlet;
#X obj 32 29 loadbang;
#X obj 32 149 outlet;
#X obj 32 128 ofelia d \$0-of;
#X obj 32 71 s \$0-of;
#X msg 32 50 read -c ofMessageReceived.lua;
#X connect 0 0 3 0;
#X connect 1 0 5 0;
#X connect 3 0 2 0;
#X connect 5 0 4 0;
#N canvas 321 23 601 575 10;
#X declare -path ofelia/abs;
#X obj 0 0 cnv 15 580 40 empty empty ofMouseDragged 3 12 0 18 -204280
-1 0;
#X obj 201 262 print;
#X obj 23 129 ofWindow;
#X obj 23 87 loadbang;
#X msg 23 108 setPosition 0 0 \, setSize 640 480 \, create;
#X text 11 23 listen to the mouse drag event;
#X obj 487 5 ofMouseDragged;
#X obj 201 236 ofMouseDragged 50;
#X text 21 43 [ofMouseDragged] is used to detect the mouse dragging
event while the window is focused.;
#X text 242 262 outputs the mouse events as a list.;
#X floatatom 201 134 5 0 0 0 - - -;
#X obj 221 180 tgl 15 0 empty empty empty 17 7 0 10 -262144 -1 -1 0
1;
#X text 242 179 0: disable / 1: enable the listener. (default: 1);
#X text 237 134 change the listening order. (default: 50);
#X msg 221 200 setEnabled \$1;
#X msg 201 154 setOrder \$1;
#X text 240 306 - full: type \, x \, y \, button \, scrollX \, scrollY
\, modifiers.;
#X text 240 286 - simplified: x \, y \, button.;
#X obj 0 341 cnv 3 580 3 empty empty inlets 8 12 0 13 -228856 -1 0
;
#X obj 0 405 cnv 3 580 3 empty empty outlets 8 12 0 13 -228856 -1 0
;
#X obj 0 441 cnv 3 580 3 empty empty arguments 8 12 0 13 -228856 -1
0;
#X obj 75 413 cnv 17 3 17 empty empty 0 5 9 0 16 -228856 -162280 0
;
#X text 95 414 list;
#X obj 75 349 cnv 17 3 17 empty empty 0 5 9 0 16 -228856 -162280 0
;
#X text 95 350 setOrder <f>;
#X text 211 350 - change the listening order. (default: 50);
#X text 95 365 setEnabled <f>;
#X text 211 365 - 0: disable / 1: enable the listener. (default: 1)
;
#X obj 0 521 cnv 15 580 21 empty empty empty 20 12 0 14 -228856 -66577
0;
#X text 72 466 1) float;
#X text 211 466 - the listening order. (default: 50);
#X text 72 481 2) float;
#X text 211 481 - 0: disable / 1: enable the listener. (default: 1)
;
#X text 72 496 3) float;
#X text 95 380 setSimplify <f>;
#X text 211 380 - whether to output full(0) or simplified(1). (default:
1);
#X text 211 496 - whether to output full(0) or simplified(1). (default:
1);
#X text 211 414 - outputs the key events as a full or simplified list.
;
#X obj 432 46 declare -path ofelia/abs;
#X connect 3 0 4 0;
#X connect 4 0 2 0;
#X connect 7 0 1 0;
#X connect 10 0 15 0;
#X connect 11 0 14 0;
#X connect 14 0 7 0;
#X connect 15 0 7 0;
local log = ofLog("ofMouseDragged")
local canvas = ofCanvas(this)
local order, enabled, simplify = 50, true, true

function M.new()
  local args = canvas:getArgs()
  if #args == 1 then
    order = args[1]
  elseif #args == 2 then
    order, enabled = args[1], args[2] ~= 0
  elseif #args == 3 then
    order, enabled, simplify = args[1], args[2] ~= 0, args[3] ~= 0
  elseif #args ~= 0 then
    log:error("requires 1, 2 or 3 creation arguments")
  end
  ofWindow.addListener("mouseDragged", this, order)
end

function M.setOrder(f)
  order = f
  ofWindow.addListener("mouseDragged", this, order)
end

function M.setEnabled(b)
  enabled = b ~= 0
end

function M.setSimplify(b)
  simplify = b ~= 0
end

function M.free()
  ofWindow.removeListener("mouseDragged", this)
end

function M.mouseDragged(e)
  if not enabled then
    return
  end
  if not simplify then
    return {e.type, e.x, e.y, e.button, e.scrollX, e.scrollY, e.modifiers}
  end
  return {e.x, e.y, e.button}
end#N canvas 397 307 444 239 10;
#X obj 32 107 inlet;
#X obj 32 29 loadbang;
#X obj 32 149 outlet;
#X obj 32 128 ofelia d \$0-of;
#X obj 32 71 s \$0-of;
#X msg 32 50 read -c ofMouseDragged.lua;
#X connect 0 0 3 0;
#X connect 1 0 5 0;
#X connect 3 0 2 0;
#X connect 5 0 4 0;
#N canvas 321 23 601 575 10;
#X declare -path ofelia/abs;
#X obj 0 0 cnv 15 580 40 empty empty ofMouseEntered 3 12 0 18 -204280
-1 0;
#X obj 23 129 ofWindow;
#X obj 23 87 loadbang;
#X msg 23 108 setPosition 0 0 \, setSize 640 480 \, create;
#X obj 487 5 ofMouseEntered;
#X text 11 23 listen when the mouse cursor enters the window area;
#X text 21 43 [ofMouseEntered] is used to detect when the mouse cursor
enters the window area while the window is focused.;
#X obj 201 262 print;
#X text 242 262 outputs the mouse events as a list.;
#X floatatom 201 134 5 0 0 0 - - -;
#X obj 221 180 tgl 15 0 empty empty empty 17 7 0 10 -262144 -1 -1 0
1;
#X text 242 179 0: disable / 1: enable the listener. (default: 1);
#X text 237 134 change the listening order. (default: 50);
#X msg 221 200 setEnabled \$1;
#X msg 201 154 setOrder \$1;
#X text 240 306 - full: type \, x \, y \, button \, scrollX \, scrollY
\, modifiers.;
#X text 240 286 - simplified: x \, y.;
#X obj 201 236 ofMouseEntered 50;
#X obj 0 341 cnv 3 580 3 empty empty inlets 8 12 0 13 -228856 -1 0
;
#X obj 0 405 cnv 3 580 3 empty empty outlets 8 12 0 13 -228856 -1 0
;
#X obj 0 441 cnv 3 580 3 empty empty arguments 8 12 0 13 -228856 -1
0;
#X obj 75 413 cnv 17 3 17 empty empty 0 5 9 0 16 -228856 -162280 0
;
#X text 95 414 list;
#X obj 75 349 cnv 17 3 17 empty empty 0 5 9 0 16 -228856 -162280 0
;
#X text 95 350 setOrder <f>;
#X text 211 350 - change the listening order. (default: 50);
#X text 95 365 setEnabled <f>;
#X text 211 365 - 0: disable / 1: enable the listener. (default: 1)
;
#X obj 0 521 cnv 15 580 21 empty empty empty 20 12 0 14 -228856 -66577
0;
#X text 72 466 1) float;
#X text 211 466 - the listening order. (default: 50);
#X text 72 481 2) float;
#X text 211 481 - 0: disable / 1: enable the listener. (default: 1)
;
#X text 72 496 3) float;
#X text 95 380 setSimplify <f>;
#X text 211 380 - whether to output full(0) or simplified(1). (default:
1);
#X text 211 496 - whether to output full(0) or simplified(1). (default:
1);
#X text 211 414 - outputs the key events as a full or simplified list.
;
#X obj 432 46 declare -path ofelia/abs;
#X connect 2 0 3 0;
#X connect 3 0 1 0;
#X connect 9 0 14 0;
#X connect 10 0 13 0;
#X connect 13 0 17 0;
#X connect 14 0 17 0;
#X connect 17 0 7 0;
local log = ofLog("ofMouseEntered")
local canvas = ofCanvas(this)
local order, enabled, simplify = 50, true, true

function M.new()
  local args = canvas:getArgs()
  if #args == 1 then
    order = args[1]
  elseif #args == 2 then
    order, enabled = args[1], args[2] ~= 0
  elseif #args == 3 then
    order, enabled, simplify = args[1], args[2] ~= 0, args[3] ~= 0
  elseif #args ~= 0 then
    log:error("requires 1, 2 or 3 creation arguments")
  end
  ofWindow.addListener("mouseEntered", this, order)
end

function M.setOrder(f)
  order = f
  ofWindow.addListener("mouseEntered", this, order)
end

function M.setEnabled(b)
  enabled = b ~= 0
end

function M.setSimplify(b)
  simplify = b ~= 0
end

function M.free()
  ofWindow.removeListener("mouseEntered", this)
end

function M.mouseEntered(e)
  if not enabled then
    return
  end
  if not simplify then
    return {e.type, e.x, e.y, e.button, e.scrollX, e.scrollY, e.modifiers}
  end
  return {e.x, e.y}
end#N canvas 397 307 444 239 10;
#X obj 32 107 inlet;
#X obj 32 29 loadbang;
#X obj 32 149 outlet;
#X obj 32 128 ofelia d \$0-of;
#X obj 32 71 s \$0-of;
#X msg 32 50 read -c ofMouseEntered.lua;
#X connect 0 0 3 0;
#X connect 1 0 5 0;
#X connect 3 0 2 0;
#X connect 5 0 4 0;
#N canvas 321 23 601 574 10;
#X declare -path ofelia/abs;
#X obj 0 0 cnv 15 580 40 empty empty ofMouseExited 3 12 0 18 -204280
-1 0;
#X obj 23 129 ofWindow;
#X obj 23 87 loadbang;
#X msg 23 108 setPosition 0 0 \, setSize 640 480 \, create;
#X obj 493 5 ofMouseExited;
#X text 11 23 listen when the mouse cursor leaves the window area;
#X text 21 43 [ofMouseExited] is used to detect when the mouse cursor
leaves the window area while the window is focused.;
#X obj 201 262 print;
#X text 242 262 outputs the mouse events as a list.;
#X floatatom 201 134 5 0 0 0 - - -;
#X obj 221 180 tgl 15 0 empty empty empty 17 7 0 10 -262144 -1 -1 0
1;
#X text 242 179 0: disable / 1: enable the listener. (default: 1);
#X text 237 134 change the listening order. (default: 50);
#X msg 221 200 setEnabled \$1;
#X msg 201 154 setOrder \$1;
#X text 240 306 - full: type \, x \, y \, button \, scrollX \, scrollY
\, modifiers.;
#X obj 0 341 cnv 3 580 3 empty empty inlets 8 12 0 13 -228856 -1 0
;
#X obj 0 405 cnv 3 580 3 empty empty outlets 8 12 0 13 -228856 -1 0
;
#X obj 0 441 cnv 3 580 3 empty empty arguments 8 12 0 13 -228856 -1
0;
#X obj 75 413 cnv 17 3 17 empty empty 0 5 9 0 16 -228856 -162280 0
;
#X text 95 414 list;
#X obj 75 349 cnv 17 3 17 empty empty 0 5 9 0 16 -228856 -162280 0
;
#X text 95 350 setOrder <f>;
#X text 211 350 - change the listening order. (default: 50);
#X text 95 365 setEnabled <f>;
#X text 211 365 - 0: disable / 1: enable the listener. (default: 1)
;
#X obj 0 521 cnv 15 580 21 empty empty empty 20 12 0 14 -228856 -66577
0;
#X text 72 466 1) float;
#X text 211 466 - the listening order. (default: 50);
#X text 72 481 2) float;
#X text 211 481 - 0: disable / 1: enable the listener. (default: 1)
;
#X text 72 496 3) float;
#X text 95 380 setSimplify <f>;
#X text 211 380 - whether to output full(0) or simplified(1). (default:
1);
#X text 211 496 - whether to output full(0) or simplified(1). (default:
1);
#X text 211 414 - outputs the key events as a full or simplified list.
;
#X obj 201 236 ofMouseExited 50;
#X text 240 286 - simplified: x \, y.;
#X obj 432 46 declare -path ofelia/abs;
#X connect 2 0 3 0;
#X connect 3 0 1 0;
#X connect 9 0 14 0;
#X connect 10 0 13 0;
#X connect 13 0 36 0;
#X connect 14 0 36 0;
#X connect 36 0 7 0;
local log = ofLog("ofMouseExited")
local canvas = ofCanvas(this)
local order, enabled, simplify = 50, true, true

function M.new()
  local args = canvas:getArgs()
  if #args == 1 then
    order = args[1]
  elseif #args == 2 then
    order, enabled = args[1], args[2] ~= 0
  elseif #args == 3 then
    order, enabled, simplify = args[1], args[2] ~= 0, args[3] ~= 0
  elseif #args ~= 0 then
    log:error("requires 1, 2 or 3 creation arguments")
  end
  ofWindow.addListener("mouseExited", this, order)
end

function M.setOrder(f)
  order = f
  ofWindow.addListener("mouseExited", this, order)
end

function M.setEnabled(b)
  enabled = b ~= 0
end

function M.setSimplify(b)
  simplify = b ~= 0
end

function M.free()
  ofWindow.removeListener("mouseExited", this)
end

function M.mouseExited(e)
  if not enabled then
    return
  end
  if not simplify then
    return {e.type, e.x, e.y, e.button, e.scrollX, e.scrollY, e.modifiers}
  end
  return {e.x, e.y}
end#N canvas 397 307 444 239 10;
#X obj 32 107 inlet;
#X obj 32 29 loadbang;
#X obj 32 149 outlet;
#X obj 32 128 ofelia d \$0-of;
#X obj 32 71 s \$0-of;
#X msg 32 50 read -c ofMouseExited.lua;
#X connect 0 0 3 0;
#X connect 1 0 5 0;
#X connect 3 0 2 0;
#X connect 5 0 4 0;
#N canvas 321 23 601 575 10;
#X declare -path ofelia/abs;
#X obj 0 0 cnv 15 580 40 empty empty ofMouseMoved 3 12 0 18 -204280
-1 0;
#X obj 23 129 ofWindow;
#X obj 23 87 loadbang;
#X msg 23 108 setPosition 0 0 \, setSize 640 480 \, create;
#X obj 499 5 ofMouseMoved;
#X text 11 23 listen to the mouse movement;
#X text 21 43 [ofMouseMoved] is used to detect the mouse movement while
the window is focused.;
#X obj 201 262 print;
#X text 242 262 outputs the mouse events as a list.;
#X floatatom 201 134 5 0 0 0 - - -;
#X obj 221 180 tgl 15 0 empty empty empty 17 7 0 10 -262144 -1 -1 0
1;
#X text 242 179 0: disable / 1: enable the listener. (default: 1);
#X text 237 134 change the listening order. (default: 50);
#X msg 221 200 setEnabled \$1;
#X msg 201 154 setOrder \$1;
#X text 240 306 - full: type \, x \, y \, button \, scrollX \, scrollY
\, modifiers.;
#X obj 0 341 cnv 3 580 3 empty empty inlets 8 12 0 13 -228856 -1 0
;
#X obj 0 405 cnv 3 580 3 empty empty outlets 8 12 0 13 -228856 -1 0
;
#X obj 0 441 cnv 3 580 3 empty empty arguments 8 12 0 13 -228856 -1
0;
#X obj 75 413 cnv 17 3 17 empty empty 0 5 9 0 16 -228856 -162280 0
;
#X text 95 414 list;
#X obj 75 349 cnv 17 3 17 empty empty 0 5 9 0 16 -228856 -162280 0
;
#X text 95 350 setOrder <f>;
#X text 211 350 - change the listening order. (default: 50);
#X text 95 365 setEnabled <f>;
#X text 211 365 - 0: disable / 1: enable the listener. (default: 1)
;
#X obj 0 521 cnv 15 580 21 empty empty empty 20 12 0 14 -228856 -66577
0;
#X text 72 466 1) float;
#X text 211 466 - the listening order. (default: 50);
#X text 72 481 2) float;
#X text 211 481 - 0: disable / 1: enable the listener. (default: 1)
;
#X text 72 496 3) float;
#X text 95 380 setSimplify <f>;
#X text 211 380 - whether to output full(0) or simplified(1). (default:
1);
#X text 211 496 - whether to output full(0) or simplified(1). (default:
1);
#X text 211 414 - outputs the key events as a full or simplified list.
;
#X text 240 286 - simplified: x \, y.;
#X obj 201 236 ofMouseMoved 50;
#X obj 432 46 declare -path ofelia/abs;
#X connect 2 0 3 0;
#X connect 3 0 1 0;
#X connect 9 0 14 0;
#X connect 10 0 13 0;
#X connect 13 0 37 0;
#X connect 14 0 37 0;
#X connect 37 0 7 0;
local log = ofLog("ofMouseMoved")
local canvas = ofCanvas(this)
local order, enabled, simplify = 50, true, true

function M.new()
  local args = canvas:getArgs()
  if #args == 1 then
    order = args[1]
  elseif #args == 2 then
    order, enabled = args[1], args[2] ~= 0
  elseif #args == 3 then
    order, enabled, simplify = args[1], args[2] ~= 0, args[3] ~= 0
  elseif #args ~= 0 then
    log:error("requires 1, 2 or 3 creation arguments")
  end
  ofWindow.addListener("mouseMoved", this, order)
end

function M.setOrder(f)
  order = f
  ofWindow.addListener("mouseMoved", this, order)
end

function M.setEnabled(b)
  enabled = b ~= 0
end

function M.setSimplify(b)
  simplify = b ~= 0
end

function M.free()
  ofWindow.removeListener("mouseMoved", this)
end

function M.mouseMoved(e)
  if not enabled then
    return
  end
  if not simplify then
    return {e.type, e.x, e.y, e.button, e.scrollX, e.scrollY, e.modifiers}
  end
  return {e.x, e.y}
end#N canvas 397 307 444 239 10;
#X obj 32 107 inlet;
#X obj 32 29 loadbang;
#X obj 32 149 outlet;
#X obj 32 128 ofelia d \$0-of;
#X obj 32 71 s \$0-of;
#X msg 32 50 read -c ofMouseMoved.lua;
#X connect 0 0 3 0;
#X connect 1 0 5 0;
#X connect 3 0 2 0;
#X connect 5 0 4 0;
#N canvas 321 23 601 575 10;
#X declare -path ofelia/abs;
#X obj 0 0 cnv 15 580 40 empty empty ofMousePressed 3 12 0 18 -204280
-1 0;
#X obj 23 129 ofWindow;
#X obj 23 87 loadbang;
#X msg 23 108 setPosition 0 0 \, setSize 640 480 \, create;
#X obj 487 5 ofMousePressed;
#X text 11 23 listen when the mouse is pushed down;
#X text 21 43 [ofMousePressed] is used to detect the mouse press while
the window is focused.;
#X obj 201 262 print;
#X text 242 262 outputs the mouse events as a list.;
#X floatatom 201 134 5 0 0 0 - - -;
#X obj 221 180 tgl 15 0 empty empty empty 17 7 0 10 -262144 -1 -1 0
1;
#X text 242 179 0: disable / 1: enable the listener. (default: 1);
#X text 237 134 change the listening order. (default: 50);
#X msg 221 200 setEnabled \$1;
#X msg 201 154 setOrder \$1;
#X text 240 306 - full: type \, x \, y \, button \, scrollX \, scrollY
\, modifiers.;
#X text 240 286 - simplified: x \, y \, button.;
#X obj 0 341 cnv 3 580 3 empty empty inlets 8 12 0 13 -228856 -1 0
;
#X obj 0 405 cnv 3 580 3 empty empty outlets 8 12 0 13 -228856 -1 0
;
#X obj 0 441 cnv 3 580 3 empty empty arguments 8 12 0 13 -228856 -1
0;
#X obj 75 413 cnv 17 3 17 empty empty 0 5 9 0 16 -228856 -162280 0
;
#X text 95 414 list;
#X obj 75 349 cnv 17 3 17 empty empty 0 5 9 0 16 -228856 -162280 0
;
#X text 95 350 setOrder <f>;
#X text 211 350 - change the listening order. (default: 50);
#X text 95 365 setEnabled <f>;
#X text 211 365 - 0: disable / 1: enable the listener. (default: 1)
;
#X obj 0 521 cnv 15 580 21 empty empty empty 20 12 0 14 -228856 -66577
0;
#X text 72 466 1) float;
#X text 211 466 - the listening order. (default: 50);
#X text 72 481 2) float;
#X text 211 481 - 0: disable / 1: enable the listener. (default: 1)
;
#X text 72 496 3) float;
#X text 95 380 setSimplify <f>;
#X text 211 380 - whether to output full(0) or simplified(1). (default:
1);
#X text 211 496 - whether to output full(0) or simplified(1). (default:
1);
#X text 211 414 - outputs the key events as a full or simplified list.
;
#X obj 201 236 ofMousePressed 50;
#X obj 432 46 declare -path ofelia/abs;
#X connect 2 0 3 0;
#X connect 3 0 1 0;
#X connect 9 0 14 0;
#X connect 10 0 13 0;
#X connect 13 0 37 0;
#X connect 14 0 37 0;
#X connect 37 0 7 0;
local log = ofLog("ofMousePressed")
local canvas = ofCanvas(this)
local order, enabled, simplify = 50, true, true

function M.new()
  local args = canvas:getArgs()
  if #args == 1 then
    order = args[1]
  elseif #args == 2 then
    order, enabled = args[1], args[2] ~= 0
  elseif #args == 3 then
    order, enabled, simplify = args[1], args[2] ~= 0, args[3] ~= 0
  elseif #args ~= 0 then
    log:error("requires 1, 2 or 3 creation arguments")
  end
  ofWindow.addListener("mousePressed", this, order)
end

function M.setOrder(f)
  order = f
  ofWindow.addListener("mousePressed", this, order)
end

function M.setEnabled(b)
  enabled = b ~= 0
end

function M.setSimplify(b)
  simplify = b ~= 0
end

function M.free()
  ofWindow.removeListener("mousePressed", this)
end

function M.mousePressed(e)
  if not enabled then
    return
  end
  if not simplify then
    return {e.type, e.x, e.y, e.button, e.scrollX, e.scrollY, e.modifiers}
  end
  return {e.x, e.y, e.button}
end#N canvas 397 307 444 239 10;
#X obj 32 107 inlet;
#X obj 32 29 loadbang;
#X obj 32 149 outlet;
#X obj 32 128 ofelia d \$0-of;
#X obj 32 71 s \$0-of;
#X msg 32 50 read -c ofMousePressed.lua;
#X connect 0 0 3 0;
#X connect 1 0 5 0;
#X connect 3 0 2 0;
#X connect 5 0 4 0;
#N canvas 321 23 601 574 10;
#X declare -path ofelia/abs;
#X obj 0 0 cnv 15 580 40 empty empty ofMouseReleased 3 12 0 18 -204280
-1 0;
#X obj 23 129 ofWindow;
#X obj 23 87 loadbang;
#X msg 23 108 setPosition 0 0 \, setSize 640 480 \, create;
#X obj 481 5 ofMouseReleased;
#X text 11 23 listen when the mouse is released;
#X text 21 43 [ofMouseReleased] is used to detect the mouse release
while the window is focused.;
#X obj 201 262 print;
#X text 242 262 outputs the mouse events as a list.;
#X floatatom 201 134 5 0 0 0 - - -;
#X obj 221 180 tgl 15 0 empty empty empty 17 7 0 10 -262144 -1 -1 0
1;
#X text 242 179 0: disable / 1: enable the listener. (default: 1);
#X text 237 134 change the listening order. (default: 50);
#X msg 221 200 setEnabled \$1;
#X msg 201 154 setOrder \$1;
#X text 240 306 - full: type \, x \, y \, button \, scrollX \, scrollY
\, modifiers.;
#X text 240 286 - simplified: x \, y \, button.;
#X obj 0 341 cnv 3 580 3 empty empty inlets 8 12 0 13 -228856 -1 0
;
#X obj 0 405 cnv 3 580 3 empty empty outlets 8 12 0 13 -228856 -1 0
;
#X obj 0 441 cnv 3 580 3 empty empty arguments 8 12 0 13 -228856 -1
0;
#X obj 75 413 cnv 17 3 17 empty empty 0 5 9 0 16 -228856 -162280 0
;
#X text 95 414 list;
#X obj 75 349 cnv 17 3 17 empty empty 0 5 9 0 16 -228856 -162280 0
;
#X text 95 350 setOrder <f>;
#X text 211 350 - change the listening order. (default: 50);
#X text 95 365 setEnabled <f>;
#X text 211 365 - 0: disable / 1: enable the listener. (default: 1)
;
#X obj 0 521 cnv 15 580 21 empty empty empty 20 12 0 14 -228856 -66577
0;
#X text 72 466 1) float;
#X text 211 466 - the listening order. (default: 50);
#X text 72 481 2) float;
#X text 211 481 - 0: disable / 1: enable the listener. (default: 1)
;
#X text 72 496 3) float;
#X text 95 380 setSimplify <f>;
#X text 211 380 - whether to output full(0) or simplified(1). (default:
1);
#X text 211 496 - whether to output full(0) or simplified(1). (default:
1);
#X text 211 414 - outputs the key events as a full or simplified list.
;
#X obj 201 236 ofMouseReleased 50;
#X obj 432 46 declare -path ofelia/abs;
#X connect 2 0 3 0;
#X connect 3 0 1 0;
#X connect 9 0 14 0;
#X connect 10 0 13 0;
#X connect 13 0 37 0;
#X connect 14 0 37 0;
#X connect 37 0 7 0;
local log = ofLog("ofMouseReleased")
local canvas = ofCanvas(this)
local order, enabled, simplify = 50, true, true

function M.new()
  local args = canvas:getArgs()
  if #args == 1 then
    order = args[1]
  elseif #args == 2 then
    order, enabled = args[1], args[2] ~= 0
  elseif #args == 3 then
    order, enabled, simplify = args[1], args[2] ~= 0, args[3] ~= 0
  elseif #args ~= 0 then
    log:error("requires 1, 2 or 3 creation arguments")
  end
  ofWindow.addListener("mouseReleased", this, order)
end

function M.setOrder(f)
  order = f
  ofWindow.addListener("mouseReleased", this, order)
end

function M.setEnabled(b)
  enabled = b ~= 0
end

function M.setSimplify(b)
  simplify = b ~= 0
end

function M.free()
  ofWindow.removeListener("mouseReleased", this)
end

function M.mouseReleased(e)
  if not enabled then
    return
  end
  if not simplify then
    return {e.type, e.x, e.y, e.button, e.scrollX, e.scrollY, e.modifiers}
  end
  return {e.x, e.y, e.button}
end#N canvas 397 307 444 239 10;
#X obj 32 107 inlet;
#X obj 32 29 loadbang;
#X obj 32 149 outlet;
#X obj 32 128 ofelia d \$0-of;
#X obj 32 71 s \$0-of;
#X msg 32 50 read -c ofMouseReleased.lua;
#X connect 0 0 3 0;
#X connect 1 0 5 0;
#X connect 3 0 2 0;
#X connect 5 0 4 0;
#N canvas 321 23 601 576 10;
#X declare -path ofelia/abs;
#X obj 0 0 cnv 15 580 40 empty empty ofMouseScrolled 3 12 0 18 -204280
-1 0;
#X obj 23 129 ofWindow;
#X obj 23 87 loadbang;
#X msg 23 108 setPosition 0 0 \, setSize 640 480 \, create;
#X obj 481 5 ofMouseScrolled;
#X text 11 23 listen when the mouse wheel is scrolled;
#X text 21 43 [ofMouseScrolled] is used to detect the mouse scrolling
while the window is focused.;
#X obj 201 262 print;
#X text 242 262 outputs the mouse events as a list.;
#X floatatom 201 134 5 0 0 0 - - -;
#X obj 221 180 tgl 15 0 empty empty empty 17 7 0 10 -262144 -1 -1 0
1;
#X text 242 179 0: disable / 1: enable the listener. (default: 1);
#X text 237 134 change the listening order. (default: 50);
#X msg 221 200 setEnabled \$1;
#X msg 201 154 setOrder \$1;
#X text 240 306 - full: type \, x \, y \, button \, scrollX \, scrollY
\, modifiers.;
#X obj 0 341 cnv 3 580 3 empty empty inlets 8 12 0 13 -228856 -1 0
;
#X obj 0 405 cnv 3 580 3 empty empty outlets 8 12 0 13 -228856 -1 0
;
#X obj 0 441 cnv 3 580 3 empty empty arguments 8 12 0 13 -228856 -1
0;
#X obj 75 413 cnv 17 3 17 empty empty 0 5 9 0 16 -228856 -162280 0
;
#X text 95 414 list;
#X obj 75 349 cnv 17 3 17 empty empty 0 5 9 0 16 -228856 -162280 0
;
#X text 95 350 setOrder <f>;
#X text 211 350 - change the listening order. (default: 50);
#X text 95 365 setEnabled <f>;
#X text 211 365 - 0: disable / 1: enable the listener. (default: 1)
;
#X obj 0 521 cnv 15 580 21 empty empty empty 20 12 0 14 -228856 -66577
0;
#X text 72 466 1) float;
#X text 211 466 - the listening order. (default: 50);
#X text 72 481 2) float;
#X text 211 481 - 0: disable / 1: enable the listener. (default: 1)
;
#X text 72 496 3) float;
#X text 95 380 setSimplify <f>;
#X text 211 380 - whether to output full(0) or simplified(1). (default:
1);
#X text 211 496 - whether to output full(0) or simplified(1). (default:
1);
#X text 211 414 - outputs the key events as a full or simplified list.
;
#X obj 201 236 ofMouseScrolled 50;
#X text 240 286 - simplified: x \, y \, scrollX \, scrollY.;
#X obj 432 46 declare -path ofelia/abs;
#X connect 2 0 3 0;
#X connect 3 0 1 0;
#X connect 9 0 14 0;
#X connect 10 0 13 0;
#X connect 13 0 36 0;
#X connect 14 0 36 0;
#X connect 36 0 7 0;
local log = ofLog("ofMouseScrolled")
local canvas = ofCanvas(this)
local order, enabled, simplify = 50, true, true

function M.new()
  local args = canvas:getArgs()
  if #args == 1 then
    order = args[1]
  elseif #args == 2 then
    order, enabled = args[1], args[2] ~= 0
  elseif #args == 3 then
    order, enabled, simplify = args[1], args[2] ~= 0, args[3] ~= 0
  elseif #args ~= 0 then
    log:error("requires 1, 2 or 3 creation arguments")
  end
  ofWindow.addListener("mouseScrolled", this, order)
end

function M.setOrder(f)
  order = f
  ofWindow.addListener("mouseScrolled", this, order)
end

function M.setEnabled(b)
  enabled = b ~= 0
end

function M.setSimplify(b)
  simplify = b ~= 0
end

function M.free()
  ofWindow.removeListener("mouseScrolled", this)
end

function M.mouseScrolled(e)
  if not enabled then
    return
  end
  if not simplify then
    return {e.type, e.x, e.y, e.button, e.scrollX, e.scrollY, e.modifiers}
  end
  return {e.x, e.y, e.scrollX, e.scrollY}
end#N canvas 397 307 444 239 10;
#X obj 32 107 inlet;
#X obj 32 29 loadbang;
#X obj 32 149 outlet;
#X obj 32 128 ofelia d \$0-of;
#X obj 32 71 s \$0-of;
#X msg 32 50 read -c ofMouseScrolled.lua;
#X connect 0 0 3 0;
#X connect 1 0 5 0;
#X connect 3 0 2 0;
#X connect 5 0 4 0;
#N canvas 321 23 601 542 10;
#X declare -path ofelia/abs;
#X obj 0 0 cnv 15 580 40 empty empty ofOkPressed 3 12 0 18 -204280
-1 0;
#X obj 505 5 ofOkPressed;
#X text 11 23 listen to the OK button press on Android;
#X text 21 43 [ofOkPressed] is used to detect the OK button press on
an Android device.;
#X obj 201 262 print;
#X floatatom 201 124 5 0 0 0 - - -;
#X obj 221 170 tgl 15 0 empty empty empty 17 7 0 10 -262144 -1 -1 0
1;
#X text 242 169 0: disable / 1: enable the listener. (default: 1);
#X text 237 124 change the listening order. (default: 50);
#X msg 221 190 setEnabled \$1;
#X msg 201 144 setOrder \$1;
#X text 242 262 outputs bang when the OK button is pressed on an Android
device.;
#X obj 201 226 ofOkPressed 50;
#X obj 0 341 cnv 3 580 3 empty empty inlets 8 12 0 13 -228856 -1 0
;
#X obj 0 392 cnv 3 580 3 empty empty outlets 8 12 0 13 -228856 -1 0
;
#X obj 75 349 cnv 17 3 17 empty empty 0 5 9 0 16 -228856 -162280 0
;
#X obj 0 491 cnv 15 580 21 empty empty empty 20 12 0 14 -228856 -66577
0;
#X obj 0 428 cnv 3 580 3 empty empty arguments 8 12 0 13 -228856 -1
0;
#X text 72 451 1) float;
#X obj 75 400 cnv 17 3 17 empty empty 0 5 9 0 16 -228856 -162280 0
;
#X text 95 401 bang;
#X text 211 451 - the listening order. (default: 50);
#X text 72 466 2) float;
#X text 211 466 - 0: disable / 1: enable the listener. (default: 1)
;
#X text 95 350 setOrder <f>;
#X text 211 350 - change the listening order. (default: 50);
#X text 95 365 setEnabled <f>;
#X text 211 365 - 0: disable / 1: enable the listener. (default: 1)
;
#X text 211 401 - outputs bang when the OK button is pressed.;
#X obj 432 46 declare -path ofelia/abs;
#X connect 5 0 10 0;
#X connect 6 0 9 0;
#X connect 9 0 12 0;
#X connect 10 0 12 0;
#X connect 12 0 4 0;
local log = ofLog("ofOkPressed")
local canvas = ofCanvas(this)
local order, enabled = 50, true

function M.new()
  local args = canvas:getArgs()
  if #args == 1 then
    order = args[1]
  elseif #args == 2 then
    order, enabled = args[1], args[2] ~= 0
  elseif #args ~= 0 then
    log:error("requires 1 or 2 creation arguments")
  end
  ofWindow.addListener("okPressed", this, order)
end

function M.setOrder(f)
  order = f
  ofWindow.addListener("okPressed", this, order)
end

function M.setEnabled(b)
  enabled = b ~= 0
end

function M.free()
  ofWindow.removeListener("okPressed", this)
end

function M.okPressed()
  if not enabled then
    return
  end
  return nil
end#N canvas 397 307 444 239 10;
#X obj 32 107 inlet;
#X obj 32 29 loadbang;
#X obj 32 149 outlet;
#X obj 32 128 ofelia d \$0-of;
#X obj 32 71 s \$0-of;
#X msg 32 50 read -c ofOkPressed.lua;
#X connect 0 0 3 0;
#X connect 1 0 5 0;
#X connect 3 0 2 0;
#X connect 5 0 4 0;
#N canvas 321 23 601 542 10;
#X declare -path ofelia/abs;
#X obj 0 0 cnv 15 580 40 empty empty ofPause 3 12 0 18 -204280 -1 0
;
#X obj 529 5 ofPause;
#X text 11 23 listen when the app is paused on Android;
#X text 21 43 [ofPause] is used to detect when the app is paused on
an Android device.;
#X obj 191 262 print;
#X floatatom 191 124 5 0 0 0 - - -;
#X obj 211 170 tgl 15 0 empty empty empty 17 7 0 10 -262144 -1 -1 0
1;
#X text 232 169 0: disable / 1: enable the listener. (default: 1);
#X text 227 124 change the listening order. (default: 50);
#X msg 211 190 setEnabled \$1;
#X msg 191 144 setOrder \$1;
#X text 232 262 outputs bang when the app is paused on an Android device.
;
#X obj 0 341 cnv 3 580 3 empty empty inlets 8 12 0 13 -228856 -1 0
;
#X obj 0 392 cnv 3 580 3 empty empty outlets 8 12 0 13 -228856 -1 0
;
#X obj 75 349 cnv 17 3 17 empty empty 0 5 9 0 16 -228856 -162280 0
;
#X obj 0 491 cnv 15 580 21 empty empty empty 20 12 0 14 -228856 -66577
0;
#X obj 0 428 cnv 3 580 3 empty empty arguments 8 12 0 13 -228856 -1
0;
#X text 72 451 1) float;
#X obj 75 400 cnv 17 3 17 empty empty 0 5 9 0 16 -228856 -162280 0
;
#X text 95 401 bang;
#X text 211 451 - the listening order. (default: 50);
#X text 72 466 2) float;
#X text 211 466 - 0: disable / 1: enable the listener. (default: 1)
;
#X text 95 350 setOrder <f>;
#X text 211 350 - change the listening order. (default: 50);
#X text 95 365 setEnabled <f>;
#X text 211 365 - 0: disable / 1: enable the listener. (default: 1)
;
#X text 211 401 - outputs bang when the app is paused.;
#X obj 191 226 ofPause 50;
#X obj 432 46 declare -path ofelia/abs;
#X connect 5 0 10 0;
#X connect 6 0 9 0;
#X connect 9 0 28 0;
#X connect 10 0 28 0;
#X connect 28 0 4 0;
local log = ofLog("ofPause")
local canvas = ofCanvas(this)
local order, enabled = 50, true

function M.new()
  local args = canvas:getArgs()
  if #args == 1 then
    order = args[1]
  elseif #args == 2 then
    order, enabled = args[1], args[2] ~= 0
  elseif #args ~= 0 then
    log:error("requires 1 or 2 creation arguments")
  end
  ofWindow.addListener("pause", this, order)
end

function M.setOrder(f)
  order = f
  ofWindow.addListener("pause", this, order)
end

function M.setEnabled(b)
  enabled = b ~= 0
end

function M.free()
  ofWindow.removeListener("pause", this)
end

function M.pause()
  if not enabled then
    return
  end
  return nil
end#N canvas 397 307 444 239 10;
#X obj 32 107 inlet;
#X obj 32 29 loadbang;
#X obj 32 149 outlet;
#X obj 32 128 ofelia d \$0-of;
#X obj 32 71 s \$0-of;
#X msg 32 50 read -c ofPause.lua;
#X connect 0 0 3 0;
#X connect 1 0 5 0;
#X connect 3 0 2 0;
#X connect 5 0 4 0;
#N canvas 321 23 601 542 10;
#X declare -path ofelia/abs;
#X obj 0 0 cnv 15 580 40 empty empty ofReloadTextures 3 12 0 18 -204280
-1 0;
#X obj 475 5 ofReloadTextures;
#X text 11 23 listen when the textures need to be reloaded on Android
;
#X text 21 43 [ofReloadTextures] is used to detect when the textures
need to be reloaded on an Android device.;
#X obj 191 262 print;
#X floatatom 191 124 5 0 0 0 - - -;
#X obj 211 170 tgl 15 0 empty empty empty 17 7 0 10 -262144 -1 -1 0
1;
#X text 232 169 0: disable / 1: enable the listener. (default: 1);
#X text 227 124 change the listening order. (default: 50);
#X msg 211 190 setEnabled \$1;
#X msg 191 144 setOrder \$1;
#X text 232 262 outputs bang when the textures need to be reloaded
on an Android device.;
#X obj 0 341 cnv 3 580 3 empty empty inlets 8 12 0 13 -228856 -1 0
;
#X obj 0 392 cnv 3 580 3 empty empty outlets 8 12 0 13 -228856 -1 0
;
#X obj 75 349 cnv 17 3 17 empty empty 0 5 9 0 16 -228856 -162280 0
;
#X obj 0 491 cnv 15 580 21 empty empty empty 20 12 0 14 -228856 -66577
0;
#X obj 0 428 cnv 3 580 3 empty empty arguments 8 12 0 13 -228856 -1
0;
#X text 72 451 1) float;
#X obj 75 400 cnv 17 3 17 empty empty 0 5 9 0 16 -228856 -162280 0
;
#X text 95 401 bang;
#X text 211 451 - the listening order. (default: 50);
#X text 72 466 2) float;
#X text 211 466 - 0: disable / 1: enable the listener. (default: 1)
;
#X text 95 350 setOrder <f>;
#X text 211 350 - change the listening order. (default: 50);
#X text 95 365 setEnabled <f>;
#X text 211 365 - 0: disable / 1: enable the listener. (default: 1)
;
#X text 211 401 - outputs bang when the textures need to be reloaded.
;
#X obj 191 226 ofReloadTextures 50;
#X obj 432 46 declare -path ofelia/abs;
#X connect 5 0 10 0;
#X connect 6 0 9 0;
#X connect 9 0 28 0;
#X connect 10 0 28 0;
#X connect 28 0 4 0;
local log = ofLog("ofReloadTextures")
local canvas = ofCanvas(this)
local order, enabled = 50, true

function M.new()
  local args = canvas:getArgs()
  if #args == 1 then
    order = args[1]
  elseif #args == 2 then
    order, enabled = args[1], args[2] ~= 0
  elseif #args ~= 0 then
    log:error("requires 1 or 2 creation arguments")
  end
  ofWindow.addListener("reloadTextures", this, order)
end

function M.setOrder(f)
  order = f
  ofWindow.addListener("reloadTextures", this, order)
end

function M.setEnabled(b)
  enabled = b ~= 0
end

function M.free()
  ofWindow.removeListener("reloadTextures", this)
end

function M.reloadTextures()
  if not enabled then
    return
  end
  return nil
end#N canvas 397 307 444 239 10;
#X obj 32 107 inlet;
#X obj 32 29 loadbang;
#X obj 32 149 outlet;
#X obj 32 128 ofelia d \$0-of;
#X obj 32 71 s \$0-of;
#X msg 32 50 read -c ofReloadTextures.lua;
#X connect 0 0 3 0;
#X connect 1 0 5 0;
#X connect 3 0 2 0;
#X connect 5 0 4 0;
#N canvas 321 23 601 542 10;
#X declare -path ofelia/abs;
#X obj 0 0 cnv 15 580 40 empty empty ofResume 3 12 0 18 -204280 -1
0;
#X obj 523 5 ofResume;
#X text 11 23 listen when the app is resumed on Android;
#X text 21 43 [ofResume] is used to detect when the app is resumed
on an Android device.;
#X obj 191 262 print;
#X floatatom 191 124 5 0 0 0 - - -;
#X obj 211 170 tgl 15 0 empty empty empty 17 7 0 10 -262144 -1 -1 0
1;
#X text 232 169 0: disable / 1: enable the listener. (default: 1);
#X text 227 124 change the listening order. (default: 50);
#X msg 211 190 setEnabled \$1;
#X msg 191 144 setOrder \$1;
#X obj 191 226 ofResume 50;
#X text 232 262 outputs bang when the app is resumed on an Android
device.;
#X obj 0 341 cnv 3 580 3 empty empty inlets 8 12 0 13 -228856 -1 0
;
#X obj 0 392 cnv 3 580 3 empty empty outlets 8 12 0 13 -228856 -1 0
;
#X obj 75 349 cnv 17 3 17 empty empty 0 5 9 0 16 -228856 -162280 0
;
#X obj 0 491 cnv 15 580 21 empty empty empty 20 12 0 14 -228856 -66577
0;
#X obj 0 428 cnv 3 580 3 empty empty arguments 8 12 0 13 -228856 -1
0;
#X text 72 451 1) float;
#X obj 75 400 cnv 17 3 17 empty empty 0 5 9 0 16 -228856 -162280 0
;
#X text 95 401 bang;
#X text 211 451 - the listening order. (default: 50);
#X text 72 466 2) float;
#X text 211 466 - 0: disable / 1: enable the listener. (default: 1)
;
#X text 95 350 setOrder <f>;
#X text 211 350 - change the listening order. (default: 50);
#X text 95 365 setEnabled <f>;
#X text 211 365 - 0: disable / 1: enable the listener. (default: 1)
;
#X text 211 401 - outputs bang when the app is resumed.;
#X obj 432 46 declare -path ofelia/abs;
#X connect 5 0 10 0;
#X connect 6 0 9 0;
#X connect 9 0 11 0;
#X connect 10 0 11 0;
#X connect 11 0 4 0;
local log = ofLog("ofResume")
local canvas = ofCanvas(this)
local order, enabled = 50, true

function M.new()
  local args = canvas:getArgs()
  if #args == 1 then
    order = args[1]
  elseif #args == 2 then
    order, enabled = args[1], args[2] ~= 0
  elseif #args ~= 0 then
    log:error("requires 1 or 2 creation arguments")
  end
  ofWindow.addListener("resume", this, order)
end

function M.setOrder(f)
  order = f
  ofWindow.addListener("resume", this, order)
end

function M.setEnabled(b)
  enabled = b ~= 0
end

function M.free()
  ofWindow.removeListener("resume", this)
end

function M.resume()
  if not enabled then
    return
  end
  return nil
end#N canvas 397 307 444 239 10;
#X obj 32 107 inlet;
#X obj 32 29 loadbang;
#X obj 32 149 outlet;
#X obj 32 128 ofelia d \$0-of;
#X obj 32 71 s \$0-of;
#X msg 32 50 read -c ofResume.lua;
#X connect 0 0 3 0;
#X connect 1 0 5 0;
#X connect 3 0 2 0;
#X connect 5 0 4 0;
#N canvas 321 23 601 586 10;
#X declare -path ofelia/abs;
#X obj 0 0 cnv 15 580 40 empty empty ofSetup 3 12 0 18 -204280 -1 0
;
#X obj 23 129 ofWindow;
#X obj 23 87 loadbang;
#X msg 23 108 setPosition 0 0 \, setSize 640 480 \, create;
#X obj 191 298 print;
#X obj 529 5 ofSetup;
#X obj 191 236 ofSetup 50;
#X msg 191 277 The window is created!;
#X text 11 23 a setup callback which is called at the start of the
app;
#X text 21 43 [ofSetup] is called once at the start of the app (or
whenever the window is created);
#X text 203 256 outputs bang at the start of the app.;
#X text 263 236 <- recreating the object will output bang.;
#X floatatom 191 134 5 0 0 0 - - -;
#X obj 211 180 tgl 15 0 empty empty empty 17 7 0 10 -262144 -1 -1 0
1;
#X text 232 179 0: disable / 1: enable the listener. (default: 1);
#X text 227 134 change the listening order. (default: 50);
#X msg 211 200 setEnabled \$1;
#X msg 191 154 setOrder \$1;
#X text 189 319 note: [ofSetup] will also output bang when the object
is created while the window already exists. it is recommended to use
[ofSetup] instead of [loadbang] to initialize any ofelia objects. (except
when creating the window);
#X obj 0 381 cnv 3 580 3 empty empty inlets 8 12 0 13 -228856 -1 0
;
#X obj 0 430 cnv 3 580 3 empty empty outlets 8 12 0 13 -228856 -1 0
;
#X obj 75 389 cnv 17 3 17 empty empty 0 5 9 0 16 -228856 -162280 0
;
#X obj 0 466 cnv 3 580 3 empty empty arguments 8 12 0 13 -228856 -1
0;
#X obj 75 438 cnv 17 3 17 empty empty 0 5 9 0 16 -228856 -162280 0
;
#X text 95 439 bang;
#X text 95 390 setOrder <f>;
#X text 211 390 - change the listening order. (default: 50);
#X text 95 405 setEnabled <f>;
#X text 211 405 - 0: disable / 1: enable the listener. (default: 1)
;
#X obj 0 531 cnv 15 580 21 empty empty empty 20 12 0 14 -228856 -66577
0;
#X text 72 491 1) float;
#X text 211 491 - the listening order. (default: 50);
#X text 72 506 2) float;
#X text 211 506 - 0: disable / 1: enable the listener. (default: 1)
;
#X text 211 439 - outputs bang at the start of the app.;
#X obj 432 46 declare -path ofelia/abs;
#X connect 2 0 3 0;
#X connect 3 0 1 0;
#X connect 6 0 7 0;
#X connect 7 0 4 0;
#X connect 12 0 17 0;
#X connect 13 0 16 0;
#X connect 16 0 6 0;
#X connect 17 0 6 0;
local log = ofLog("ofSetup")
local canvas = ofCanvas(this)
local clock = ofClock(this, "setup")
local order, enabled = 50, true

function M.new()
  local args = canvas:getArgs()
  if #args == 1 then
    order = args[1]
  elseif #args == 2 then
    order, enabled = args[1], args[2] ~= 0
  elseif #args ~= 0 then
    log:error("requires 1 or 2 creation arguments")
  end
  ofWindow.addListener("setup", this, order)
  if ofWindow.exists then
    clock:delay(0)
  end
end

function M.setOrder(f)
  order = f
  ofWindow.addListener("setup", this, order)
end

function M.setEnabled(b)
  enabled = b ~= 0
end

function M.free()
  ofWindow.removeListener("setup", this)
end

function M.setup()
  if not enabled then
    return
  end
  return nil
end#N canvas 397 307 444 239 10;
#X obj 32 107 inlet;
#X obj 32 29 loadbang;
#X obj 32 149 outlet;
#X obj 32 128 ofelia d \$0-of;
#X obj 32 71 s \$0-of;
#X msg 32 50 read -c ofSetup.lua;
#X connect 0 0 3 0;
#X connect 1 0 5 0;
#X connect 3 0 2 0;
#X connect 5 0 4 0;
#N canvas 321 23 601 545 10;
#X declare -path ofelia/abs;
#X obj 0 0 cnv 15 580 40 empty empty ofStop 3 12 0 18 -204280 -1 0
;
#X obj 535 5 ofStop;
#X text 11 23 listen when the app is stopped on Android;
#X text 21 43 [ofStop] is used to detect when the app is stopped on
an Android device.;
#X obj 191 262 print;
#X floatatom 191 124 5 0 0 0 - - -;
#X obj 211 170 tgl 15 0 empty empty empty 17 7 0 10 -262144 -1 -1 0
1;
#X text 232 169 0: disable / 1: enable the listener. (default: 1);
#X text 227 124 change the listening order. (default: 50);
#X msg 211 190 setEnabled \$1;
#X msg 191 144 setOrder \$1;
#X text 232 262 outputs bang when the app is stopped on an Android
device.;
#X obj 0 341 cnv 3 580 3 empty empty inlets 8 12 0 13 -228856 -1 0
;
#X obj 0 392 cnv 3 580 3 empty empty outlets 8 12 0 13 -228856 -1 0
;
#X obj 75 349 cnv 17 3 17 empty empty 0 5 9 0 16 -228856 -162280 0
;
#X obj 0 491 cnv 15 580 21 empty empty empty 20 12 0 14 -228856 -66577
0;
#X obj 0 428 cnv 3 580 3 empty empty arguments 8 12 0 13 -228856 -1
0;
#X text 72 451 1) float;
#X obj 75 400 cnv 17 3 17 empty empty 0 5 9 0 16 -228856 -162280 0
;
#X text 95 401 bang;
#X text 211 451 - the listening order. (default: 50);
#X text 72 466 2) float;
#X text 211 466 - 0: disable / 1: enable the listener. (default: 1)
;
#X text 95 350 setOrder <f>;
#X text 211 350 - change the listening order. (default: 50);
#X text 95 365 setEnabled <f>;
#X text 211 365 - 0: disable / 1: enable the listener. (default: 1)
;
#X text 211 401 - outputs bang when the app is stopped.;
#X obj 191 226 ofStop 50;
#X obj 432 46 declare -path ofelia/abs;
#X connect 5 0 10 0;
#X connect 6 0 9 0;
#X connect 9 0 28 0;
#X connect 10 0 28 0;
#X connect 28 0 4 0;
local log = ofLog("ofStop")
local canvas = ofCanvas(this)
local order, enabled = 50, true

function M.new()
  local args = canvas:getArgs()
  if #args == 1 then
    order = args[1]
  elseif #args == 2 then
    order, enabled = args[1], args[2] ~= 0
  elseif #args ~= 0 then
    log:error("requires 1 or 2 creation arguments")
  end
  ofWindow.addListener("stop", this, order)
end

function M.setOrder(f)
  order = f
  ofWindow.addListener("stop", this, order)
end

function M.setEnabled(b)
  enabled = b ~= 0
end

function M.free()
  ofWindow.removeListener("stop", this)
end

function M.stop()
  if not enabled then
    return
  end
  return nil
end#N canvas 397 307 444 239 10;
#X obj 32 107 inlet;
#X obj 32 29 loadbang;
#X obj 32 149 outlet;
#X obj 32 128 ofelia d \$0-of;
#X obj 32 71 s \$0-of;
#X msg 32 50 read -c ofStop.lua;
#X connect 0 0 3 0;
#X connect 1 0 5 0;
#X connect 3 0 2 0;
#X connect 5 0 4 0;
#N canvas 321 23 601 542 10;
#X declare -path ofelia/abs;
#X obj 0 0 cnv 15 580 40 empty empty ofSwipe 3 12 0 18 -204280 -1 0
;
#X obj 529 5 ofSwipe;
#X obj 191 226 ofSwipe 50;
#X text 11 23 listen to the swipe gesture on Android;
#X text 21 43 [ofSwipe] is used to detect the swipe gesture on an Android
device.;
#X obj 191 267 unpack f f;
#X floatatom 191 288 5 0 0 0 - - -;
#X floatatom 248 288 5 0 0 0 - - -;
#X text 202 245 outputs the direction and id as a list.;
#X floatatom 191 124 5 0 0 0 - - -;
#X obj 211 170 tgl 15 0 empty empty empty 17 7 0 10 -262144 -1 -1 0
1;
#X text 232 169 0: disable / 1: enable the listener. (default: 1);
#X text 227 124 change the listening order. (default: 50);
#X msg 211 190 setEnabled \$1;
#X msg 191 144 setOrder \$1;
#X obj 0 341 cnv 3 580 3 empty empty inlets 8 12 0 13 -228856 -1 0
;
#X obj 0 392 cnv 3 580 3 empty empty outlets 8 12 0 13 -228856 -1 0
;
#X obj 75 349 cnv 17 3 17 empty empty 0 5 9 0 16 -228856 -162280 0
;
#X obj 0 491 cnv 15 580 21 empty empty empty 20 12 0 14 -228856 -66577
0;
#X obj 0 428 cnv 3 580 3 empty empty arguments 8 12 0 13 -228856 -1
0;
#X text 72 451 1) float;
#X obj 75 400 cnv 17 3 17 empty empty 0 5 9 0 16 -228856 -162280 0
;
#X text 211 451 - the listening order. (default: 50);
#X text 72 466 2) float;
#X text 211 466 - 0: disable / 1: enable the listener. (default: 1)
;
#X text 95 350 setOrder <f>;
#X text 211 350 - change the listening order. (default: 50);
#X text 95 365 setEnabled <f>;
#X text 211 365 - 0: disable / 1: enable the listener. (default: 1)
;
#X text 95 401 list <f \, f>;
#X text 211 401 - outputs the direction and id as a list.;
#X obj 432 46 declare -path ofelia/abs;
#X connect 2 0 5 0;
#X connect 5 0 6 0;
#X connect 5 1 7 0;
#X connect 9 0 14 0;
#X connect 10 0 13 0;
#X connect 13 0 2 0;
#X connect 14 0 2 0;
local log = ofLog("ofSwipe")
local canvas = ofCanvas(this)
local order, enabled = 50, true

function M.new()
  local args = canvas:getArgs()
  if #args == 1 then
    order = args[1]
  elseif #args == 2 then
    order, enabled = args[1], args[2] ~= 0
  elseif #args ~= 0 then
    log:error("requires 1 or 2 creation argument")
  end
  ofWindow.addListener("swipe", this, order)
end

function M.setOrder(f)
  order = f
  ofWindow.addListener("swipe", this, order)
end

function M.setEnabled(b)
  enabled = b ~= 0
end

function M.free()
  ofWindow.removeListener("swipe", this)
end

function M.swipe(e)
  if not enabled then
    return
  end
  return {e.dir, e.id}
end#N canvas 397 307 444 239 10;
#X obj 32 107 inlet;
#X obj 32 29 loadbang;
#X obj 32 149 outlet;
#X obj 32 128 ofelia d \$0-of;
#X obj 32 71 s \$0-of;
#X msg 32 50 read -c ofSwipe.lua;
#X connect 0 0 3 0;
#X connect 1 0 5 0;
#X connect 3 0 2 0;
#X connect 5 0 4 0;
#N canvas 321 23 601 593 10;
#X declare -path ofelia/abs;
#X obj 0 0 cnv 15 580 40 empty empty ofTouchCancelled 3 12 0 18 -204280
-1 0;
#X obj 171 266 print;
#X obj 23 129 ofWindow;
#X obj 23 87 loadbang;
#X msg 23 108 setPosition 0 0 \, setSize 640 480 \, create;
#X obj 475 5 ofTouchCancelled;
#X obj 171 240 ofTouchCancelled 50;
#X text 11 23 listen when the touch is being cancelled;
#X text 21 43 [ofTouchCancelled] is used to detect when the touch is
being cancelled.;
#X text 212 266 outputs the touch events as a list.;
#X floatatom 171 134 5 0 0 0 - - -;
#X obj 191 180 tgl 15 0 empty empty empty 17 7 0 10 -262144 -1 -1 0
1;
#X text 212 179 0: disable / 1: enable the listener. (default: 1);
#X text 207 134 change the listening order. (default: 50);
#X msg 191 200 setEnabled \$1;
#X msg 171 154 setOrder \$1;
#X text 210 286 - simplified: x \, y \, id.;
#X text 210 306 - full: type \, x \, y \, id \, time \, numTouches
\, width \, height \, angle \, minoraxis \, majoraxis \, pressure \,
xspeed \, yspeed \, xaccel \, yaccel.;
#X obj 0 361 cnv 3 580 3 empty empty inlets 8 12 0 13 -228856 -1 0
;
#X obj 0 425 cnv 3 580 3 empty empty outlets 8 12 0 13 -228856 -1 0
;
#X obj 0 461 cnv 3 580 3 empty empty arguments 8 12 0 13 -228856 -1
0;
#X obj 75 433 cnv 17 3 17 empty empty 0 5 9 0 16 -228856 -162280 0
;
#X text 95 434 list;
#X obj 75 369 cnv 17 3 17 empty empty 0 5 9 0 16 -228856 -162280 0
;
#X text 95 370 setOrder <f>;
#X text 211 370 - change the listening order. (default: 50);
#X text 95 385 setEnabled <f>;
#X text 211 385 - 0: disable / 1: enable the listener. (default: 1)
;
#X obj 0 541 cnv 15 580 21 empty empty empty 20 12 0 14 -228856 -66577
0;
#X text 72 486 1) float;
#X text 211 486 - the listening order. (default: 50);
#X text 72 501 2) float;
#X text 211 501 - 0: disable / 1: enable the listener. (default: 1)
;
#X text 72 516 3) float;
#X text 95 400 setSimplify <f>;
#X text 211 400 - whether to output full(0) or simplified(1). (default:
1);
#X text 211 516 - whether to output full(0) or simplified(1). (default:
1);
#X text 211 434 - outputs the touch events as a list.;
#X obj 432 46 declare -path ofelia/abs;
#X connect 3 0 4 0;
#X connect 4 0 2 0;
#X connect 6 0 1 0;
#X connect 10 0 15 0;
#X connect 11 0 14 0;
#X connect 14 0 6 0;
#X connect 15 0 6 0;
local log = ofLog("ofTouchCancelled")
local canvas = ofCanvas(this)
local order, enabled, simplify = 50, true, true

function M.new()
  local args = canvas:getArgs()
  if #args == 1 then
    order = args[1]
  elseif #args == 2 then
    order, enabled = args[1], args[2] ~= 0
  elseif #args == 3 then
    order, enabled, simplify = args[1], args[2] ~= 0, args[3] ~= 0
  elseif #args ~= 0 then
    log:error("requires 1, 2 or 3 creation arguments")
  end
  ofWindow.addListener("touchCancelled", this, order)
end

function M.setOrder(f)
  order = f
  ofWindow.addListener("touchCancelled", this, order)
end

function M.setEnabled(b)
  enabled = b ~= 0
end

function M.setSimplify(b)
  simplify = b ~= 0
end

function M.free()
  ofWindow.removeListener("touchCancelled", this)
end

function M.touchCancelled(e)
  if not enabled then
    return
  end
  if not simplify then
    return {e.type, e.x, e.y, e.id, e.time, e.numTouches, e.width, e.height, e.angle, e.minoraxis, e.majoraxis, e.pressure, e.xspeed, e.yspeed, e.xaccel, e.yaccel}
  end
  return {e.x, e.y, e.id}
end#N canvas 397 307 444 239 10;
#X obj 32 107 inlet;
#X obj 32 29 loadbang;
#X obj 32 149 outlet;
#X obj 32 128 ofelia d \$0-of;
#X obj 32 71 s \$0-of;
#X msg 32 50 read -c ofTouchCancelled.lua;
#X connect 0 0 3 0;
#X connect 1 0 5 0;
#X connect 3 0 2 0;
#X connect 5 0 4 0;
#N canvas 321 23 601 595 10;
#X declare -path ofelia/abs;
#X obj 0 0 cnv 15 580 40 empty empty ofTouchDoubleTap 3 12 0 18 -204280
-1 0;
#X obj 23 129 ofWindow;
#X obj 23 87 loadbang;
#X msg 23 108 setPosition 0 0 \, setSize 640 480 \, create;
#X obj 475 5 ofTouchDoubleTap;
#X text 11 23 listen to the touch double tap event;
#X text 21 43 [ofTouchDoubleTap] is used to detect the double tap touch
event.;
#X obj 171 266 print;
#X text 212 266 outputs the touch events as a list.;
#X floatatom 171 134 5 0 0 0 - - -;
#X obj 191 180 tgl 15 0 empty empty empty 17 7 0 10 -262144 -1 -1 0
1;
#X text 212 179 0: disable / 1: enable the listener. (default: 1);
#X text 207 134 change the listening order. (default: 50);
#X msg 191 200 setEnabled \$1;
#X msg 171 154 setOrder \$1;
#X text 210 286 - simplified: x \, y \, id.;
#X text 210 306 - full: type \, x \, y \, id \, time \, numTouches
\, width \, height \, angle \, minoraxis \, majoraxis \, pressure \,
xspeed \, yspeed \, xaccel \, yaccel.;
#X obj 0 361 cnv 3 580 3 empty empty inlets 8 12 0 13 -228856 -1 0
;
#X obj 0 425 cnv 3 580 3 empty empty outlets 8 12 0 13 -228856 -1 0
;
#X obj 0 461 cnv 3 580 3 empty empty arguments 8 12 0 13 -228856 -1
0;
#X obj 75 433 cnv 17 3 17 empty empty 0 5 9 0 16 -228856 -162280 0
;
#X text 95 434 list;
#X obj 75 369 cnv 17 3 17 empty empty 0 5 9 0 16 -228856 -162280 0
;
#X text 95 370 setOrder <f>;
#X text 211 370 - change the listening order. (default: 50);
#X text 95 385 setEnabled <f>;
#X text 211 385 - 0: disable / 1: enable the listener. (default: 1)
;
#X obj 0 541 cnv 15 580 21 empty empty empty 20 12 0 14 -228856 -66577
0;
#X text 72 486 1) float;
#X text 211 486 - the listening order. (default: 50);
#X text 72 501 2) float;
#X text 211 501 - 0: disable / 1: enable the listener. (default: 1)
;
#X text 72 516 3) float;
#X text 95 400 setSimplify <f>;
#X text 211 400 - whether to output full(0) or simplified(1). (default:
1);
#X text 211 516 - whether to output full(0) or simplified(1). (default:
1);
#X text 211 434 - outputs the touch events as a list.;
#X obj 171 240 ofTouchDoubleTap 50;
#X obj 432 46 declare -path ofelia/abs;
#X connect 2 0 3 0;
#X connect 3 0 1 0;
#X connect 9 0 14 0;
#X connect 10 0 13 0;
#X connect 13 0 37 0;
#X connect 14 0 37 0;
#X connect 37 0 7 0;
local log = ofLog("ofTouchDoubleTap")
local canvas = ofCanvas(this)
local order, enabled, simplify = 50, true, true

function M.new()
  local args = canvas:getArgs()
  if #args == 1 then
    order = args[1]
  elseif #args == 2 then
    order, enabled = args[1], args[2] ~= 0
  elseif #args == 3 then
    order, enabled, simplify = args[1], args[2] ~= 0, args[3] ~= 0
  elseif #args ~= 0 then
    log:error("requires 1, 2 or 3 creation arguments")
  end
  ofWindow.addListener("touchDoubleTap", this, order)
end

function M.setOrder(f)
  order = f
  ofWindow.addListener("touchDoubleTap", this, order)
end

function M.setEnabled(b)
  enabled = b ~= 0
end

function M.setSimplify(b)
  simplify = b ~= 0
end

function M.free()
  ofWindow.removeListener("touchDoubleTap", this)
end

function M.touchDoubleTap(e)
  if not enabled then
    return
  end
  if not simplify then
    return {e.type, e.x, e.y, e.id, e.time, e.numTouches, e.width, e.height, e.angle, e.minoraxis, e.majoraxis, e.pressure, e.xspeed, e.yspeed, e.xaccel, e.yaccel}
  end
  return {e.x, e.y, e.id}
end#N canvas 397 307 444 239 10;
#X obj 32 107 inlet;
#X obj 32 29 loadbang;
#X obj 32 149 outlet;
#X obj 32 128 ofelia d \$0-of;
#X obj 32 71 s \$0-of;
#X msg 32 50 read -c ofTouchDoubleTap.lua;
#X connect 0 0 3 0;
#X connect 1 0 5 0;
#X connect 3 0 2 0;
#X connect 5 0 4 0;
#N canvas 321 23 601 595 10;
#X declare -path ofelia/abs;
#X obj 0 0 cnv 15 580 40 empty empty ofTouchDown 3 12 0 18 -204280
-1 0;
#X obj 23 129 ofWindow;
#X obj 23 87 loadbang;
#X msg 23 108 setPosition 0 0 \, setSize 640 480 \, create;
#X obj 505 5 ofTouchDown;
#X text 11 23 listen to the touch down event;
#X text 21 43 [ofTouchDown] is used to detect the touch down event.
;
#X obj 171 266 print;
#X text 212 266 outputs the touch events as a list.;
#X floatatom 171 134 5 0 0 0 - - -;
#X obj 191 180 tgl 15 0 empty empty empty 17 7 0 10 -262144 -1 -1 0
1;
#X text 212 179 0: disable / 1: enable the listener. (default: 1);
#X text 207 134 change the listening order. (default: 50);
#X msg 191 200 setEnabled \$1;
#X msg 171 154 setOrder \$1;
#X text 210 286 - simplified: x \, y \, id.;
#X text 210 306 - full: type \, x \, y \, id \, time \, numTouches
\, width \, height \, angle \, minoraxis \, majoraxis \, pressure \,
xspeed \, yspeed \, xaccel \, yaccel.;
#X obj 0 361 cnv 3 580 3 empty empty inlets 8 12 0 13 -228856 -1 0
;
#X obj 0 425 cnv 3 580 3 empty empty outlets 8 12 0 13 -228856 -1 0
;
#X obj 0 461 cnv 3 580 3 empty empty arguments 8 12 0 13 -228856 -1
0;
#X obj 75 433 cnv 17 3 17 empty empty 0 5 9 0 16 -228856 -162280 0
;
#X text 95 434 list;
#X obj 75 369 cnv 17 3 17 empty empty 0 5 9 0 16 -228856 -162280 0
;
#X text 95 370 setOrder <f>;
#X text 211 370 - change the listening order. (default: 50);
#X text 95 385 setEnabled <f>;
#X text 211 385 - 0: disable / 1: enable the listener. (default: 1)
;
#X obj 0 541 cnv 15 580 21 empty empty empty 20 12 0 14 -228856 -66577
0;
#X text 72 486 1) float;
#X text 211 486 - the listening order. (default: 50);
#X text 72 501 2) float;
#X text 211 501 - 0: disable / 1: enable the listener. (default: 1)
;
#X text 72 516 3) float;
#X text 95 400 setSimplify <f>;
#X text 211 400 - whether to output full(0) or simplified(1). (default:
1);
#X text 211 516 - whether to output full(0) or simplified(1). (default:
1);
#X text 211 434 - outputs the touch events as a list.;
#X obj 171 240 ofTouchDown 50;
#X obj 432 46 declare -path ofelia/abs;
#X connect 2 0 3 0;
#X connect 3 0 1 0;
#X connect 9 0 14 0;
#X connect 10 0 13 0;
#X connect 13 0 37 0;
#X connect 14 0 37 0;
#X connect 37 0 7 0;
local log = ofLog("ofTouchDown")
local canvas = ofCanvas(this)
local order, enabled, simplify = 50, true, true

function M.new()
  local args = canvas:getArgs()
  if #args == 1 then
    order = args[1]
  elseif #args == 2 then
    order, enabled = args[1], args[2] ~= 0
  elseif #args == 3 then
    order, enabled, simplify = args[1], args[2] ~= 0, args[3] ~= 0
  elseif #args ~= 0 then
    log:error("requires 1, 2 or 3 creation arguments")
  end
  ofWindow.addListener("touchDown", this, order)
end

function M.setOrder(f)
  order = f
  ofWindow.addListener("touchDown", this, order)
end

function M.setEnabled(b)
  enabled = b ~= 0
end

function M.setSimplify(b)
  simplify = b ~= 0
end

function M.free()
  ofWindow.removeListener("touchDown", this)
end

function M.touchDown(e)
  if not enabled then
    return
  end
  if not simplify then
    return {e.type, e.x, e.y, e.id, e.time, e.numTouches, e.width, e.height, e.angle, e.minoraxis, e.majoraxis, e.pressure, e.xspeed, e.yspeed, e.xaccel, e.yaccel}
  end
  return {e.x, e.y, e.id}
end#N canvas 397 307 444 239 10;
#X obj 32 107 inlet;
#X obj 32 29 loadbang;
#X obj 32 149 outlet;
#X obj 32 128 ofelia d \$0-of;
#X obj 32 71 s \$0-of;
#X msg 32 50 read -c ofTouchDown.lua;
#X connect 0 0 3 0;
#X connect 1 0 5 0;
#X connect 3 0 2 0;
#X connect 5 0 4 0;
#N canvas 321 23 601 595 10;
#X declare -path ofelia/abs;
#X obj 0 0 cnv 15 580 40 empty empty ofTouchMoved 3 12 0 18 -204280
-1 0;
#X obj 23 129 ofWindow;
#X obj 23 87 loadbang;
#X msg 23 108 setPosition 0 0 \, setSize 640 480 \, create;
#X obj 499 5 ofTouchMoved;
#X text 11 23 listen to the touch move event;
#X text 21 43 [ofTouchMoved] is used to detect the touch move event.
;
#X obj 171 266 print;
#X text 212 266 outputs the touch events as a list.;
#X floatatom 171 134 5 0 0 0 - - -;
#X obj 191 180 tgl 15 0 empty empty empty 17 7 0 10 -262144 -1 -1 0
1;
#X text 212 179 0: disable / 1: enable the listener. (default: 1);
#X text 207 134 change the listening order. (default: 50);
#X msg 191 200 setEnabled \$1;
#X msg 171 154 setOrder \$1;
#X text 210 286 - simplified: x \, y \, id.;
#X text 210 306 - full: type \, x \, y \, id \, time \, numTouches
\, width \, height \, angle \, minoraxis \, majoraxis \, pressure \,
xspeed \, yspeed \, xaccel \, yaccel.;
#X obj 0 361 cnv 3 580 3 empty empty inlets 8 12 0 13 -228856 -1 0
;
#X obj 0 425 cnv 3 580 3 empty empty outlets 8 12 0 13 -228856 -1 0
;
#X obj 0 461 cnv 3 580 3 empty empty arguments 8 12 0 13 -228856 -1
0;
#X obj 75 433 cnv 17 3 17 empty empty 0 5 9 0 16 -228856 -162280 0
;
#X text 95 434 list;
#X obj 75 369 cnv 17 3 17 empty empty 0 5 9 0 16 -228856 -162280 0
;
#X text 95 370 setOrder <f>;
#X text 211 370 - change the listening order. (default: 50);
#X text 95 385 setEnabled <f>;
#X text 211 385 - 0: disable / 1: enable the listener. (default: 1)
;
#X obj 0 541 cnv 15 580 21 empty empty empty 20 12 0 14 -228856 -66577
0;
#X text 72 486 1) float;
#X text 211 486 - the listening order. (default: 50);
#X text 72 501 2) float;
#X text 211 501 - 0: disable / 1: enable the listener. (default: 1)
;
#X text 72 516 3) float;
#X text 95 400 setSimplify <f>;
#X text 211 400 - whether to output full(0) or simplified(1). (default:
1);
#X text 211 516 - whether to output full(0) or simplified(1). (default:
1);
#X text 211 434 - outputs the touch events as a list.;
#X obj 171 240 ofTouchMoved 50;
#X obj 432 46 declare -path ofelia/abs;
#X connect 2 0 3 0;
#X connect 3 0 1 0;
#X connect 9 0 14 0;
#X connect 10 0 13 0;
#X connect 13 0 37 0;
#X connect 14 0 37 0;
#X connect 37 0 7 0;
local log = ofLog("ofTouchMoved")
local canvas = ofCanvas(this)
local order, enabled, simplify = 50, true, true

function M.new()
  local args = canvas:getArgs()
  if #args == 1 then
    order = args[1]
  elseif #args == 2 then
    order, enabled = args[1], args[2] ~= 0
  elseif #args == 3 then
    order, enabled, simplify = args[1], args[2] ~= 0, args[3] ~= 0
  elseif #args ~= 0 then
    log:error("requires 1, 2 or 3 creation arguments")
  end
  ofWindow.addListener("touchMoved", this, order)
end

function M.setOrder(f)
  order = f
  ofWindow.addListener("touchMoved", this, order)
end

function M.setEnabled(b)
  enabled = b ~= 0
end

function M.setSimplify(b)
  simplify = b ~= 0
end

function M.free()
  ofWindow.removeListener("touchMoved", this)
end

function M.touchMoved(e)
  if not enabled then
    return
  end
  if not simplify then
    return {e.type, e.x, e.y, e.id, e.time, e.numTouches, e.width, e.height, e.angle, e.minoraxis, e.majoraxis, e.pressure, e.xspeed, e.yspeed, e.xaccel, e.yaccel}
  end
  return {e.x, e.y, e.id}
end#N canvas 397 307 444 239 10;
#X obj 32 107 inlet;
#X obj 32 29 loadbang;
#X obj 32 149 outlet;
#X obj 32 128 ofelia d \$0-of;
#X obj 32 71 s \$0-of;
#X msg 32 50 read -c ofTouchMoved.lua;
#X connect 0 0 3 0;
#X connect 1 0 5 0;
#X connect 3 0 2 0;
#X connect 5 0 4 0;
#N canvas 321 23 601 595 10;
#X declare -path ofelia/abs;
#X obj 0 0 cnv 15 580 40 empty empty ofTouchUp 3 12 0 18 -204280 -1
0;
#X obj 23 129 ofWindow;
#X obj 23 87 loadbang;
#X msg 23 108 setPosition 0 0 \, setSize 640 480 \, create;
#X obj 517 5 ofTouchUp;
#X text 11 23 listen to the touch up event;
#X text 21 43 [ofTouchUp] is used to detect the touch up event.;
#X obj 171 266 print;
#X text 212 266 outputs the touch events as a list.;
#X floatatom 171 134 5 0 0 0 - - -;
#X obj 191 180 tgl 15 0 empty empty empty 17 7 0 10 -262144 -1 -1 0
1;
#X text 212 179 0: disable / 1: enable the listener. (default: 1);
#X text 207 134 change the listening order. (default: 50);
#X msg 191 200 setEnabled \$1;
#X msg 171 154 setOrder \$1;
#X text 210 286 - simplified: x \, y \, id.;
#X text 210 306 - full: type \, x \, y \, id \, time \, numTouches
\, width \, height \, angle \, minoraxis \, majoraxis \, pressure \,
xspeed \, yspeed \, xaccel \, yaccel.;
#X obj 0 361 cnv 3 580 3 empty empty inlets 8 12 0 13 -228856 -1 0
;
#X obj 0 425 cnv 3 580 3 empty empty outlets 8 12 0 13 -228856 -1 0
;
#X obj 0 461 cnv 3 580 3 empty empty arguments 8 12 0 13 -228856 -1
0;
#X obj 75 433 cnv 17 3 17 empty empty 0 5 9 0 16 -228856 -162280 0
;
#X text 95 434 list;
#X obj 75 369 cnv 17 3 17 empty empty 0 5 9 0 16 -228856 -162280 0
;
#X text 95 370 setOrder <f>;
#X text 211 370 - change the listening order. (default: 50);
#X text 95 385 setEnabled <f>;
#X text 211 385 - 0: disable / 1: enable the listener. (default: 1)
;
#X obj 0 541 cnv 15 580 21 empty empty empty 20 12 0 14 -228856 -66577
0;
#X text 72 486 1) float;
#X text 211 486 - the listening order. (default: 50);
#X text 72 501 2) float;
#X text 211 501 - 0: disable / 1: enable the listener. (default: 1)
;
#X text 72 516 3) float;
#X text 95 400 setSimplify <f>;
#X text 211 400 - whether to output full(0) or simplified(1). (default:
1);
#X text 211 516 - whether to output full(0) or simplified(1). (default:
1);
#X text 211 434 - outputs the touch events as a list.;
#X obj 171 240 ofTouchUp 50;
#X obj 432 46 declare -path ofelia/abs;
#X connect 2 0 3 0;
#X connect 3 0 1 0;
#X connect 9 0 14 0;
#X connect 10 0 13 0;
#X connect 13 0 37 0;
#X connect 14 0 37 0;
#X connect 37 0 7 0;
local log = ofLog("ofTouchUp")
local canvas = ofCanvas(this)
local order, enabled, simplify = 50, true, true

function M.new()
  local args = canvas:getArgs()
  if #args == 1 then
    order = args[1]
  elseif #args == 2 then
    order, enabled = args[1], args[2] ~= 0
  elseif #args == 3 then
    order, enabled, simplify = args[1], args[2] ~= 0, args[3] ~= 0
  elseif #args ~= 0 then
    log:error("requires 1, 2 or 3 creation arguments")
  end
  ofWindow.addListener("touchUp", this, order)
end

function M.setOrder(f)
  order = f
  ofWindow.addListener("touchUp", this, order)
end

function M.setEnabled(b)
  enabled = b ~= 0
end

function M.setSimplify(b)
  simplify = b ~= 0
end

function M.free()
  ofWindow.removeListener("touchUp", this)
end

function M.touchUp(e)
  if not enabled then
    return
  end
  if not simplify then
    return {e.type, e.x, e.y, e.id, e.time, e.numTouches, e.width, e.height, e.angle, e.minoraxis, e.majoraxis, e.pressure, e.xspeed, e.yspeed, e.xaccel, e.yaccel}
  end
  return {e.x, e.y, e.id}
end#N canvas 397 307 444 239 10;
#X obj 32 107 inlet;
#X obj 32 29 loadbang;
#X obj 32 149 outlet;
#X obj 32 128 ofelia d \$0-of;
#X obj 32 71 s \$0-of;
#X msg 32 50 read -c ofTouchUp.lua;
#X connect 0 0 3 0;
#X connect 1 0 5 0;
#X connect 3 0 2 0;
#X connect 5 0 4 0;
#N canvas 321 23 601 567 10;
#X declare -path ofelia/abs;
#X obj 0 0 cnv 15 580 40 empty empty ofUpdate 3 12 0 18 -204280 -1
0;
#X obj 23 129 ofWindow;
#X obj 23 87 loadbang;
#X msg 23 108 setPosition 0 0 \, setSize 640 480 \, create;
#X obj 523 5 ofUpdate;
#X obj 201 235 ofUpdate 50;
#X obj 201 276 f;
#X text 11 23 an update callback called before draw to update states
;
#X text 21 43 [ofUpdate] is called regularly to update states before
[ofDraw] is called.;
#X text 213 255 outputs bang every frame. (before [ofDraw] is called)
;
#X obj 132 297 ofDraw 50;
#X obj 227 276 + 0.1;
#X floatatom 201 133 5 0 0 0 - - -;
#X obj 221 179 tgl 15 0 empty empty empty 17 7 0 10 -262144 -1 -1 0
1;
#X text 242 178 0: disable / 1: enable the listener. (default: 1);
#X text 237 133 change the listening order. (default: 50);
#X msg 221 199 setEnabled \$1;
#X msg 201 153 setOrder \$1;
#X obj 0 361 cnv 3 580 3 empty empty inlets 8 12 0 13 -228856 -1 0
;
#X obj 0 410 cnv 3 580 3 empty empty outlets 8 12 0 13 -228856 -1 0
;
#X obj 75 369 cnv 17 3 17 empty empty 0 5 9 0 16 -228856 -162280 0
;
#X obj 0 446 cnv 3 580 3 empty empty arguments 8 12 0 13 -228856 -1
0;
#X obj 75 418 cnv 17 3 17 empty empty 0 5 9 0 16 -228856 -162280 0
;
#X text 95 419 bang;
#X text 95 370 setOrder <f>;
#X text 211 370 - change the listening order. (default: 50);
#X text 95 385 setEnabled <f>;
#X text 211 385 - 0: disable / 1: enable the listener. (default: 1)
;
#X obj 0 511 cnv 15 580 21 empty empty empty 20 12 0 14 -228856 -66577
0;
#X text 72 471 1) float;
#X text 211 471 - the listening order. (default: 50);
#X text 72 486 2) float;
#X text 211 486 - 0: disable / 1: enable the listener. (default: 1)
;
#X text 211 419 - outputs bang every frame. (while the window exists)
;
#X obj 201 297 expr sin($f1) * 200 + 320;
#X obj 132 323 ofelia f -c21 \; ofDrawRectangle(a[1] \, 240 \, 50 \,
50) \;;
#X obj 432 46 declare -path ofelia/abs;
#X connect 2 0 3 0;
#X connect 3 0 1 0;
#X connect 5 0 6 0;
#X connect 6 0 11 0;
#X connect 6 0 34 0;
#X connect 10 0 35 0;
#X connect 11 0 6 1;
#X connect 12 0 17 0;
#X connect 13 0 16 0;
#X connect 16 0 5 0;
#X connect 17 0 5 0;
#X connect 34 0 35 1;
local log = ofLog("ofUpdate")
local canvas = ofCanvas(this)
local order, enabled = 50, true

function M.new()
  local args = canvas:getArgs()
  if #args == 1 then
    order = args[1]
  elseif #args == 2 then
    order, enabled = args[1], args[2] ~= 0
  elseif #args ~= 0 then
    log:error("requires 1 or 2 creation arguments")
  end
  ofWindow.addListener("update", this, order)
end

function M.setOrder(f)
  order = f
  ofWindow.addListener("update", this, order)
end

function M.setEnabled(b)
  enabled = b ~= 0
end

function M.free()
  ofWindow.removeListener("update", this)
end

function M.update()
  if not enabled then
    return
  end
  return nil
end#N canvas 397 307 444 239 10;
#X obj 32 107 inlet;
#X obj 32 29 loadbang;
#X obj 32 149 outlet;
#X obj 32 128 ofelia d \$0-of;
#X obj 32 71 s \$0-of;
#X msg 32 50 read -c ofUpdate.lua;
#X connect 0 0 3 0;
#X connect 1 0 5 0;
#X connect 3 0 2 0;
#X connect 5 0 4 0;
#N canvas 321 23 601 640 10;
#X declare -path ofelia/abs;
#X obj 0 0 cnv 15 580 40 empty empty ofWindow 3 12 0 18 -204280 -1
0;
#X obj 213 257 ofWindow;
#X obj 213 147 loadbang;
#X obj 523 5 ofWindow;
#X text 21 43 [ofWindow] is used to create \, destroy or change properties
of the graphics window.;
#X msg 213 168 setPosition 0 0 \, setSize 640 480 \, title ofelia \,
create;
#X msg 237 197 destroy;
#X obj 0 341 cnv 3 580 3 empty empty inlets 8 12 0 13 -228856 -1 0
;
#X obj 0 501 cnv 3 580 3 empty empty outlets 8 12 0 13 -228856 -1 0
;
#X obj 75 349 cnv 17 3 17 empty empty 0 5 9 0 16 -228856 -162280 0
;
#X obj 75 509 cnv 17 3 17 empty empty 0 5 9 0 16 -228856 -162280 0
;
#X obj 0 586 cnv 15 580 21 empty empty empty 20 12 0 14 -228856 -66577
0;
#X obj 0 537 cnv 3 580 3 empty empty arguments 8 12 0 13 -228856 -1
0;
#X text 95 367 setGLVersion <f \, f>;
#X text 95 385 setGLESVersion <f \, f>;
#X text 221 385 - set the openGL ES version.;
#X text 221 367 - set the openGL version. <major \, minor>;
#X text 95 401 setPosition <f \, f>;
#X text 95 417 setSize <f \, f>;
#X text 95 432 create;
#X text 221 432 - create the window.;
#X text 95 447 destroy;
#X text 221 447 - destroy the window.;
#X text 95 462 title;
#X text 221 462 - set the window title.;
#X text 221 417 - set the window size. <width \, height>;
#X text 221 401 - set the window position.;
#X text 95 477 windowMode <f>;
#X text 221 477 - set the window mode. (0: window \, 1: fullscreen
\, 2: game);
#X text 11 23 graphics window handler;
#X obj 213 277 print;
#X text 72 560 none;
#X text 95 509 pointer;
#X text 221 509 - pointer to the class if bang is received.;
#X obj 239 225 bng 15 250 50 0 empty empty empty 17 7 0 10 -262144
-1 -1;
#X text 261 224 get the class pointer.;
#X text 95 350 bang;
#X text 221 350 - get the class pointer.;
#X obj 432 46 declare -path ofelia/abs;
#X connect 1 0 30 0;
#X connect 2 0 5 0;
#X connect 5 0 1 0;
#X connect 6 0 1 0;
#X connect 34 0 1 0;
M.window = ofWindow()

function M.bang()
  return M.window
end

function M.free()
  M.window:destroy()
end

function M.setGLVersion(iv)
  M.window:setGLVersion(iv[1], iv[2])
end

function M.setGLESVersion(i)
  M.window:setGLESVersion(i)
end

function M.setPosition(iv)
  M.window:setPosition(iv[1], iv[2])
end

function M.setSize(iv)
  M.window:setSize(iv[1], iv[2])
end

function M.create()
  M.window:create()
end

function M.destroy()
  M.window:destroy()
end

function M.glVersionMajor(i)
  M.window.glVersionMajor = i
end

function M.glVersionMinor(i)
  M.window.glVersionMinor = i
end

function M.glesVersion(i)
  M.window.glesVersion = i
end

function M.title(s)
  M.window.title = s
end

function M.windowMode(a)
  if type(a) == "number" then
    M.window.windowMode = a
  elseif a == "OF_WINDOW" then
    M.window.windowMode = 0
  elseif a == "OF_FULLSCREEN" then
    M.window.windowMode = 1
  elseif a == "OF_GAME_MODE" then
    M.window.windowMode = 2
  else
    log:error("unknown mode : " .. a)
  end
end#N canvas 397 307 444 239 10;
#X obj 32 107 inlet;
#X obj 32 29 loadbang;
#X obj 32 149 outlet;
#X msg 32 50 read -c ofWindow.lua;
#X obj 32 70 s \$0-of;
#X obj 32 128 ofelia d \$0-of;
#X connect 0 0 5 0;
#X connect 1 0 3 0;
#X connect 3 0 4 0;
#X connect 5 0 2 0;
#N canvas 321 23 601 542 10;
#X declare -path ofelia/abs;
#X obj 0 0 cnv 15 580 40 empty empty ofWindowResized 3 12 0 18 -204280
-1 0;
#X obj 23 129 ofWindow;
#X obj 23 87 loadbang;
#X msg 23 108 setPosition 0 0 \, setSize 640 480 \, create;
#X obj 481 5 ofWindowResized;
#X text 11 23 listen when the window is being resized;
#X text 21 43 [ofWindowResized] is used to detect when the window is
being resized.;
#X floatatom 191 134 5 0 0 0 - - -;
#X obj 211 180 tgl 15 0 empty empty empty 17 7 0 10 -262144 -1 -1 0
1;
#X text 232 179 0: disable / 1: enable the listener. (default: 1);
#X text 227 134 change the listening order. (default: 50);
#X msg 211 200 setEnabled \$1;
#X msg 191 154 setOrder \$1;
#X obj 191 236 ofWindowResized 50;
#X text 203 256 outputs the resized width and height of the window.
;
#X obj 191 278 unpack f f;
#X floatatom 191 299 5 0 0 0 - - -;
#X floatatom 248 299 5 0 0 0 - - -;
#X obj 0 341 cnv 3 580 3 empty empty inlets 8 12 0 13 -228856 -1 0
;
#X obj 0 390 cnv 3 580 3 empty empty outlets 8 12 0 13 -228856 -1 0
;
#X obj 75 349 cnv 17 3 17 empty empty 0 5 9 0 16 -228856 -162280 0
;
#X obj 0 426 cnv 3 580 3 empty empty arguments 8 12 0 13 -228856 -1
0;
#X obj 75 398 cnv 17 3 17 empty empty 0 5 9 0 16 -228856 -162280 0
;
#X text 95 350 setOrder <f>;
#X text 211 350 - change the listening order. (default: 50);
#X text 95 365 setEnabled <f>;
#X text 211 365 - 0: disable / 1: enable the listener. (default: 1)
;
#X obj 0 491 cnv 15 580 21 empty empty empty 20 12 0 14 -228856 -66577
0;
#X text 72 451 1) float;
#X text 211 451 - the listening order. (default: 50);
#X text 72 466 2) float;
#X text 211 466 - 0: disable / 1: enable the listener. (default: 1)
;
#X text 211 399 - outputs the resized width and height of the window.
;
#X text 95 399 list <f \, f>;
#X obj 432 46 declare -path ofelia/abs;
#X connect 2 0 3 0;
#X connect 3 0 1 0;
#X connect 7 0 12 0;
#X connect 8 0 11 0;
#X connect 11 0 13 0;
#X connect 12 0 13 0;
#X connect 13 0 15 0;
#X connect 15 0 16 0;
#X connect 15 1 17 0;
local log = ofLog("ofWindowResized")
local canvas = ofCanvas(this)
local order, enabled = 50, true

function M.new()
  local args = canvas:getArgs()
  if #args == 1 then
    order = args[1]
  elseif #args == 2 then
    order, enabled = args[1], args[2] ~= 0
  elseif #args ~= 0 then
    log:error("requires 1 or 2 creation argument")
  end
  ofWindow.addListener("windowResized", this, order)
end

function M.setOrder(f)
  order = f
  ofWindow.addListener("windowResized", this, order)
end

function M.setEnabled(b)
  enabled = b ~= 0
end

function M.free()
  ofWindow.removeListener("windowResized", this)
end

function M.windowResized(e)
  if not enabled then
    return
  end
  return {e.width, e.height}
end#N canvas 397 307 444 239 10;
#X obj 32 107 inlet;
#X obj 32 29 loadbang;
#X obj 32 149 outlet;
#X obj 32 128 ofelia d \$0-of;
#X obj 32 71 s \$0-of;
#X msg 32 50 read -c ofWindowResized.lua;
#X connect 0 0 3 0;
#X connect 1 0 5 0;
#X connect 3 0 2 0;
#X connect 5 0 4 0;
clock = ofClock(this, "setup")
shaderDir = canvas:getDir() .. "/src/shaders/"
shader = ofShader()
shaderFMB = ofShader()
img = ofImage()
fontPath = canvas:getDir() .. "/src/fonts/Arial.ttf"
--                             coord scale
function unscaledX(sx)
    return sx / wW * W
end
function unscaledY(sy)
    return sy / wH * H
end
function scaledX(ux)
    return ux / W * wW
end
function scaledY(uy)
    return uy / H * wH
end
function M.new()
	print("new1", W, H)
	print(getIntersected)
	ofWindow.addListener("setup", this)
	ofWindow.addListener("draw", this)
	ofWindow.addListener("update", this)
	ofWindow.addListener("mouseDragged", this)
	ofWindow.addListener("mouseMoved", this)
    ofWindow.addListener("keyPressed", this) 
	ofWindow.addListener("keyReleased", this)
	ofWindow.addListener("exit", this)
	window:setPosition(30, 100)
	window:setSize(W, H)
	if ofWindow.exists then
		clock:delay(0)
	else
		window:create()
	end
end

function M.free()
	print("free 2")
	window:destroy()
	ofWindow.removeListener("setup", this)
	ofWindow.removeListener("draw", this)
	ofWindow.removeListener("update", this)
	ofWindow.removeListener("exit", this)
	ofWindow.removeListener("mouseDragged", this)
	ofWindow.removeListener("mouseMoved", this)
    ofWindow.removeListener("keyPressed", this) 
	ofWindow.removeListener("keyReleased", this)
end

function M.exit()
	print("exit")
	if webcamOk and webcam then
		webcam:close()
	end
	webcam = nil
	-- shader:unload()
end

function resizeCanvas(nw, nh)
	nw = math.floor(nw)
	nh = math.floor(nh)
	if nw < 1 or nh < 1 or (nw == W and nh == H) then
		return
	end
	local nextFbo = ofFbo()
	nextFbo:allocate(nw, nh, GL_RGBA)
	nextFbo:beginFbo()
		ofClear(255, 255, 255, 255)
		ofSetColor(255, 255, 255, 255)
		ofDisableAlphaBlending()
		fbo:draw(0, 0)
		ofEnableAlphaBlending()
	nextFbo:endFbo()
	fbo = nextFbo
	fbo2:allocate(nw, nh, GL_RGBA)
	fboCam:allocate(nw, nh, GL_RGBA)
	fboCam:beginFbo()
		ofClear(0, 0, 0, 0)
	fboCam:endFbo()
	W = nw
	H = nh
end

function M.update()
	local t0 = perfNowMs()
	if webcamOk and webcam then
		webcam:update()
	end

	if setupDone then
		local nw = ofGetWidth()
		local nh = ofGetHeight()
		if nw ~= W or nh ~= H then
			resizeCanvas(nw, nh)
		end
	end

	wW = ofGetWidth();
    wH = ofGetHeight();
	perfSince("update", t0)

		
end
function perfNowMs()
    if ofGetElapsedTimeMicros then
        return ofGetElapsedTimeMicros() / 1000
    end
    return ofGetElapsedTimef() * 1000
end

function perfAdd(name, dt)
    local s = PERF.sec[name]
    if not s then
        s = ofTable()
        s.n = 0
        s.sum = 0
        s.max = 0
        PERF.sec[name] = s
    end
    s.n = s.n + 1
    s.sum = s.sum + dt
    if dt > s.max then
        s.max = dt
    end
end

function perfSection(name)
    if not PERF.on or not PERF._secT then
        return
    end
    local now = perfNowMs()
    perfAdd(name, now - PERF._secT)
    PERF._secT = now
end

function perfSince(name, t0)
    if PERF.on then
        perfAdd(name, perfNowMs() - t0)
    end
end

function perfFlushSections()
    local parts = {}
    for _, name in ipairs(PERF.secOrder) do
        local s = PERF.sec[name]
        if s and s.n > 0 then
            parts[#parts + 1] = string.format("%s=%.2f/%.1f", name, s.sum / s.n, s.max)
            s.n = 0
            s.sum = 0
            s.max = 0
        end
    end
    print("PERF sections avg/max ms: " .. table.concat(parts, " "))
    perfFlushStats()
end

function perfFlushStats()
    local s = perfStatsTake and perfStatsTake()
    if not s then
        return
    end
    local now = perfNowMs()
    local sec = math.max((now - (PERF._statsT or now - PERF.intervalMs)) / 1000, 0.001)
    PERF._statsT = now
    local sr = 44100
    local ticksNeeded = sr / 64 * sec
    local worklet = (s.worklet or 0) == 1
    local outputQueueFrames = worklet and 128 or s.bufferFrames * 2
    local estLatencyMs = (s.ringAvgFrames + outputQueueFrames) / sr * 1000 + math.max(s.baseLatencyMs, 0) + math.max(s.outputLatencyMs, 0)
    local realtimeX = s.dspMs > 0 and s.ticks * 64 / sr * 1000 / s.dspMs or 0
    print(string.format("PERF pd ticksPct=%.0f dsp=%.0fms/s lockWait=%.0fms/s realtimeX=%.2f", s.ticks / ticksNeeded * 100, s.dspMs / sec, s.lockWaitMs / sec, realtimeX))
    print(string.format("PERF out worklet=%d running=%d underruns=%d late=%d gapMax=%.1fms ring min/avg/target=%.0f/%.0f/%d frames base=%.1fms out=%.1fms estLatency=%.0fms", worklet and 1 or 0, s.audioRunning or -1, s.underruns, s.lateCallbacks, s.callbackGapMaxMs, s.ringMinFrames, s.ringAvgFrames, s.ringTargetFrames, s.baseLatencyMs or -1, s.outputLatencyMs or -1, estLatencyMs))
    print(string.format("PERF main pdLocks=%d pdWait=%.1fms/s pdHold=%.1fms/s pdHoldMax=%.2fms luaHold=%.0fms/s luaHoldMax=%.1fms longTasks=%d longTaskMax=%.0fms", s.mainLocks, s.mainLockWaitMs / sec, s.mainLockHoldMs / sec, s.mainLockHoldMaxMs, s.luaHoldMs / sec, s.luaHoldMaxMs, s.longTasks or -1, s.longTaskMaxMs or -1))
end

function perfCol(n)
    local c = PERF.col[n]
    if not c then
        c = ofTable()
        c.n = 0
        c.readSum = 0
        c.readMax = 0
        c.sampleSum = 0
        c.sampleMax = 0
        c.totalSum = 0
        c.totalMax = 0
        c.dtSum = 0
        c.dtMax = 0
        c.lastMs = nil
        c.lastCursor = nil
        c.passes = 0
        c.cursor = 0
        PERF.col[n] = c
    end
    return c
end

function perfBeginDraw()
    if not PERF.on then
        return
    end
    local now = perfNowMs()
    if PERF._lastDrawT0 then
        perfAdd("frame", now - PERF._lastDrawT0)
    end
    PERF._lastDrawT0 = now
    PERF._drawT0 = now
    PERF._secT = now
end

function perfEndDraw()
    if not PERF.on or not PERF._drawT0 then
        return
    end
    local dt = perfNowMs() - PERF._drawT0
    PERF.drawN = PERF.drawN + 1
    PERF.drawSumMs = PERF.drawSumMs + dt
    if dt > PERF.drawMaxMs then
        PERF.drawMaxMs = dt
    end
    PERF.drawLastMs = dt
    PERF._drawT0 = nil
    perfFlush()
end

SPIKE = {
	intervalMs = 500,
	lastLogMs = 0,
	active = false,
	n = 0,
	frameSum = 0,
	frameMax = 0,
	composeSum = 0,
	composeMax = 0,
	lineSum = 0,
	lineMax = 0,
	colSum = 0,
	colMax = 0,
	spanMax = 0,
	hMax = 0,
	path = "?",
	dragSum = 0,
	dragMax = 0,
	dragN = 0,
	pts = 0,
	dashMax = 0,
	dashFrame = 0,
}

local function spikeAdd(sumKey, maxKey, dt)
	SPIKE[sumKey] = SPIKE[sumKey] + dt
	if dt > SPIKE[maxKey] then
		SPIKE[maxKey] = dt
	end
end

local function spikeResetWindow()
	SPIKE.n = 0
	SPIKE.frameSum = 0
	SPIKE.frameMax = 0
	SPIKE.composeSum = 0
	SPIKE.composeMax = 0
	SPIKE.lineSum = 0
	SPIKE.lineMax = 0
	SPIKE.colSum = 0
	SPIKE.colMax = 0
	SPIKE.spanMax = 0
	SPIKE.hMax = 0
	SPIKE.dragSum = 0
	SPIKE.dragMax = 0
	SPIKE.dragN = 0
	SPIKE.dashMax = 0
end

function spikeFlush()
	local n = SPIKE.n
	if n < 1 then
		return
	end
	local drags = SPIKE.dragN
	local dragAvg = drags > 0 and SPIKE.dragSum / drags or 0
	print(string.format(
		"SPIKE line+play n=%d frame=%.1f/%.1f compose=%.1f/%.1f line=%.1f/%.1f pts=%d harm=%d grad=%s type=%s col=%.1f/%.1f span=%d h=%d dashes=%d path=%s drag=%.2f/%.1f drags=%d",
		n,
		SPIKE.frameSum / n, SPIKE.frameMax,
		SPIKE.composeSum / n, SPIKE.composeMax,
		SPIKE.lineSum / n, SPIKE.lineMax,
		SPIKE.pts,
		math.floor(brushParameters["harmonics"] or 0),
		tostring(brushParameters["gradient"] or "0"),
		tostring(brushParameters["lineType"] or "1"),
		SPIKE.colSum / n, SPIKE.colMax,
		SPIKE.spanMax,
		SPIKE.hMax,
		SPIKE.dashMax,
		SPIKE.path,
		dragAvg, SPIKE.dragMax, drags
	))
	spikeResetWindow()
end

function spikeDrag(ms)
	SPIKE.dragSum = SPIKE.dragSum + ms
	SPIKE.dragN = SPIKE.dragN + 1
	if ms > SPIKE.dragMax then
		SPIKE.dragMax = ms
	end
end

function spikeColMeta(span, h, path)
	if not (buttonsPressed[0] and brushParameters["type"] == "line") then
		return
	end
	if span > SPIKE.spanMax then
		SPIKE.spanMax = span
	end
	local ah = math.abs(h)
	if ah > SPIKE.hMax then
		SPIKE.hMax = ah
	end
	SPIKE.path = path
end

function spikeFrame(frameMs, composeMs, lineMs, linePts, colMs)
	local dashes = SPIKE.dashFrame or 0
	SPIKE.dashFrame = 0
	if dashes > SPIKE.dashMax then
		SPIKE.dashMax = dashes
	end
	local drawing = buttonsPressed[0] and brushParameters["type"] == "line"
	local playing = false
	for i = 1, SEL_CNT do
		if selects[i] then
			playing = true
			break
		end
	end
	if not (drawing and playing) then
		if SPIKE.active then
			spikeFlush()
			print("SPIKE end")
			SPIKE.active = false
		else
			SPIKE.dragN = 0
			SPIKE.dragSum = 0
			SPIKE.dragMax = 0
			SPIKE.spanMax = 0
			SPIKE.hMax = 0
			SPIKE.dashMax = 0
		end
		return
	end
	if not SPIKE.active then
		SPIKE.active = true
		SPIKE.lastLogMs = perfNowMs()
		print("SPIKE begin line+play")
	end
	SPIKE.n = SPIKE.n + 1
	SPIKE.pts = linePts
	spikeAdd("frameSum", "frameMax", frameMs)
	spikeAdd("composeSum", "composeMax", composeMs)
	spikeAdd("lineSum", "lineMax", lineMs)
	spikeAdd("colSum", "colMax", colMs)
	local now = perfNowMs()
	if now - SPIKE.lastLogMs >= SPIKE.intervalMs then
		spikeFlush()
		SPIKE.lastLogMs = now
	end
end

function perfFlush()
    if not PERF.on then
        return
    end
    local now = perfNowMs()
    if PERF.startMs == nil then
        PERF.startMs = now
    end
    if now - PERF.lastLogMs < PERF.intervalMs then
        return
    end
    PERF.lastLogMs = now

    local mem = collectgarbage("count")
    local fps = 0
    if ofGetFrameRate then
        fps = ofGetFrameRate()
    end
    local drawAvg = 0
    if PERF.drawN > 0 then
        drawAvg = PERF.drawSumMs / PERF.drawN
    end
    local alive = 0
    for i = 1, SEL_CNT do
        if selects[i] then
            alive = alive + 1
        end
    end
    local pxW = -1
    local pxH = -1
    if pixels and pixels.getWidth then
        pxW = pixels:getWidth()
        pxH = pixels:getHeight()
    end
    print(string.format("PERF t=%.1fs fps=%.1f drawAvg=%.1fms drawMax=%.1fms drawLast=%.1fms mem=%.0fKB selects=%d pixels=%dx%d", (now - PERF.startMs) / 1000, fps, drawAvg, PERF.drawMaxMs, PERF.drawLastMs, mem, alive, pxW, pxH))

    for n = 1, SEL_CNT do
        local c = PERF.col[n]
        if c and c.n > 0 then
            print(string.format("PERF col%d calls=%d readAvg=%.1fms readMax=%.1fms sampleAvg=%.1fms sampleMax=%.1fms totalAvg=%.1fms totalMax=%.1fms dtAvg=%.1fms dtMax=%.1fms passes=%d cursor=%.0f", n, c.n, c.readSum / c.n, c.readMax, c.sampleSum / c.n, c.sampleMax, c.totalSum / c.n, c.totalMax, c.dtSum / c.n, c.dtMax, c.passes, c.cursor))
            c.n = 0
            c.readSum = 0
            c.readMax = 0
            c.sampleSum = 0
            c.sampleMax = 0
            c.totalSum = 0
            c.totalMax = 0
            c.dtSum = 0
            c.dtMax = 0
        end
    end

    perfFlushSections()

    PERF.drawN = 0
    PERF.drawSumMs = 0
    PERF.drawMaxMs = 0
end
local function getTimeBasedFilename()
	local seconds = os.time()
	local base6Digits = ""
	local num = seconds
	
	while num > 0 do
		local remainder = num % 6
		base6Digits = tostring(remainder) .. base6Digits
		num = math.floor(num / 6)
	end
	
	local filename = base6Digits:gsub("0", "f"):gsub("1", "i"):gsub("2", "l"):gsub("3", "t"):gsub("4", "e"):gsub("5", "r")
	return filename
end

local lastSaveTime = 0
local saveInterval = 15 -- interval in seconds

local function saveFBO2()
	if ofGetTargetPlatform and ofGetTargetPlatform() == OF_TARGET_EMSCRIPTEN then
		return
	end
	local currentTime = os.time()
	print(currentTime - lastSaveTime, saveInterval)
	if currentTime - lastSaveTime >= saveInterval then
		fbo2:readToPixels(pixels)
		ofSaveImage(pixels, canvas:getDir() .. "/saves/" .. getTimeBasedFilename() .. ".png")
		lastSaveTime = currentTime
	end
end

_G.saveFBO2 = saveFBO2
function M.setup()
	if setupDone then
		return
	end
	setupDone = true
	print("setup 12", "fboSampleColumnR", fboSampleColumnR ~= nil) 
	collectgarbage("stop")
	-- ofSetWindowTitle("simple color quad") 
	-- ofBackground(255, 255, 255, 255) 
	-- local platform = ofGetTargetPlatform() 
	-- if platform == OF_TARGET_LINUXARMV6L or platform == OF_TARGET_LINUXARMV7L or platform == OF_TARGET_ANDROID or platform == OF_TARGET_IOS or platform == OF_TARGET_EMSCRIPTEN then 
	--   shader:load(shaderDir .. "shadersES2/shader") 
	-- elseif ofIsGLProgrammableRenderer() then 
	--   shader:load(shaderDir .. "shadersGL3/shader") 
	-- else 
	--   shader:load(shaderDir .. "shadersGL2/shader") 
	-- end

	-- font
	
	

	-- shaer
	local useES = false
	if ofGetTargetPlatform and ofGetTargetPlatform() == OF_TARGET_EMSCRIPTEN then
		useES = true
	elseif ofIsGLProgrammableRenderer and ofIsGLProgrammableRenderer() then
		useES = true
	end

	if useES then
		ofDisableArbTex()
		shader:load(shaderDir .. "shadersES2/shaderBW")
		shaderFMB:load(shaderDir .. "shadersES2/shaderFMB")
	else
		ofEnableArbTex()
		shader:load(shaderDir .. "shaderBW")
		shaderFMB:load(shaderDir .. "shaderFMB")
	end

	
	
	img:allocate(vW, vH, GL_RGBA)
	pixels:allocate(vW, vH, GL_RGBA)

	webcamOk = false
	local webcamSetupOk, webcamSetupErr = pcall(function()
		webcam:setup(vW, vH)
	end)
	if webcamSetupOk then
		webcamOk = true
	else
		print("webcam setup failed", webcamSetupErr)
	end

	fbo:allocate(W, H, GL_RGBA)
	fbo:beginFbo()
		ofClear(255, 255, 255, 255)
	fbo:endFbo()

	fbo2:allocate(W, H, GL_RGBA)
	fbo2:beginFbo()
		ofClear(0,0,0, 0)
	fbo2:endFbo()

	fboCam:allocate(W, H, GL_RGBA)
	fboCam:beginFbo()
		ofClear(0,0,0, 0)
	fboCam:endFbo()

	fboFreq:allocate(freqW, freqH, GL_RGBA)
	fboFreq:beginFbo()
		ofClear(0,0,0, 0)
	fboFreq:endFbo()

	generalSettings["current"] = "camera"
	generalSettingsSettings["current"] = createRadioParameterSettings(ofTable("camera", "font"))
	generalSettings["camera"] = 1
	generalSettingsSettings["camera"] = createNumberParameterSettings("camera", 0.5, 2)
	generalSettings["font"] = 1
	generalSettingsSettings["font"] = createNumberParameterSettings("font", 0.5, 25)
	generalSettings["spectrograph"] = 8
	generalSettingsSettings["spectrograph"] = createNumberParameterSettings("spectrograph", 0, 100)
	generalSettings["wheel"] = "up"
	generalSettingsSettings["wheel"] = createRadioParameterSettings(ofTable("up", "down"))

	-- platform
	local platform = ofGetTargetPlatform()
	-- print(222222, platform == OF_TARGET_OSX, OF_TARGET_LINUXARMV6L)
	if platform == OF_TARGET_OSX then 
		generalSettings["camera"] = 1
		generalSettings["font"] = 2
	else 
		generalSettings["camera"] = 1
		generalSettings["font"] = 1
	end

  
	local titleFontSettings = ofTrueTypeFontSettings(fontPath, 12 * generalSettings["font"])
	title:load(titleFontSettings)

	local smalltextFontSettings = ofTrueTypeFontSettings(fontPath, 10 * generalSettings["font"])
	-- smalltextFontSettings:addRanges(ofAlphabet(ofAlphabet.Cyrillic))
	smalltext:load(smalltextFontSettings)


	-- selects
	selectParametersSettings["current"] = createRadioParameterSettings(ofTable("speed", "volume", 'frames', 'osc'))
	selectParametersSettings["speed"] = createNumberParameterSettings("speed", 5, 200)
	selectParametersSettings["frames"] = createNumberParameterSettings("frames", 1, 1000)
	selectParametersSettings["volume"] = createNumberParameterSettings("volume", 0, 10)
	selectParametersSettings["osc"] = createRadioParameterSettings(ofTable(1, 2, 3, 4, 5), 'osc') --createNumberParameterSettings("osc", 1, 2)
	sends["speed"] = createSelectsSends("speed")
	sends["filter"] = createSelectsSends("filter")
	sends["volume"] = createSelectsSends("volume")
	sends["frames"] = createSelectsSends("frames")
	sends["osc"] = createSelectsSends("osc")
	sends["spectreOn"] = ofSend('spectreOn')

	
	-- brush
	brushParameters["current"] = "type"
	--?
	 brushParametersSettings["current"] = createRadioParameterSettings(ofTable("type", "lineSize", 'circleSize', "color", "opacity"))

	brushParameters["type"] = "line"
	local showCameraMode = false
	local typeItems = {"line", "circle", "camera", "fractal", "spectre", "clear"}
	local visibleTypes = {}
	for i = 1, #typeItems do
		if showCameraMode or typeItems[i] ~= "camera" then
			visibleTypes[#visibleTypes + 1] = typeItems[i]
		end
	end
	brushParametersSettings["type"] = createRadioParameterSettings(ofTable(table.unpack(visibleTypes)))

	brushParameters["color"] = "black"
	brushParametersSettings["color"] = createRadioParameterSettings(ofTable("black", "white"))

	brushParameters["lineType"] = "1"
	brushParametersSettings["lineType"] = createRadioParameterSettings(ofTable("1", "2"))

	brushParameters["gradient"] = "off"
	brushParametersSettings["gradient"] = createRadioParameterSettings(ofTable("off", "1", "2"))

	brushParameters["curve"] = 0
	brushParametersSettings["curve"] = createNumberParameterSettings("curve", -8, 8)

	brushParameters["dash"] = 1
	brushParametersSettings["dash"] = createNumberParameterSettings("dash", 0, 32)

	brushParameters["gap"] = 0
	brushParametersSettings["gap"] = createNumberParameterSettings("gap", 0, 32)

	brushParameters["harmonics"] = 0
	brushParametersSettings["harmonics"] = createNumberParameterSettings("harmonics", 0, 32)

	brushParameters["stepHz"] = 44100 / 512
	brushParametersSettings["stepHz"] = createNumberParameterSettings("stepHz", 44100 / 512, 22050)

	brushParameters["lineSize"] = 1
	if platform == OF_TARGET_OSX then 
		brushParametersSettings["lineSize"] = createNumberParameterSettings("lineSize", 1, 12)
	else 
		brushParametersSettings["lineSize"] = createNumberParameterSettings("lineSize", 1, 1000)
	end

	brushParameters["circleSize"] = 1
	brushParametersSettings["circleSize"] = createNumberParameterSettings("circleSize", 1, 1000)

	brushParameters["opacity"] = 100
	brushParametersSettings["opacity"] = createNumberParameterSettings("opacity", 0, 100)

	brushParameters["light"] = 0
	brushParametersSettings["light"] = createNumberParameterSettings("light", -100, 100)

	brushParameters["fill"] = 'off'
	brushParametersSettings["fill"] = createRadioParameterSettings(ofTable("on", "off"))

	brushParameters["spectreState"] = 'on'
	brushParametersSettings["spectreState"] = createRadioParameterSettings(ofTable("on", "off"))
	
	brushParameters["spectreMode"] = 'static'
	brushParametersSettings["spectreMode"] = createRadioParameterSettings(ofTable("static", "dynamic"))
	
	-- brushParameters["spectreX"] = 0
	-- brushParameters["spectreY"] = 0
	-- brushParameters["spectreW"] = 0
	-- brushParameters["spectreH"] = 0

	--fractal 
	brushParameters["offsetX"] = -0.75
	brushParametersSettings["offsetX"] = createNumberParameterSettings("offsetX", -2, 2)
	brushParameters["offsetY"] = 0.0
	brushParametersSettings["offsetY"] = createNumberParameterSettings("offsetY",  -2, 2)
	brushParameters["scale"] = 1.0
	brushParametersSettings["scale"] = createNumberParameterSettings("scale", 0, 1)

	
	
end

webcam = ofVideoGrabber()
webcamOk = false


W = 1280
H = 960
vW = 320
vH = 240
wW = ofGetWidth()
wH = ofGetHeight()

-- cameraScale = 1
-- fontsScale = 1


selects = ofTable()

selectParametersSettings = ofTable()

brushParameters = ofTable()
brushParametersSettings = ofTable()
sends = ofTable()

generalSettingsSettings = ofTable()
generalSettings = ofTable()
generalSettings["camera"] = 1
generalSettings["font"] = 1

pixels = ofPixels()
fbo = ofFbo()
fbo2 = ofFbo()
fboCam = ofFbo()


freqCursor = 0
freqW = 600
freqH = 300
fboFreq = ofFbo()

dynamicSpectres = ofTable()
dynSpectreIndex = 1
activeDynSpectreIndex = nil
SPCTR_CNT = 6

isCameraDraw = false

buttonsPressed = { false, false, false }
prevPointX = nil
prevPointY = nil

startPointX = nil
startPointY = nil
startButton = nil
prevPointX = nil
prevPointY = nil

selectIndex = 1
activeSelectIndex = nil
SEL_CNT = 6
cursors = ofTable(0, 0, 0, 0, 0, 0)

ZERO_FILTER = createCleanFilter()

FILTER_CACHE = ofTable()
for fi = 1, SEL_CNT do
    FILTER_CACHE[fi] = createCleanFilter()
end
filterCursorSeen = ofTable()
for fi = 1, SEL_CNT do
    filterCursorSeen[fi] = -1
end

title = ofTrueTypeFont()
smalltext = ofTrueTypeFont()

isSetting = false

button1PressedTime = nil 

previewParameter = nil

PERF = ofTable()
PERF.on = PERF_REQUESTED == true
PERF.intervalMs = 5000
PERF.lastLogMs = 0
PERF.startMs = nil
PERF.col = ofTable()
PERF.drawN = 0
PERF.drawSumMs = 0
PERF.drawMaxMs = 0
PERF.drawLastMs = 0
PERF.sec = ofTable()
PERF.secOrder = { "frame", "compose", "columns", "present", "spectreBox", "selections", "ui", "highlight", "update", "freq" }
local filterColumnX = {}
local filterScratch = {}
local filterOpen = {}

local function scratchOf(n)
    if not filterScratch[n] then
        filterScratch[n] = createCleanFilter()
    end
    return filterScratch[n]
end

local function foldColumn(n, src)
    local dst = FILTER_CACHE[n]
    if filterOpen[n] then
        for i = 1, 256 do
            local v = src[i]
            if v > dst[i] then
                dst[i] = v
            end
        end
    else
        for i = 1, 256 do
            dst[i] = src[i]
        end
        filterOpen[n] = true
    end
end

local function sampleSpan(pxW, pxH, x0, x1, sy, h, rgbData)
    local xa = math.floor(math.min(x0, x1))
    local xb = math.floor(math.max(x0, x1))
    if xa < 0 then xa = 0 end
    if xb >= pxW then xb = pxW - 1 end
    local maxInk = {}
    for i = 1, 256 do
        maxInk[i] = 0
    end
    local yLo = math.floor(sy + (h - 1) + 0.5)
    local yHi = math.floor(sy + 0.5)
    local ya = math.min(yLo, yHi)
    local yb = math.max(yLo, yHi)
    if ya < 0 then ya = 0 end
    if yb >= pxH then yb = pxH - 1 end
    local denom = h - 1
    local flat = math.abs(denom) <= 1e-4
    for yy = ya, yb do
        local bin = 0
        if not flat then
            local u = 1 - (yy - sy) / denom
            bin = math.floor(u * 255 / 2 + 0.5)
            if bin < 0 then bin = 0 end
            if bin > 127 then bin = 127 end
        end
        local ink = maxInk[bin + 1]
        for x = xa, xb do
            local col = pixels:getColor(pixels:getPixelIndex(x, yy))
            local v = 255 - col.r
            if v > ink then ink = v end
        end
        maxInk[bin + 1] = ink
    end
    if flat then
        for i = 2, 256 do
            maxInk[i] = maxInk[1]
        end
    else
        for i = 129, 256 do
            maxInk[i] = maxInk[128]
        end
    end
    for i = 1, 256 do
        rgbData[i] = maxInk[i]
    end
end

function fillFilterCache(n)
    local sel = selects[n]
    if not sel then
        return FILTER_CACHE[n]
    end
    local cursor = cursors[n]
    if filterCursorSeen[n] == cursor then
        return FILTER_CACHE[n]
    end

    local t0 = perfNowMs()
    local sx = sel["sx"]
    local sy = sel["sy"]
    local w = sel["w"]
    local h = sel["h"]
    local frames = sel["frames"]
    local x = math.floor(sx + cursor / frames * w + 0.5)
    local x0 = x
    local prev = filterColumnX[n]
    if prev and cursor > filterCursorSeen[n] then
        local limit = math.abs(w) + 2
        if math.abs(x - prev) <= limit then
            x0 = prev
        end
    end
    local rgbData = scratchOf(n)
    local readMs = 0
    local sampleMs = 0
    local path = "full"

    if fboSampleColumnR then
        path = "col"
        local status = fboSampleColumnR(fbo2, x0, x, sy, h, rgbData)
        if status == 2 then
            filterColumnX[n] = x
            foldColumn(n, rgbData)
        elseif status == 1 or status == true then
            filterColumnX[n] = x
        end
        readMs = perfNowMs() - t0
    else
        fbo2:readToPixels(pixels)
        local t1 = perfNowMs()
        readMs = t1 - t0
        local pxW = pixels:getWidth()
        local pxH = pixels:getHeight()
        sampleSpan(pxW, pxH, x0, x, sy, h, rgbData)
        foldColumn(n, rgbData)
        filterColumnX[n] = x
        sampleMs = perfNowMs() - t1
    end
    if spikeColMeta then
        spikeColMeta(math.abs(x - x0) + 1, h, path)
    end

    filterCursorSeen[n] = cursor

    if PERF.on then
        local t2 = perfNowMs()
        local totalMs = t2 - t0
        local c = perfCol(n)
        if c.lastMs then
            local dt = t2 - c.lastMs
            c.dtSum = c.dtSum + dt
            if dt > c.dtMax then
                c.dtMax = dt
            end
        end
        if c.lastCursor and cursor < c.lastCursor then
            c.passes = c.passes + 1
            local wrapDt = -1
            if c.lastMs then
                wrapDt = t2 - c.lastMs
            end
            print(string.format("PERF WRAP col%d pass=%d cursor=%.0f->%.0f total=%.1fms read=%.1fms sample=%.1fms dt=%.1fms mem=%.0fKB", n, c.passes, c.lastCursor, cursor, totalMs, readMs, sampleMs, wrapDt, collectgarbage("count")))
        end
        c.lastMs = t2
        c.lastCursor = cursor
        c.cursor = cursor
        c.n = c.n + 1
        c.readSum = c.readSum + readMs
        c.sampleSum = c.sampleSum + sampleMs
        c.totalSum = c.totalSum + totalMs
        if readMs > c.readMax then
            c.readMax = readMs
        end
        if sampleMs > c.sampleMax then
            c.sampleMax = sampleMs
        end
        if totalMs > c.totalMax then
            c.totalMax = totalMs
        end
    end

    return FILTER_CACHE[n]
end

function refreshActiveFilterCaches()
    local any = false
    for n = 1, SEL_CNT do
        if selects[n] and filterCursorSeen[n] ~= cursors[n] then
            any = true
            break
        end
    end
    if not any then
        if PERF.on then
            perfFlush()
        end
        return
    end
    for n = 1, SEL_CNT do
        if selects[n] then
            fillFilterCache(n)
        else
            filterOpen[n] = false
        end
    end
    if PERF.on then
        perfFlush()
    end
end

function pixelColumntToArray(n)
    filterOpen[n] = false
    if not selects[n] then
        return ZERO_FILTER
    end
    return FILTER_CACHE[n]
end
function M.draw()
	local spikeT0 = perfNowMs()
	local lineMs = 0
	local linePts = 0
	local composeMs = 0
	local colMs = 0
	if perfBeginDraw then
		perfBeginDraw()
	end
	drawPendingFreq()
	collectgarbage("step")
	-- print('draw')
	-- ofSetColor(255)
	-- shader:beginShader()
	-- ofDrawRectangle(0, 0, ofGetWidth(), ofGetHeight())
	-- shader:endShader()

	ofSetColor(0, 0, 0, 0)
	-- ofSetColor(255, 255, 255, 255)
	ofFill()
	ofDrawRectangle(0, 0, W, H)
	ofSetColor(255, 255, 255, 255)
	ofEnableAlphaBlending(); 


	if updateLineStrokeCache then
		updateLineStrokeCache()
	end
	local composeT = perfNowMs()
	fbo2:beginFbo()

		ofClear(255, 255, 255, 255)
		
		ofFill()
		ofSetColor(255, 255, 255, 255)
		ofDrawRectangle(0, 0, W, H)

		ofSetColor(255, 255, 255, 255)

		-- 1111S
		ofDisableAlphaBlending();
		fbo:draw(0, 0)
		-- 1111E

		if buttonsPressed[0]  then

			if (brushParameters["type"] == "camera") and webcamOk then
				local x = buttonsPressed[0].sx
				local y = buttonsPressed[0].sy
				local w = prevPointX - buttonsPressed[0].sx
				local h = prevPointY - buttonsPressed[0].sy

				
				webcam:getTexture():bind()
				
				fboCam:beginFbo()
					shader:beginShader()
						shader:setUniformTexture("tex0", webcam:getTexture(), 0)
						shader:setUniform1f("W", W);
						shader:setUniform1f("H", H);
						shader:setUniform1f("vW", vW);
						shader:setUniform1f("vH", vH);
						shader:setUniform1f("light", brushParameters["light"]);
						shader:setUniform1f("cameraScale", generalSettings["camera"]);
						
						ofSetColor(255, 255, 255, 255)
						-- ofEnableAlphaBlending(); 
						ofDisableAlphaBlending(); 

						ofDrawRectangle(0,0,W, H)
					shader:endShader()
				fboCam:endFbo()

				webcam:getTexture():unbind()

				ofSetColor(255, 255, 255, brushParameters["opacity"] / 100 * 255)
				-- ofDisableAlphaBlending(); 
				ofEnableAlphaBlending(); 
				fboCam:draw(x, H - y, w, -h)
			end

			
			if (brushParameters["type"] == "fractal") then
				local x = buttonsPressed[0].sx
				local y = buttonsPressed[0].sy
				local w = prevPointX - buttonsPressed[0].sx
				local h = prevPointY - buttonsPressed[0].sy

				-- if (buttonsPressed[1]) then
				-- 	x = buttonsPressed[0].sx
				-- 	y = buttonsPressed[0].sy
				-- 	w = buttonsPressed[1].sx- buttonsPressed[0].sx
				-- 	h = buttonsPressed[1].sy- buttonsPressed[0].sy
				-- end

				
				webcam:getTexture():bind()
				
				fboCam:beginFbo()
					shaderFMB:beginShader()
						shaderFMB:setUniform1f("W", W);
						shaderFMB:setUniform1f("H", H);
						shaderFMB:setUniform1f("offsetX", brushParameters["offsetX"] or 0);
						shaderFMB:setUniform1f("offsetY", brushParameters["offsetY"] or 0);
						shaderFMB:setUniform1f("scale", brushParameters["scale"]);
						shaderFMB:setUniform1f("light", brushParameters["light"]);
						shaderFMB:setUniform1f("isWhite", brushParameters["color"] == 'white' and 1 or 0);
						
						ofSetColor(255, 255, 255, 255)
						-- ofEnableAlphaBlending(); 
						ofDisableAlphaBlending(); 

						ofDrawRectangle(0,0,W, H)
					shaderFMB:endShader()
				fboCam:endFbo()

				webcam:getTexture():unbind()

				ofSetColor(255, 255, 255, brushParameters["opacity"] / 100 * 255)
				-- ofDisableAlphaBlending(); 
				ofEnableAlphaBlending(); 
				fboCam:draw(x, H - y, w, -h)
			end

			if brushParameters["type"] == "line" and brushParameters["lineType"] == "2" then
				local lineT = perfNowMs()
				drawType2Line(buttonsPressed[0].sx, buttonsPressed[0].sy, prevPointX, prevPointY)
				lineMs = perfNowMs() - lineT
				linePts = 2
			end
			if brushParameters["type"] == "line" and (brushParameters["lineType"] or "1") == "1" then
				local lineT = perfNowMs()
				drawLineStroke()
				lineMs = perfNowMs() - lineT
				linePts = strokePointCount()
			end
		end

		
		for i = 1, SPCTR_CNT + 1 do
			if (dynamicSpectres[i]) then
			-- if (generalSettings['spectrograph'] > 0) then
	
				local x = dynamicSpectres[i]['x'];
				local y = dynamicSpectres[i]['y'];
				local w = dynamicSpectres[i]['w'];
				local h = dynamicSpectres[i]['h'];
				-- local freqW = generalSettings['spectrograph'] * vW/2;
				-- local freqH = generalSettings['spectrograph'] * vH/4;
	
				ofEnableAlphaBlending(); 
				ofEnableBlendMode(OF_BLENDMODE_MULTIPLY)
				ofSetColor(255, 255, 255, 255)
				fboFreq:draw(x,y, w,h)
				ofEnableBlendMode(OF_BLENDMODE_DISABLED)
	
			end
		end
		

	fbo2:endFbo()
	composeMs = perfNowMs() - composeT - lineMs
	if composeMs < 0 then
		composeMs = 0
	end
	perfSection("compose")

	local colT = perfNowMs()
	if refreshActiveFilterCaches then
		refreshActiveFilterCaches()
	end
	colMs = perfNowMs() - colT
	perfSection("columns")

	ofDisableAlphaBlending(); 
	ofSetColor(255, 255, 255, 255)
	fbo2:draw(0, 0, wW, wH)
	perfSection("present")







	-- local red = {255, 0, 0, 255}
	-- local pink = {255, 0, 0, 255}

	local lineHeight = 18 * generalSettings["font"];
	-- print(555, activeSelectIndex);


	if not (buttonsPressed[0] and brushParameters['type'] == 'spectre' and brushParameters['spectreMode'] == 'static') then
		if dynamicSpectres[activeDynSpectreIndex] then

			ofNoFill()
			local x = scaledX(dynamicSpectres[activeDynSpectreIndex]["x"])
			local y = scaledY(dynamicSpectres[activeDynSpectreIndex]["y"])
			local w = scaledX(dynamicSpectres[activeDynSpectreIndex]["w"])
			local h = scaledY(dynamicSpectres[activeDynSpectreIndex]["h"])
			ofSetLineWidth(generalSettings['font'])

			ofSetColor(0, 0, 255, 255)
			ofDrawRectangle(x, y, w, h)
		
		end
	end


	perfSection("spectreBox")

	-- Ğ’Ğ«Ğ”Ğ•Ğ›Ğ•ĞĞ˜Ğ¯
	drawSelections()
	drawHarmonicMarks()
	perfSection("selections")

	if (not isSetting) then
		drawBrushParams() 
	else
		drawGeneralSettings() 
	end 
	perfSection("ui")

	-- if (cursorPix) then
	-- 	ofSetColor(255, 0, 0, 255)

	-- 	title:drawString(cursorPix.r .. ' ' .. cursorPix.a, 20, 20)
	-- end

	-- ofSetColor(255, 0, 0, 255)
	-- ofNoFill()
	-- ofDrawRectangle(0,0,wW/2, wH/2)


	-- if selects[1] then 

	-- 	local x1 = scaledX(selects[1]["sx"])
	-- 	local y1 = scaledY(selects[1]["sy"])
	-- 		local w1 = scaledX(selects[1]["w"])
	-- 		local h1 = scaledY(selects[1]["h"])
	-- 		local frames1 = selects[1]["frames"]

			
	-- 	local cursorX2 = x1 + cursors[1] / frames1 * w1
		
	-- 	ofSetColor(225, 0, 255, 255)
	-- 	ofDrawRectangle(cursorX2- 2,0,4, wH)

	-- 	-- local cursorX = selects[1]['sx'] + cursors[1] / selects[1]['frames'] * selects[1]['w']
		
	-- 	-- ofSetColor(0, 0, 255, 255)
	-- 	-- ofDrawRectangle(cursorX- 2,0,4, wH)
	-- end


	
	-- if (activeDynSpectreIndex) then
	-- 	ofSetColor(255, 0, 0, 255)
	-- 	ofDisableAlphaBlending()

	-- 	title:drawString(activeDynSpectreIndex, 20, 20)
	-- end

	MouseHighlight.draw(smalltext)
	perfSection("highlight")
	if perfEndDraw then
		perfEndDraw()
	end
	spikeFrame(perfNowMs() - spikeT0, composeMs, lineMs, linePts, colMs)
end
freqPendingColumns = 0
FREQ_MAX_PENDING_COLUMNS = 4

function drawFreq()
    freqPendingColumns = math.min(freqPendingColumns + 1, FREQ_MAX_PENDING_COLUMNS)
end

function drawPendingFreq()
    if freqPendingColumns == 0 then
        return
    end
    local t0 = perfNowMs()
    local freqs = ofArray('freq'):get(0)
    local lastFreq = #freqs
    fboFreq:beginFbo()
    ofFill()
    for _ = 1, freqPendingColumns do
        for i = 1, freqH do
            local color = (1 - freqs[math.min(math.floor(i / freqH * 255 / 2) + 1, lastFreq)]) * 255
            ofSetColor(color, color, color, 255)
            ofDrawRectangle(freqCursor, freqH - i, 1, 1)
        end
        freqCursor = freqCursor + 1
        if freqCursor > freqW then
            freqCursor = 1
        end
    end
    fboFreq:endFbo()
    freqPendingColumns = 0
    perfSince("freq", t0)
end
local brushParamText = {}
brushParamText['lineSize'] = 'size'
brushParamText['lineType'] = 'line'
brushParamText['gradient'] = 'gradient'
brushParamText['curve'] = 'curve'
brushParamText['dash'] = 'dash'
brushParamText['gap'] = 'gap'
brushParamText['harmonics'] = 'harm'
brushParamText['stepHz'] = 'hz'
brushParamText['circleSize'] = 'size'
brushParamText['spectreState'] = 'state'
brushParamText['spectreMode'] = 'mode'

local function drawCurveIcon(x, baseline)
    local font = generalSettings["font"] or 1
    local w = 32 * font
    local h = 14 * font
    ofSetLineWidth(math.max(1, font))
    local prevx, prevy
    for i = 0, 16 do
        local t = i / 16
        local a = fadeAlong(t)
        if a < 0 then a = 0 elseif a > 1 then a = 1 end
        local px = x + t * w
        local py = baseline - a * h
        if prevx then
            ofDrawLine(prevx, prevy, px, py)
        end
        prevx, prevy = px, py
    end
end

function drawBrushParams() 

    local params = getVisualBrushParamsByCurrentType()

    local margin = 10 * generalSettings["font"]
    local firstLine = 8 * generalSettings["font"]
    local secLine = 25 * generalSettings["font"]

    for i, type in ipairs(params) do

        if not activeSelectIndex and brushParameters["current"] == type then
            ofSetColor(255, 0, 255, 255)
        elseif previewParameter and previewParameter.type == 'brush' and previewParameter.param == type then
            ofSetColor(0, 255, 0, 255) -- Ğ–ĞµĞ»Ñ‚Ñ‹Ğ¹ Ñ†Ğ²ĞµÑ‚ Ğ´Ğ»Ñ Ğ¿Ñ€ĞµĞ´Ğ²Ğ°Ñ€Ğ¸Ñ‚ĞµĞ»ÑŒĞ½Ğ¾Ğ³Ğ¾ Ğ¿Ñ€Ğ¾ÑĞ¼Ğ¾Ñ‚Ñ€Ğ°
        elseif type == 'offsetX' or type == 'offsetY' then
            ofSetColor(0, 255, 255, 255) 
        else
            ofSetColor(0, 0, 255, 255)
        end

        local string = ''
        if type == 'type' then string = tostring(brushParameters[type]) end
        if type == 'lineSize' then string = tostring(math.floor(brushParameters[type] or 0)) end
        if type == 'lineType' then string = tostring(brushParameters[type]) end
        if type == 'gradient' then string = tostring(brushParameters[type]) end
        if type == 'dash' or type == 'gap' then string = tostring(math.floor(brushParameters[type] or 0)) end
        if type == 'harmonics' then string = tostring(math.floor(brushParameters[type] or 0)) end
        if type == 'stepHz' then string = tostring(math.floor(brushParameters[type] or 0)) end
        if type == 'circleSize' then string = tostring(math.floor(brushParameters[type] or 0)) end
        if type == 'color' then string = tostring(brushParameters[type]) end
        if type == 'opacity' then string = string.format("%.2f", (brushParameters[type] or 0) / 100) end
        if type == 'light' then string = tostring(math.floor(brushParameters[type] or 0)) end
        if type == 'fill' then string = tostring(brushParameters[type]) end
        
        if type == 'offsetX' then string = string.format("%.6f", brushParameters[type] or 0) end
        if type == 'offsetY' then string = string.format("%.6f", brushParameters[type] or 0) end
        if type == 'scale' then string = string.format("%.7f", brushParameters[type] or 0) end
        if type == 'spectreState' then string = tostring(brushParameters[type]) end
        if type == 'spectreMode' then string = tostring(brushParameters[type]) end

        if type == 'curve' then
            drawCurveIcon(margin, wH - firstLine)
        else
            title:drawString(string, margin, wH - firstLine)
        end
        if (not activeSelectIndex) then
            smalltext:drawString(brushParamText[type] or type, margin, wH - secLine)
        end

        if type == 'type' then margin = margin + 70 * generalSettings["font"] end
        if type == 'lineSize' then margin = margin + 40 * generalSettings["font"] end
        if type == 'lineType' then margin = margin + 40 * generalSettings["font"] end
        if type == 'gradient' then margin = margin + 80 * generalSettings["font"] end
        if type == 'curve' then margin = margin + 46 * generalSettings["font"] end
        if type == 'dash' then margin = margin + 48 * generalSettings["font"] end
        if type == 'gap' then margin = margin + 42 * generalSettings["font"] end
        if type == 'harmonics' then margin = margin + 40 * generalSettings["font"] end
        if type == 'stepHz' then margin = margin + 55 * generalSettings["font"] end
        if type == 'circleSize' then margin = margin + 40 * generalSettings["font"] end
        if type == 'color' then margin = margin + 50 * generalSettings["font"] end
        if type == 'opacity' then margin = margin + 50 * generalSettings["font"] end
        if type == 'light' then margin = margin + 50 * generalSettings["font"] end
        if type == 'fill' then margin = margin + 50 * generalSettings["font"] end

        if type == 'offsetX' then margin = margin + 80 * generalSettings["font"] end
        if type == 'offsetY' then margin = margin + 80 * generalSettings["font"] end
        if type == 'scale' then margin = margin + 85 * generalSettings["font"] end
        if type == 'spectreState' then margin = margin + 60 * generalSettings["font"] end
        if type == 'spectreMode' then margin = margin + 70 * generalSettings["font"] end
    end

end



function drawGeneralSettings() 


    
    local params = {'font', 'camera'}

    local margin = 10 * generalSettings["font"]
	local firstLine = 8 * generalSettings["font"]
	local secLine = 25 * generalSettings["font"]

    for i, type in ipairs(params) do

        -- print(generalSettings["current"], type)
        if generalSettings["current"] == type then
            ofSetColor(255, 0, 255, 255)
        elseif previewParameter and previewParameter.type == 'setting' and previewParameter.param == type then
            ofSetColor(0, 255, 0, 255)
        else
            ofSetColor(255, 0, 0, 255)
        end

        local string = ''
        if type == 'camera' then string = tostring(generalSettings[type] or 0) end
        if type == 'font' then string = tostring(generalSettings[type] or 0) end
        if type == 'spectrograph' then string = tostring(generalSettings[type] or 0) end
        
        title:drawString(string, margin, wH - firstLine)
        smalltext:drawString(type, margin, wH - secLine)

        if type == 'camera' then margin = margin + 50 * generalSettings["font"] end
        if type == 'font' then margin = margin + 50 * generalSettings["font"] end
        if type == 'spectrograph' then margin = margin + 110 * generalSettings["font"] end
        
    end

end
local lineMesh

local SAMPLE_RATE = 44100
local FFT_SIZE = 512

local function aboveSelectionTop(sel, y)
	if sel['h'] >= 0 then
		return y < sel['sy']
	end
	return y > sel['sy']
end

function harmonicDy(sel)
	local step = brushParameters['stepHz'] or 0
	return -step * FFT_SIZE / SAMPLE_RATE * 2 / 255 * (sel['h'] - 1)
end

local stroke = {}

local strokeFbo
local strokeFboW = 0
local strokeFboH = 0
local strokeDrawn = 0
local strokeKey

function beginLineStroke(x, y)
	stroke = { { x, y } }
	strokeDrawn = 0
end

function extendLineStroke(x, y)
	local last = stroke[#stroke]
	if not last then
		stroke[1] = { x, y }
		return
	end
	local dx = x - last[1]
	local dy = y - last[2]
	if dx * dx + dy * dy < 0.01 then return end
	stroke[#stroke + 1] = { x, y }
end

local function unitPerp(x1, y1, x2, y2)
	local dx = x2 - x1
	local dy = y2 - y1
	local len = math.sqrt(dx * dx + dy * dy)
	if len < 0.01 then return nil end
	return -dy / len, dx / len
end

function fadeAlong(t)
	local k = brushParameters['curve'] or 0
	if k > 8 then k = 8 elseif k < -8 then k = -8 end
	if k == 0 then return 1 - t end
	local p = 2 ^ (math.abs(k) * 0.75)
	if k > 0 then return 1 - t ^ p end
	return (1 - t) ^ p
end

local function strokeAlpha(g, a0, t)
	if g == '1' then return a0 * fadeAlong(t) end
	if g == '2' then return a0 * (1 - math.abs(t * 2 - 1)) end
	return a0
end

local function pathCum(pts)
	local cum = { 0 }
	local total = 0
	for i = 2, #pts do
		local dx = pts[i][1] - pts[i - 1][1]
		local dy = pts[i][2] - pts[i - 1][2]
		total = total + math.sqrt(dx * dx + dy * dy)
		cum[i] = total
	end
	return cum, total
end

local function dashLengths()
	local gap = brushParameters['gap'] or 0
	if gap <= 0 then return nil end
	local size = brushParameters['lineSize'] or 1
	if size < 1 then size = 1 end
	local on = brushParameters['dash'] or 1
	if on < 0 then on = 0 end
	return on * size, gap * size
end

local scratchCum = {}
local perpX, perpY, perpOk = {}, {}, {}
local stripX, stripY, stripC, stripA = {}, {}, {}, {}
local stripN = 0
local outX, outY, outC, outA = {}, {}, {}, {}
local outN = 0

local function pushVert(x, y, c, a)
	stripN = stripN + 1
	stripX[stripN] = x
	stripY[stripN] = y
	stripC[stripN] = c
	stripA[stripN] = a
end

local function pushEnd(x, y, nx, ny, c, a)
	pushVert(x + nx, y + ny, c, a)
	pushVert(x - nx, y - ny, c, a)
end

local function drawVerts(xs, ys, cs, as, n)
	if n < 3 then return end
	if not lineMesh then lineMesh = ofMesh() end
	lineMesh:clear()
	lineMesh:setMode(OF_PRIMITIVE_TRIANGLE_STRIP)
	for i = 1, n do
		lineMesh:addVertex(ofVec3f(xs[i], ys[i], 0):vec3())
		lineMesh:addColor(ofFloatColor(cs[i], cs[i], cs[i], as[i]))
	end
	ofEnableAlphaBlending()
	ofSetColor(255, 255, 255, 255)
	lineMesh:draw()
end

local function writeStrip(pts, count, yShift, origin, span)
	stripN = 0
	local n = count
	if n < 2 then return false end
	local w = (brushParameters['lineSize'] or 1) / 2
	local minHalf = 0.5 * math.sqrt(2) + 0.1
	if w < minHalf then w = minHalf end
	local c = brushParameters['color'] == 'black' and 0 or 1
	local a0 = (brushParameters['opacity'] or 0) / 100
	local g = brushParameters['gradient']
	scratchCum[1] = 0
	local total = 0
	for i = 2, n do
		local dx = pts[i][1] - pts[i - 1][1]
		local dy = pts[i][2] - pts[i - 1][2]
		total = total + math.sqrt(dx * dx + dy * dy)
		scratchCum[i] = total
	end
	local cum = scratchCum
	if total < 0.01 then return false end
	origin = origin or 0
	if not span or span < 0.01 then span = total end
	local function at(dist)
		return (origin + dist) / span
	end
	for i = 1, n - 1 do
		local px, py = unitPerp(pts[i][1], pts[i][2], pts[i + 1][1], pts[i + 1][2])
		perpOk[i] = px ~= nil
		if px then
			perpX[i] = px
			perpY[i] = py
		end
	end
	for i = 1, n do
		local nx, ny
		if i == 1 then
			if not perpOk[1] then return false end
			nx, ny = perpX[1], perpY[1]
		elseif i == n then
			if not perpOk[n - 1] then return false end
			nx, ny = perpX[n - 1], perpY[n - 1]
		else
			local aok = perpOk[i - 1]
			local bok = perpOk[i]
			if aok and bok then
				nx, ny = perpX[i - 1] + perpX[i], perpY[i - 1] + perpY[i]
				local len = math.sqrt(nx * nx + ny * ny)
				if len < 0.01 then
					nx, ny = perpX[i - 1], perpY[i - 1]
				else
					nx, ny = nx / len, ny / len
					local d = nx * perpX[i - 1] + ny * perpY[i - 1]
					if d > 0.3 then
						nx, ny = nx / d, ny / d
					end
				end
			elseif aok then
				nx, ny = perpX[i - 1], perpY[i - 1]
			elseif bok then
				nx, ny = perpX[i], perpY[i]
			else
				return false
			end
		end
		if g == '2' and i > 1 then
			local mid = span * 0.5
			local d0 = origin + cum[i - 1]
			local d1 = origin + cum[i]
			if d0 < mid and mid < d1 then
				local u = (mid - d0) / (d1 - d0)
				local qx, qy = unitPerp(pts[i - 1][1], pts[i - 1][2], pts[i][1], pts[i][2])
				if qx then
					pushEnd(
						pts[i - 1][1] + (pts[i][1] - pts[i - 1][1]) * u,
						pts[i - 1][2] + (pts[i][2] - pts[i - 1][2]) * u + yShift,
						qx * w, qy * w, c, strokeAlpha(g, a0, 0.5))
				end
			end
		end
		if g == '1' and i > 1 then
			local t0 = at(cum[i - 1])
			local t1 = at(cum[i])
			local steps = math.ceil((t1 - t0) * 32)
			local px, py = unitPerp(pts[i - 1][1], pts[i - 1][2], pts[i][1], pts[i][2])
			if px and steps > 1 then
				for s = 1, steps - 1 do
					local u = s / steps
					pushEnd(
						pts[i - 1][1] + (pts[i][1] - pts[i - 1][1]) * u,
						pts[i - 1][2] + (pts[i][2] - pts[i - 1][2]) * u + yShift,
						px * w, py * w, c, strokeAlpha(g, a0, t0 + (t1 - t0) * u))
				end
			end
		end
		pushEnd(pts[i][1], pts[i][2] + yShift, nx * w, ny * w, c, strokeAlpha(g, a0, at(cum[i])))
	end
	return stripN >= 3
end

local function drawPolyline(pts, yShift, origin, span)
	if writeStrip(pts, #pts, yShift, origin, span) then
		drawVerts(stripX, stripY, stripC, stripA, stripN)
	end
end

local function pushV(x, y, c, a)
	outN = outN + 1
	outX[outN] = x
	outY[outN] = y
	outC[outN] = c
	outA[outN] = a
end

local function pushQuad(x0, y0, x1, y1, nx, ny, w, c, a0, a1)
	local ox = nx * w
	local oy = ny * w
	local lx0 = x0 + ox
	local ly0 = y0 + oy
	local rx0 = x0 - ox
	local ry0 = y0 - oy
	local lx1 = x1 + ox
	local ly1 = y1 + oy
	local rx1 = x1 - ox
	local ry1 = y1 - oy
	pushV(lx0, ly0, c, a0)
	pushV(rx0, ry0, c, a0)
	pushV(lx1, ly1, c, a1)
	pushV(rx0, ry0, c, a0)
	pushV(lx1, ly1, c, a1)
	pushV(rx1, ry1, c, a1)
end

local function drawOut(mode, blend)
	if outN < 3 then return end
	if not lineMesh then lineMesh = ofMesh() end
	lineMesh:clear()
	lineMesh:setMode(mode)
	for i = 1, outN do
		lineMesh:addVertex(ofVec3f(outX[i], outY[i], 0):vec3())
		lineMesh:addColor(ofFloatColor(outC[i], outC[i], outC[i], outA[i]))
	end
	if blend then
		ofEnableAlphaBlending()
	else
		ofDisableAlphaBlending()
	end
	ofSetColor(255, 255, 255, 255)
	lineMesh:draw()
end

local function emitDash(x0, y0, x1, y1, nx, ny, w, col, baseA, g, d0, d1, total)
	if g == "1" then
		local steps = math.ceil((d1 - d0) / total * 32)
		if steps < 1 then steps = 1 end
		if steps > 32 then steps = 32 end
		local px, py = x0, y0
		local pa = strokeAlpha(g, baseA, d0 / total)
		for s = 1, steps do
			local u = s / steps
			local x = x0 + (x1 - x0) * u
			local y = y0 + (y1 - y0) * u
			local d = d0 + (d1 - d0) * u
			local a = strokeAlpha(g, baseA, d / total)
			pushQuad(px, py, x, y, nx, ny, w, col, pa, a)
			px, py, pa = x, y, a
		end
		return
	end
	local a0 = strokeAlpha(g, baseA, d0 / total)
	local a1 = strokeAlpha(g, baseA, d1 / total)
	if g == "2" then
		local mid = total * 0.5
		if d0 < mid and mid < d1 then
			local u = (mid - d0) / (d1 - d0)
			local mx = x0 + (x1 - x0) * u
			local my = y0 + (y1 - y0) * u
			local am = strokeAlpha(g, baseA, 0.5)
			pushQuad(x0, y0, mx, my, nx, ny, w, col, a0, am)
			pushQuad(mx, my, x1, y1, nx, ny, w, col, am, a1)
			return
		end
	end
	pushQuad(x0, y0, x1, y1, nx, ny, w, col, a0, a1)
end

local function drawDashed(pts, cum, total, yShift, onLen, offLen, startSeg, blend)
	local n = #pts
	local period = onLen + offLen
	local w = (brushParameters["lineSize"] or 1) / 2
	local minHalf = 0.5 * math.sqrt(2) + 0.1
	if w < minHalf then w = minHalf end
	local col = brushParameters["color"] == "black" and 0 or 1
	local baseA = (brushParameters["opacity"] or 0) / 100
	local g = brushParameters["gradient"]
	outN = 0
	local dashes = 0
	local i0 = startSeg or 1
	if i0 < 1 then i0 = 1 end
	for i = i0, n - 1 do
		local segLen = cum[i + 1] - cum[i]
		if segLen >= 0.01 then
			local dx = pts[i + 1][1] - pts[i][1]
			local dy = pts[i + 1][2] - pts[i][2]
			local inv = 1 / segLen
			local nx = -dy * inv
			local ny = dx * inv
			local seg0 = cum[i]
			local seg1 = cum[i + 1]
			local dashAt = math.floor(seg0 / period) * period
			if dashAt + onLen <= seg0 + 1e-4 then
				dashAt = dashAt + period
			end
			while dashAt < seg1 - 0.01 do
				local a = dashAt
				if a < seg0 then a = seg0 end
				local b = dashAt + onLen
				if b > seg1 then b = seg1 end
				if b - a > 0.5 then
					local ua = (a - seg0) * inv
					local ub = (b - seg0) * inv
					emitDash(
						pts[i][1] + dx * ua,
						pts[i][2] + dy * ua + yShift,
						pts[i][1] + dx * ub,
						pts[i][2] + dy * ub + yShift,
						nx, ny, w, col, baseA, g, a, b, total)
					dashes = dashes + 1
				end
				dashAt = dashAt + period
			end
		end
	end
	drawOut(OF_PRIMITIVE_TRIANGLES, blend)
	return dashes
end

local function drawPath(pts, yShift, startSeg, blend)
	local cum, total = pathCum(pts)
	if total < 0.01 then return 0 end
	local onLen, offLen = dashLengths()
	if not onLen then
		drawPolyline(pts, yShift, 0, total)
		return 1
	end
	if onLen <= 0 then return 0 end
	if blend == nil then blend = true end
	local dashes = drawDashed(pts, cum, total, yShift, onLen, offLen, startSeg, blend)
	if SPIKE then
		SPIKE.dashFrame = (SPIKE.dashFrame or 0) + dashes
	end
	return dashes
end

function strokePointCount()
	return #stroke
end

local function brushKey()
	return tostring(brushParameters["lineSize"]) .. "|"
		.. tostring(brushParameters["color"]) .. "|"
		.. tostring(brushParameters["opacity"]) .. "|"
		.. tostring(brushParameters["dash"]) .. "|"
		.. tostring(brushParameters["gap"])
end

local function ensureStrokeFbo()
	if strokeFbo and strokeFboW == W and strokeFboH == H then return end
	strokeFbo = ofFbo()
	strokeFbo:allocate(W, H, GL_RGBA)
	strokeFboW = W
	strokeFboH = H
	strokeDrawn = 0
	strokeKey = nil
end

local function blitStroke(y)
	ofEnableAlphaBlending()
	ofSetColor(255, 255, 255, 255)
	strokeFbo:draw(0, y)
end

local function drawHarmonicCopies(drawShift)
	local count = math.floor(brushParameters["harmonics"] or 0)
	if count < 1 then return end
	local last = stroke[#stroke]
	local index = getIntersected(last[1], last[2])
	if not index then return end
	local sel = selects[index]
	local dy = harmonicDy(sel)
	if math.abs(dy) < 0.5 then return end
	for i = 1, count do
		local shift = dy * i
		local fit = true
		for p = 1, #stroke do
			if aboveSelectionTop(sel, stroke[p][2] + shift) then
				fit = false
				break
			end
		end
		if not fit then break end
		drawShift(shift)
	end
end

local function strokeCacheActive()
	local g = brushParameters["gradient"]
	return g ~= "1" and g ~= "2" and dashLengths() and #stroke >= 2
end

function updateLineStrokeCache()
	if not strokeCacheActive() then return end
	ensureStrokeFbo()
	local key = brushKey()
	if strokeKey ~= key then
		strokeKey = key
		strokeDrawn = 0
	end
	if strokeDrawn >= #stroke then return end
	local startSeg = strokeDrawn
	if startSeg < 1 then startSeg = 1 end
	strokeFbo:beginFbo()
	if strokeDrawn < 1 then
		ofClear(0, 0, 0, 0)
	end
	drawPath(stroke, 0, startSeg, false)
	strokeFbo:endFbo()
	strokeDrawn = #stroke
end

function drawLineStroke()
	if #stroke < 2 then return end
	if not strokeCacheActive() then
		drawPath(stroke, 0)
		drawHarmonicCopies(function(shift)
			drawPath(stroke, shift)
		end)
		return
	end
	blitStroke(0)
	drawHarmonicCopies(blitStroke)
end

function drawStraightLine(x1, y1, x2, y2)
	drawPath({ { x1, y1 }, { x2, y2 } }, 0)
end

function drawType2Line(x1, y1, x2, y2)
	drawStraightLine(x1, y1, x2, y2)
	local count = math.floor(brushParameters['harmonics'] or 0)
	if count < 1 then return end
	local index = getIntersected(x2, y2)
	if not index then return end
	local sel = selects[index]
	local dy = harmonicDy(sel)
	if math.abs(dy) < 0.5 then return end
	for i = 1, count do
		local ay = y1 + dy * i
		local by = y2 + dy * i
		if aboveSelectionTop(sel, ay) or aboveSelectionTop(sel, by) then
			break
		end
		drawStraightLine(x1, ay, x2, by)
	end
end

function drawHarmonicMarks()
	if brushParameters['type'] ~= 'line' then return end
	if buttonsPressed[0] or buttonsPressed[1] or buttonsPressed[2] then return end
	local count = math.floor(brushParameters['harmonics'] or 0)
	if count < 1 then return end
	local x = unscaledX(ofGetMouseX())
	local y = unscaledY(ofGetMouseY())
	local index = getIntersected(x, y)
	if not index then return end
	local sel = selects[index]
	local dy = harmonicDy(sel)
	if math.abs(dy) < 0.5 then return end
	local arm = 4 * (generalSettings['font'] or 1)
	ofEnableAlphaBlending()
	ofSetColor(140, 140, 140, 110)
	ofSetLineWidth(1)
	for i = 1, count do
		local yy = y + dy * i
		if aboveSelectionTop(sel, yy) then break end
		local sx = scaledX(x)
		local sy = scaledY(yy)
		ofDrawLine(sx - arm, sy, sx + arm, sy)
		ofDrawLine(sx, sy - arm, sx, sy + arm)
	end
end
function drawSelections()
    
	local lineHeight = 18 * generalSettings["font"];
    
	for i = 1, SEL_CNT do
		if selects[i] then
			ofNoFill()

			
			-- print(selects[i]["sx"], selects[i]["sy"], selects[i]["w"], selects[i]["h"])
			local x = scaledX(selects[i]["sx"])
			local y = scaledY(selects[i]["sy"])
			local w = scaledX(selects[i]["w"])
			local h = scaledY(selects[i]["h"])
			local frames = selects[i]["frames"]

			local baseX = x + (w < 0 and w or 0)
			local baseYTop = y + (h < 0 and h or 0)
			local baseY = y + (h > 0 and h or 0)

			ofSetColor(255, 0, 0, 255)
			title:drawString(tostring(i), baseX - 14 * generalSettings["font"], baseYTop + 12 * generalSettings["font"])

			if activeSelectIndex == i then
				ofSetColor(255, 0, 255, 255)
			end

			ofSetLineWidth(generalSettings['font'])

			ofDrawRectangle(x, y, w, h)
			ofFill()
			ofDrawRectangle(x - 3 * generalSettings['font'], y + h -3 * generalSettings['font'], 6 * generalSettings['font'],6 * generalSettings['font'])
			ofNoFill()

			


			local cursorX = x + cursors[i] / frames * w
			ofDrawLine(cursorX, y, cursorX, y + h)

		
			-- speed

			if selects[i]['current'] == 'speed' and activeSelectIndex == i then
				ofSetColor(255, 0, 255, 255)
			elseif previewParameter and previewParameter.type == 'select' and previewParameter.target == i and previewParameter.param == 'speed' then
				ofSetColor(0, 255, 0, 255) -- Ğ–ĞµĞ»Ñ‚Ñ‹Ğ¹ Ñ†Ğ²ĞµÑ‚ Ğ´Ğ»Ñ Ğ¿Ñ€ĞµĞ´Ğ²Ğ°Ñ€Ğ¸Ñ‚ĞµĞ»ÑŒĞ½Ğ¾Ğ³Ğ¾ Ğ¿Ñ€Ğ¾ÑĞ¼Ğ¾Ñ‚Ñ€Ğ°
			else
				ofSetColor(255, 0, 0, 255)
			end

			local speed = tostring(math.floor(selects[i]["speed"] or 0))
			local speedX = baseX -- - 12 * 3
			local speedY = baseY + lineHeight * 1
			title:drawString(speed, speedX, speedY)
			
			if activeSelectIndex == i then
				smalltext:drawString('speed', speedX, speedY + 12 * generalSettings["font"])
			end

			--vol
			
			local vol = string.format("%.2f", selects[i]["volume"])
			local volX = baseX + 50 * generalSettings["font"] -- - 12 * 3
			local volY = baseY + lineHeight * 1

			


			-- white
			-- ofSetColor(255, 255, 255, 255)

			-- title:drawString(vol, volX, volY+1)
			-- if activeSelectIndex == i then
			-- 	smalltext:drawString('volume', volX, volY + 1)
			-- end

			-- color
			if selects[i]['current'] == 'volume' and activeSelectIndex == i then
				ofSetColor(255, 0, 255, 255)
			elseif previewParameter and previewParameter.type == 'select' and previewParameter.target == i and previewParameter.param == 'volume' then
				ofSetColor(0, 255, 0, 255) -- Ğ–ĞµĞ»Ñ‚Ñ‹Ğ¹ Ñ†Ğ²ĞµÑ‚ Ğ´Ğ»Ñ Ğ¿Ñ€ĞµĞ´Ğ²Ğ°Ñ€Ğ¸Ñ‚ĞµĞ»ÑŒĞ½Ğ¾Ğ³Ğ¾ Ğ¿Ñ€Ğ¾ÑĞ¼Ğ¾Ñ‚Ñ€Ğ°
			else
				ofSetColor(255, 0, 0, 255)
			end

			title:drawString(vol, volX, volY)
			if activeSelectIndex == i then
				smalltext:drawString('volume', volX, volY + 12 * generalSettings["font"] )
			end



			--frmes
			
			local frames = string.format("%.0f", selects[i]["frames"])
			local framesX = baseX + 100 * generalSettings["font"] -- - 12 * 3
			local framesY = baseY + lineHeight * 1
			
			if selects[i]['current'] == 'frames' and activeSelectIndex == i then
				ofSetColor(255, 0, 255, 255)
			elseif previewParameter and previewParameter.type == 'select' and previewParameter.target == i and previewParameter.param == 'frames' then
				ofSetColor(0, 255, 0, 255) -- Ğ–ĞµĞ»Ñ‚Ñ‹Ğ¹ Ñ†Ğ²ĞµÑ‚ Ğ´Ğ»Ñ Ğ¿Ñ€ĞµĞ´Ğ²Ğ°Ñ€Ğ¸Ñ‚ĞµĞ»ÑŒĞ½Ğ¾Ğ³Ğ¾ Ğ¿Ñ€Ğ¾ÑĞ¼Ğ¾Ñ‚Ñ€Ğ°
			else
				ofSetColor(255, 0, 0, 255)
			end

			title:drawString(frames, framesX, framesY)
			if activeSelectIndex == i then
				smalltext:drawString('frames', framesX, framesY + 12 * generalSettings["font"] )
			end



			--osc
			
			local osc = string.format("%.0f", selects[i]["osc"])
			local oscX = baseX + 150 * generalSettings["font"] -- - 12 * 3
			local oscY = baseY + lineHeight * 1
			
			if selects[i]['current'] == 'osc' and activeSelectIndex == i then
				ofSetColor(255, 0, 255, 255)
			elseif previewParameter and previewParameter.type == 'select' and previewParameter.target == i and previewParameter.param == 'osc' then
				ofSetColor(0, 255, 0, 255) -- Ğ–ĞµĞ»Ñ‚Ñ‹Ğ¹ Ñ†Ğ²ĞµÑ‚ Ğ´Ğ»Ñ Ğ¿Ñ€ĞµĞ´Ğ²Ğ°Ñ€Ğ¸Ñ‚ĞµĞ»ÑŒĞ½Ğ¾Ğ³Ğ¾ Ğ¿Ñ€Ğ¾ÑĞ¼Ğ¾Ñ‚Ñ€Ğ°
			else
				ofSetColor(255, 0, 0, 255)
			end

			title:drawString(osc, oscX, oscY)
			if activeSelectIndex == i then
				smalltext:drawString('osc', oscX, oscY + 12 * generalSettings["font"] )
			end

			


		end
	end
end
       pDSIG—= È  ¬GDEFQDQ¼ ,   šGSUBÈ÷­[ È  ŞJSTFm*i ¨   LTSHsE­?  E¤  ,OS/2ß2k  ø   VPCLTı{>C ô   6VDMXP’jõ  JĞ  ”cmapg´M  p  cvt –pÒv  m  0fpgmw'©õ  gd  °gasp  	  P   glyfèê¯Y  Ï„hdmx.oQ  ‡ä  |(headÊ9ö  |   6hheamª  ´   $hmtxÊ¢s@  sD   kern7a96 ”  `locaí®8  1   ¤maxp	Î“  Ø    nameÁg<  `  post;±U¯ Ó  2prepë­qâ  \d  
ı    Ñì{†ä™_<õ     ¢ã'*    µ=²Èú¯ıg:L   	         >şN C ú¯ş3:               (   (  ? c    / B  
ı   ˆ   š3  š3  Ñ f  z‡€          Mono @  ÿüÓşQ3>²@ ÿÿÿ           ÿÿ    FN        ş         
>       Ş       ^À       
>       î              Ä,       &|      	 Š¤      
Â ş       b.       f      ´ğ       \ö        R       ñ       A       /2       ñ       I       a       bh             	 E$      
aÑ       1i       3š      ZÊ       .Í    û            '    7  	   ş    	  
>  	  Ş  	  ^À  	  
>  	  î  	    	  Ä,  	  &|  	 	 Š¤  	 
Â ş  	  b.  	  f  	 ´ğ  	  \ö  
  û    G    û    W    g    u    û    û    û    ‡    W    û    û  $  •  *  £  -  ±  
  û    û  
  û    û T y p e f a c e   ©   T h e   M o n o t y p e   C o r p o r a t i o n   p l c .   D a t a   ©   T h e   M o n o t y p e   C o r p o r a t i o n   p l c / T y p e   S o l u t i o n s   I n c .   1 9 9 0 - 1 9 9 2 .   A l l   R i g h t s   R e s e r v e d C o n t e m p o r a r y   s a n s   s e r i f   d e s i g n ,   A r i a l   c o n t a i n s   m o r e   h u m a n i s t   c h a r a c t e r i s t i c s   t h a n   m a n y   o f   i t s   p r e d e c e s s o r s   a n d   a s   s u c h   i s   m o r e   i n   t u n e   w i t h   t h e   m o o d   o f   t h e   l a s t   d e c a d e s   o f   t h e   t w e n t i e t h   c e n t u r y .     T h e   o v e r a l l   t r e a t m e n t   o f   c u r v e s   i s   s o f t e r   a n d   f u l l e r   t h a n   i n   m o s t   i n d u s t r i a l   s t y l e   s a n s   s e r i f   f a c e s .     T e r m i n a l   s t r o k e s   a r e   c u t   o n   t h e   d i a g o n a l   w h i c h   h e l p s   t o   g i v e   t h e   f a c e   a   l e s s   m e c h a n i c a l   a p p e a r a n c e .     A r i a l   i s   a n   e x t r e m e l y   v e r s a t i l e   f a m i l y   o f   t y p e f a c e s   w h i c h   c a n   b e   u s e d   w i t h   e q u a l   s u c c e s s   f o r   t e x t   s e t t i n g   i n   r e p o r t s ,   p r e s e n t a t i o n s ,   m a g a z i n e s   e t c ,   a n d   f o r   d i s p l a y   u s e   i n   n e w s p a p e r s ,   a d v e r t i s i n g   a n d   p r o m o t i o n s . M o n o t y p e : A r i a l   R e g u l a r : V e r s i o n   2 . 8 2   ( M i c r o s o f t ) A r i a l M T A r i a l ®   T r a d e m a r k   o f   T h e   M o n o t y p e   C o r p o r a t i o n   p l c   r e g i s t e r e d   i n   t h e   U S   P a t   &   T M   O f f .   a n d   e l s e w h e r e . N O T I F I C A T I O N   O F   L I C E N S E   A G R E E M E N T  
  
 T h i s   t y p e f a c e   i s   t h e   p r o p e r t y   o f   M o n o t y p e   T y p o g r a p h y   a n d   i t s   u s e   b y   y o u   i s   c o v e r e d   u n d e r   t h e   t e r m s   o f   a   l i c e n s e   a g r e e m e n t .   Y o u   h a v e   o b t a i n e d   t h i s   t y p e f a c e   s o f t w a r e   e i t h e r   d i r e c t l y   f r o m   M o n o t y p e   o r   t o g e t h e r   w i t h   s o f t w a r e   d i s t r i b u t e d   b y   o n e   o f   M o n o t y p e ' s   l i c e n s e e s .  
  
 T h i s   s o f t w a r e   i s   a   v a l u a b l e   a s s e t   o f   M o n o t y p e .   U n l e s s   y o u   h a v e   e n t e r e d   i n t o   a   s p e c i f i c   l i c e n s e   a g r e e m e n t   g r a n t i n g   y o u   a d d i t i o n a l   r i g h t s ,   y o u r   u s e   o f   t h i s   s o f t w a r e   i s   l i m i t e d   t o   y o u r   w o r k s t a t i o n   f o r   y o u r   o w n   p u b l i s h i n g   u s e .   Y o u   m a y   n o t   c o p y   o r   d i s t r i b u t e   t h i s   s o f t w a r e .  
  
 I f   y o u   h a v e   a n y   q u e s t i o n   c o n c e r n i n g   y o u r   r i g h t s   y o u   s h o u l d   r e v i e w   t h e   l i c e n s e   a g r e e m e n t   y o u   r e c e i v e d   w i t h   t h e   s o f t w a r e   o r   c o n t a c t   M o n o t y p e   f o r   a   c o p y   o f   t h e   l i c e n s e   a g r e e m e n t .  
  
 M o n o t y p e   c a n   b e   c o n t a c t e d   a t :  
  
 U S A   -   ( 8 4 7 )   7 1 8 - 0 4 0 0 	 	 U K   -   0 1 1 4 4   0 1 7 3 7   7 6 5 9 5 9  
 h t t p : / / w w w . m o n o t y p e . c o m M o n o t y p e   T y p e   D r a w i n g   O f f i c e   -   R o b i n   N i c h o l a s ,   P a t r i c i a   S a u n d e r s   1 9 8 2 h t t p : / / w w w . m o n o t y p e . c o m / h t m l / m t n a m e / m s _ a r i a l . h t m l h t t p : / / w w w . m o n o t y p e . c o m / h t m l / m t n a m e / m s _ w e l c o m e . h t m l h t t p : / / w w w . m o n o t y p e . c o m / h t m l / t y p e / l i c e n s e . h t m lTypeface © The Monotype Corporation plc. Data © The Monotype Corporation plc/Type Solutions Inc. 1990-1992. All Rights ReservedContemporary sans serif design, Arial contains more humanist characteristics than many of its predecessors and as such is more in tune with the mood of the last decades of the twentieth century.  The overall treatment of curves is softer and fuller than in most industrial style sans serif faces.  Terminal strokes are cut on the diagonal which helps to give the face a less mechanical appearance.  Arial is an extremely versatile family of typefaces which can be used with equal success for text setting in reports, presentations, magazines etc, and for display use in newspapers, advertising and promotions.Monotype:Arial Regular:Version 2.82 (Microsoft)ArialMTArial¨ Trademark of The Monotype Corporation plc registered in the US Pat & TM Off. and elsewhere.NOTIFICATION OF LICENSE AGREEMENT

This typeface is the property of Monotype Typography and its use by you is covered under the terms of a license agreement. You have obtained this typeface software either directly from Monotype or together with software distributed by one of Monotype's licensees.

This software is a valuable asset of Monotype. Unless you have entered into a specific license agreement granting you additional rights, your use of this software is limited to your workstation for your own publishing use. You may not copy or distribute this software.

If you have any question concerning your rights you should review the license agreement you received with the software or contact Monotype for a copy of the license agreement.

Monotype can be contacted at:

USA - (847) 718-0400		UK - 01144 01737 765959
http://www.monotype.comMonotype Type Drawing Office - Robin Nicholas, Patricia Saunders 1982http://www.monotype.com/html/mtname/ms_arial.htmlhttp://www.monotype.com/html/mtname/ms_welcome.htmlhttp://www.monotype.com/html/type/license.html N o r m a l n y o b y e j n é n o r m a l S t a n d a r dš±½¿½¹º¬ N o r m a a l i N o r m á l n e N o r m a l e S t a n d a a r d1KG=K9 N a v a d n o t h°¡  n g A r r u n t a                 	R    
X 	6  8   8 ~’¡°ÜÿYÇÉİ	#~ŠŒ¡ÎO\_“—£³»Ùé¹Ãêô:Rkmq~†˜¤©¯ÌÕù…ù    " & . 0 3 : < > D o  ¤ § ¬!!!!"!&!.!T!^!•!¨"""""""")"+"H"a"e###!% %%%%%%%$%,%4%<%l%€%„%ˆ%Œ%“%¡%¬%²%º%¼%Ä%Ë%Ï%Ù%æ&<&@&B&`&c&f&kèèè:ğğ1ûû û6û<û>ûAûDûOûYû}û‹û•ûÿübı?ıòşüÿüÿÿ      ’ ¯ÍúYÆÉØ 	#~„Œ£Q^–š¢®¸Øè°»Ğğ!@`mq~†˜¤©¯ÌÕğ€       & * 0 2 9 < > D j  £ § ª!!!!"!&!.!S![!!¨"""""""")"+"H"`"d### % %%%%%%%$%,%4%<%P%€%„%ˆ%Œ%% %ª%²%º%¼%Ä%Ê%Ï%Ø%æ&:&@&B&`&c&e&jèèè:ğğûû û*û8û>û@ûCûFûVûzûŠûûüü^ı>ıòş€ÿüÿÿÿã  •ÿÊ½/ÿÜÌ  ş  ’wkrü   şi    ş+ş*ş)ş(   | z v l h L >üİüÜüĞüËüàüÒüÏ    ü™ü˜ü¬ü¡ü¡ü“üü„ü‚üiü3  ã]  âÜ      à…  à•á[à„àùá¨àw  à·  à  àŠà}áußjßyàºã,àß¨ß–Ş–Ş¢Ş‹  Ş¦    ßŞqŞ_  Ş0Ş@Ş3Ş$ÜFÜEÜ<Ü9Ü6Ü3Ü0Ü)Ü"ÜÜÜÛîÛëÛèÛåÛâ    ÛÆÛ¿Û¾Û·  ÛÅÛ¥Û¯ÛEÛBÛAÛ$Û"Û!ÛÀúá¾  ¾¦œ›š™˜É­¡Ÿ  é> c   6              æ  æ          æ  ğ        d                            N€                          NR`  b            ^  f  f                          P  PR      N                                          &(        $                            
                        L              £ „ …^ – æ †  ‹  © ¤  Š  ƒ “ ğ ñ  — ˆ Â Ü ï  ª ó ò ô ¢ ¬ È Æ ­ b c  d Ê e Ç É Î Ë Ì Í ç f Ñ Ï Ğ ® g î ‘ Ô Ò Ó h é ë ‰ j i k m l n   o q p r s u t v w è x z y { } | · ¡  ~ €  ê ì ¹–— û ü˜™š› ı ş ÿœŸ ¡	
¢£ ö ÷¤¥¦§¨©ª«¬­®¯°±²³ ø ÕŠ‹´µ¶·¸¹º à á»¼Œ½¾¿ÀÁÂ ¯ °ÃÄÅÆ ù ú â ã !"ÇÈÉÊËÌÍÎ#$%&ÏĞÑÒÓÔ º'()* ä åÕ Ö ß Ù Ú Û Ş × İïğñÜòóôö÷øùú+ûüış,ÿ 	
-./0 Œ!"12#3$%&'()*+ˆ‰ïƒ…‡‰“•™¡¥©«­¯±µ¹½ÁÅÉÍğÑÕÙİáåéíïññòóôõö÷øùúûü
 ¤¥¦§¨©ª«¬­®¯°±²³´µ¶·¸¹º»¼½¾¿ÀÁÂÃÄÅÆÇÈÉÊËÌÍÎÏĞÑÒÓÔÕÖ×ØÙÚÛÜİŞßàáâãäåæçèéêëìíîïğñòóôõãäö÷øùúû ± ²Š4 µ ¶ Ãå ³ ´ Ä ‚ Á ‡NORPQUVWXST õçÀ~ ¼ ™ í Â ¥ ’? Av‘’“w ¸|íîqrsYZ[\]„uw…v†y‡ˆ‰Š‹Œx”‘–š›œ—˜™}Ÿ ¡¢£56óô                               	
 !"#$%&'()*+,-./0123456789:;<=>?@ABCDEFGHIJKLMNOPQRSTUVWXYZ[\]^_`a bcdefghijklmnopqrstuvwxyz{|}~€‚ƒ„…†‡ˆ‰Š‹Œ‘’“”•–—˜™š›œŸ ¡¢£¤¥¦§¨©ª«¬­®¯°±²³´µ¶·¸¹º»¼½¾¿ÀÁÂÃÄÅÆÇÈÉÊËÌÍÎÏĞ ÑÒÓÔÕÖ×ØÙÚÛÜİŞß 	6  8   8 ~’¡°ÜÿYÇÉİ	#~ŠŒ¡ÎO\_“—£³»Ùé¹Ãêô:Rkmq~†˜¤©¯ÌÕù…ù    " & . 0 3 : < > D o  ¤ § ¬!!!!"!&!.!T!^!•!¨"""""""")"+"H"a"e###!% %%%%%%%$%,%4%<%l%€%„%ˆ%Œ%“%¡%¬%²%º%¼%Ä%Ë%Ï%Ù%æ&<&@&B&`&c&f&kèèè:ğğ1ûû û6û<û>ûAûDûOûYû}û‹û•ûÿübı?ıòşüÿüÿÿ      ’ ¯ÍúYÆÉØ 	#~„Œ£Q^–š¢®¸Øè°»Ğğ!@`mq~†˜¤©¯ÌÕğ€       & * 0 2 9 < > D j  £ § ª!!!!"!&!.!S![!!¨"""""""")"+"H"`"d### % %%%%%%%$%,%4%<%P%€%„%ˆ%Œ%% %ª%²%º%¼%Ä%Ê%Ï%Ø%æ&:&@&B&`&c&e&jèèè:ğğûû û*û8û>û@ûCûFûVûzûŠûûüü^ı>ıòş€ÿüÿÿÿã  •ÿÊ½/ÿÜÌ  ş  ’wkrü   şi    ş+ş*ş)ş(   | z v l h L >üİüÜüĞüËüàüÒüÏ    ü™ü˜ü¬ü¡ü¡ü“üü„ü‚üiü3  ã]  âÜ      à…  à•á[à„àùá¨àw  à·  à  àŠà}áußjßyàºã,àß¨ß–Ş–Ş¢Ş‹  Ş¦    ßŞqŞ_  Ş0Ş@Ş3Ş$ÜFÜEÜ<Ü9Ü6Ü3Ü0Ü)Ü"ÜÜÜÛîÛëÛèÛåÛâ    ÛÆÛ¿Û¾Û·  ÛÅÛ¥Û¯ÛEÛBÛAÛ$Û"Û!ÛÀúá¾  ¾¦œ›š™˜É­¡Ÿ  é> c   6              æ  æ          æ  ğ        d                            N€                          NR`  b            ^  f  f                          P  PR      N                                          &(        $                            
                        L              £ „ …^ – æ †  ‹  © ¤  Š  ƒ “ ğ ñ  — ˆ Â Ü ï  ª ó ò ô ¢ ¬ È Æ ­ b c  d Ê e Ç É Î Ë Ì Í ç f Ñ Ï Ğ ® g î ‘ Ô Ò Ó h é ë ‰ j i k m l n   o q p r s u t v w è x z y { } | · ¡  ~ €  ê ì ¹–— û ü˜™š› ı ş ÿœŸ ¡	
¢£ ö ÷¤¥¦§¨©ª«¬­®¯°±²³ ø ÕŠ‹´µ¶·¸¹º à á»¼Œ½¾¿ÀÁÂ ¯ °ÃÄÅÆ ù ú â ã !"ÇÈÉÊËÌÍÎ#$%&ÏĞÑÒÓÔ º'()* ä åÕ Ö ß Ù Ú Û Ş × İïğñÜòóôö÷øùú+ûüış,ÿ 	
-./0 Œ!"12#3$%&'()*+ˆ‰ïƒ…‡‰“•™¡¥©«­¯±µ¹½ÁÅÉÍğÑÕÙİáåéíïññòóôõö÷øùúûü
 ¤¥¦§¨©ª«¬­®¯°±²³´µ¶·¸¹º»¼½¾¿ÀÁÂÃÄÅÆÇÈÉÊËÌÍÎÏĞÑÒÓÔÕÖ×ØÙÚÛÜİŞßàáâãäåæçèéêëìíîïğñòóôõãäö÷øùúû ± ²Š4 µ ¶ Ãå ³ ´ Ä ‚ Á ‡NORPQUVWXST õçÀ~ ¼ ™ í Â ¥ ’? Av‘’“w ¸|íîqrsYZ[\]„uw…v†y‡ˆ‰Š‹Œx”‘–š›œ—˜™}Ÿ ¡¢£56óô         l   l   l   l   ò  š  <  Â  j  	T  	š  
  
˜  x  à  X    Ú  J  f    P  ¤  Ò     Z    x  ¼    Ö  X  È  N  @  @      ¦  !Ä  "¬  #6  #ª  %   %–  &B  &Î  (Œ  (Ü  *˜  +®  ,˜  -B  .à  0œ  2.  2¢  3^  4ˆ  6x  9&  :–  ;°  <  <v  <Î  =V  =Š  >  ?È  @ü  B"  CV  D   Eš  G
  Gş  H¢  I~  K€  L$  MR  Nf  O~  P®  QÌ  RŒ  Tö  UÂ  VÎ  X`  [^  ]  _  `Æ  aÄ  b  c  c²  cî  d"  d^  d   dò  e(  ed  eš  eĞ  f   fZ  f  fÖ  g  gT  g”  gÖ  h  hP  h  h¾  hî  i,  ib  i¢  iÜ  j  jX  j”  jÄ  jø  k0  kÀ  lF  n8  oÌ  q|  qÈ  r\  tD  v˜  xˆ  yt  yö  z`  {~  |j  ~V  ¸  €F  €ğ  ´  ‚î  ƒÚ  „È  …  …ò  †`  ‡Š  ˆ®  ‰>  ŠÀ  Œˆ  b  X  Ö  ‘&  ‘Ü  ’ü  ”š  •4  •ø  –¸  —   —\  —¢  —Ş  ™N  šä  ›  ›N  œx  ¤  R  ö  Ÿ˜   j   ®   ä  ¡<  ¢  £   £Z  ¤f  ¥f  ¦F  ¦x  §  ¨8  ª®  ªê  «.  «j  «À  ¬  ¬H  ¬„  ¬¶  ¬ø  ­6  ­f  ­¤  ­ê  ®  ®X  ®–  ¯  ¯ê  °&  °¦  °Ú  ±Z  ±â  ²N  ²Ú  ³F  ³ú  ´   ´Ô  µ  µ8  µl  µä  ¶ğ  ¸~  ¸°  ¸ê  ¹Š  º€  º¶  »ø  ¼t  ½@  ¾6  ¿¤  Á  Âü  Ã  ÃÔ  Ä  Ä8  Är  Ä¶  Äş  Å8  Åh  Å˜  Ç   Ç>  Çx  Ç¨  ÇÜ  È  È8  Èj  É¨  Ê´  Êà  Ë"  Ëf  Ë–  ËÆ  Ì  Ì¶  Íl  Í°  Íæ  Î.  Îl  Î   ÎĞ  Ï  ÏB  Ï€  Ï¼  Ïş  Ğ4  Ğp  Ğ°  Ñ„  Òœ  ÒÚ  Óğ  Ô"  ÔV  Ô  ÔÌ  Õ  ÕF  Õ|  Õ¾  Ö  ×d  ØÚ  Ùö  Ût  Ü®  İ¨  Ş<  ßd  ßÎ  ßö  à”  âà  ã   ã`  ã   ãŞ  ä<  äš  å  å(  æ  æ²  æè  ç6  ç€  çÊ  çæ  è  è"  èB  èb  è‚  è¨  èÎ  èô  é  éJ  ér  éš  éÆ  éò  ê&  êP  ê|  ê²  êÜ  ë  ë>  ëh  ë’  ëÆ  ëö  ì*  ìn  ì  ìÒ  í  íH  íz  í¼  íğ  î   îb  î¦  îì  ïH  ïd  ï€  ïœ  ï¸  ïÔ  ñB  ô  ö‚  ö  ö¸  öÔ  öğ  ÷  ÷(  ÷„  ÷¾  ø(  øò  ù’  úh  úè  ûp  ûà  üv  üÔ  ı  ıx  ıÚ  ş  şp  şœ  şø  ÿ4    ” ¾ Ú  > Š Ê ş . ^  Â ò " R ‚ ² â  B r ¢ Ğ T „ ´ ° 	Ò 
 
0 
` 
 
¾ 
ì â À ğ  D t œ Ê î  D . @ x ¨ ä  B ^  ¾ Š ’ Â ü , \ Œ ¾ â & V † ¸ è    ¤ Ô  4 d   Ò  4 d ˜ Ê ú * œ Ğ   !  #0 %` 'ª )< )  ** *: *È ,r -P .. .Ê /Ú 1 3 3â 3ò 4 4ö 5 5 5& 56 5F 6 6( 68 6¬ 6¼ 70 7@ 8* 8: 8J 8Z 9f :¢ :Ô ;
 ;@ ;p ;  ;ä < =R >( ?  @  @ş A@ BZ C2 CB CR Dˆ D˜ E¾ FÂ G„ H¤ I° K KF K~ K´ KÚ L
 L0 M ML Np N€ N NÂ NÒ Oú Pæ QÒ Qú R* RÖ Ræ S¾ SÎ T TÜ Tì W Xl Xò Y" Z@ ZŞ Zî Zş [ [€ [ [  [° \’ ]¼ ]Ì ^B ^ğ _” `V a aô b² bÖ cĞ cş d e& fR f gX gh iz jä k¦ kÖ m  mæ o o¸ oÈ pR pb pr pæ pö rr r‚ s s tp u^ v vî wÎ wò y  z zT {Š {® |² |Â |Ò } } ~ ~ì ô € €H €ğ : ˆ ¶ ƒ ƒx „ …2 …æ †À ‡
 ‡ˆ ˆN ˆv ˆÀ ‰ ‰ø ŠB Šv Š ŠÆ Šú ‹> ‹‚ ‹À Œæ ~ † Ú h  ( ˜ ‘^ ‘– ’ ’¶ “< “® ”¤ ”Ú •` •ş –Ä —p ˜B ™ ™Ö šp šè ›Ö œ– œä 2 ~ ´  Ø ŸH Ÿ€ ŸÆ Ÿö  L ¡  ¡4 ¡d ¡˜ ¡È ¡ø ¢( £¶ £î ¤. ¤f ¤ ¥( ¦ ¦2 ¦¼ ¦ê §  §\ §Œ §Î ¨Ğ ©ì « «< «Š «¸ ­ ­H ­¾ ­ü ®* ®h ¯† ¯® °ê ±z ²$ ²¦ ³b ´z µˆ µ¼ ¶B · ¸  ¸j ¹t ¹¼ ºÀ »< »” ¼ ¼ô ¾
 ¾ø ¿¢ À’ ÁH Â Âö Ã¦ Ä( Æ† Æ° ÆÚ Ç’ Ç¼ Èş Ê Êî Ë ËB Ël Ë– ËÀ Í@ Íj Í” Í¾ Íè Î Î< Îf Î ÎÄ Îî Ï ÏB Ğ¼ ĞÌ Ñî Ñş Ò( ÒR Ò| Ò¦ ÔP Ö\ ×Š ×š Ù Ù& Úl Ü8 İ> Ş¾ à^ â‚ ãÜ å¾ ç è0 èZ è„ è® èØ é é, éV é€ éª éÔ éş ê( êR ê| ê¦ êĞ í îˆ ïÌ ñ´ òü ó& óP ó€ ó° ô  ôP ô õ õV õ´ ö
 ö@ ö‚ öÈ ÷ ÷B ÷z ÷ª øâ ü( üR ü| ü¦ üĞ üú ı$ ıN ıx ı¢ ıÌ ıö ş  şJ şt ş şÈ şò ÿ ÿF ÿp ÿš ÿÄ ÿî    B  l  –  À ^ t  ~  ¨ Ê  	J 
ğ   B ’ ‚ V n ~      > N d ¶ æ ö Ä Ô J Z n ~ ² H     ! "l "ø # $2 %¾ &z &Š '" '2 'ş ( (æ (ö )ş * +Ô +ä -< -L /¶ /Æ 1À 1Ğ 3: 3J 4: 4J 5â 5ò 7 7  8` 8p 8€ 8 : : :( :8 ;Š <Ø =¦ >Š @
 AŒ BŒ C  Dä Dô Eâ F¼ HX Hh I† JŒ L„ L” L¤ L´ Mş N NÆ NÖ Oä Oô Pà Pğ R R R¼ RÌ RÜ SÊ U> Vj Wd Wt W„ W” Y2 Zò [À [Ğ ^0 `z c  eh gì jb l2 mì n n@ nP n` nŠ n´ nŞ nî nş o( oR ob or oœ oÆ oğ p  p p  p0 p@ pP pz pŠ pš pÄ pî q qB ql q– qÀ qê r r> rh r’ r¼ ræ s s: sd s s¸ sâ t t6 t` tŠ t´ tŞ u u2 u\ u† u° uÚ v v. vX v‚ v¬ vÖ w  w* wT w~ w¨ wÒ wü x& xP xz x¤ xÎ xø y" yL yv z zZ zĞ zú {$ {N {x {¢ {Ì {ö |  |J |t | |È |ò } }F }p }š }Ä }î ~ ~B ~l ~– ~À ~ô ( \ €x z ‚J ƒ. ƒt ƒº „( „„ „Ö …F † †Ú ‡² ˆn ‰ Š( ŠÜ ‹^ ‹¸ ‹ø  ` ø T ² ‘ ‘j ’ ’¶ “b ” ”º •r –* –â –ô — — —* —< —ª ˜ ˜Ğ ˜â ˜ô ™ ™ ™( ™: ™L ™^ ™p ™‚ š0 šÜ ›Š œ6 œ’ œÌ œö   ` ² . x ô ŸH ŸÌ    ”  ì ¡R ¡¨ ¢ ¢d ¢° £ £r £À ¤ ¤f ¤® ¤Ø ¥ ¥, ¥` ¥ ¥À ¦ ¦€ ¦Ö §B §– ¨
 ¨P ¨¸ ¨ş ©Z ©€ ©ª ©Ğ ª  ª& ªL ª~ ª® «  «f «¼ ¬" ¬v ¬ä ­& ­† ­È ® ®N ®Š ®Ä ¯  ¯4 ¯f ¯– ¯Æ ¯ğ ° °@ °n °˜ °ä ±( ±^ ±š ±Î ±ü ²0 ²` ²š ²Ä ²ò ³ ³> ³j ³¨ ³Ø ´ ´8 ´p ´¤ ´Ò µ µ2 µb µ’ µÆ ¶ ¶P ¶° ¶ä ·< ·p ·Ì ¸j ¹8 ºX »  »Š »ò ½¸ ¿^ Àr Áz Â´ Ãò Äd ÄÜ Åp Åş Æ´ Çh ÈR É( Éæ Êª Ë* Ë¼ Ì¶ Í  Î’ Ï„  («%>uš…à–Â&5#'eS79å]9q7$5S+7Æ¤ÕÄcşÿ)áRM_ÿücşS>+..-%&%&..''9%.7.7$..+šşš.7.7cc0-&&22222+11%&..'''SS.7.7>ÿ>ÿ>ÿ>9å]9.7$$.+.7.7.7.7…¤•Ä9%&)ÿ…¤…¤…¤•Ä%‚İ%.>u..š•M'>•&)İ))$İÆ1$$$)(*İ)$)*%>>171%$%u..š11M+%11.&1$&'(7777$75Ä1Õ1,1$*1%'7&1+9ÿß$$7Ä71³÷÷÷,ÂÂÂÊ÷,÷, ,,	#	#+,,,,,,,,,))))++++22222222##22,,,,#### +9%&%&%&%&%&%&%&%&%&%&%&%&''''''''>>9$$$$$$$77–Ä–Ä–Ä%&>9$77777    %&.     ìÀ øÿ  ÿş 	 	ÿı 
 
ÿı  ÿı  ÿı  ÿı  ÿı  ÿı  ÿı  ÿü  ÿü  ÿü  ÿü  ÿû  ÿû  ÿû  ÿú  ÿû  ÿú  ÿú  ÿú  ÿú  ÿù  ÿù   ÿù ! ÿù "  ÿù #  ÿø $ !ÿø % "ÿø & "ÿ÷ ' #ÿ÷ ( $ÿ÷ ) &ÿ÷ * &ÿ÷ + 'ÿö , (ÿö - (ÿö . *ÿö / +ÿö 0 -ÿö 1 -ÿõ 2 .ÿõ 3 /ÿõ 4 0ÿô 5 0ÿô 6 1ÿô 7 3ÿô 8 4ÿó 9 4ÿó : 5ÿó ; 5ÿó < 6ÿó = 7ÿó > 8ÿó ? 9ÿò @ :ÿò A ;ÿò B <ÿò C <ÿñ D =ÿñ E >ÿñ F ?ÿğ G @ÿğ H Aÿğ I Bÿğ J Bÿğ K Cÿğ L Dÿğ M Fÿï N Fÿï O Gÿï P Hÿï Q Iÿî R Iÿî S Jÿî T Kÿí U Mÿí V Mÿí W Nÿí X Oÿì Y Pÿì Z Pÿí [ Qÿì \ Sÿì ] Tÿì ^ Tÿì _ Uÿë ` Vÿë a Wÿë b Wÿê c Yÿê d Zÿê e [ÿê f \ÿé g \ÿé h ]ÿé i ^ÿè j `ÿé k `ÿé l aÿé m bÿè n cÿè o cÿè p dÿç q eÿç r gÿç s gÿç t hÿæ u iÿæ v jÿæ w jÿå x kÿå y mÿå z nÿå { nÿå | oÿå } pÿå ~ qÿä  qÿä € sÿä  tÿä ‚ uÿã ƒ vÿã „ vÿã … wÿâ † xÿâ ‡ yÿâ ˆ zÿâ ‰ {ÿá Š |ÿá ‹ }ÿâ Œ }ÿá  ~ÿá  ÿá  ÿá  ÿà ‘ ‚ÿà ’ ƒÿà “ „ÿß ” „ÿß • …ÿß – ‡ÿß — ˆÿà ˜ ˆÿß ™ ‰ÿß š ŠÿŞ › ‹ÿŞ œ ŒÿŞ  ŒÿŞ  ÿŞ Ÿ ÿŞ   ÿŞ ¡ ÿİ ¢ ‘ÿİ £ ’ÿİ ¤ “ÿİ ¥ ”ÿÜ ¦ •ÿÛ § –ÿÛ ¨ —ÿÛ © —ÿÛ ª ˜ÿÛ « ™ÿÛ ¬ ›ÿÛ ­ ›ÿÛ ® œÿÛ ¯ ÿÛ ° ÿÛ ± ÿÚ ² ŸÿÚ ³  ÿÚ ´ ¢ÿÙ µ £ÿØ ¶ £ÿØ · ¤ÿØ ¸ ¥ÿØ ¹ ¦ÿØ º ¦ÿØ » ¨ÿØ ¼ ©ÿ× ½ ªÿ× ¾ ªÿ× ¿ «ÿ× À ¬ÿ× Á ­ÿ× Â ®ÿ× Ã ¯ÿÖ Ä °ÿÖ Å ±ÿÕ Æ ±ÿÕ Ç ²ÿÕ È ³ÿÔ É ´ÿÔ Ê µÿÔ Ë ¶ÿÔ Ì ·ÿÔ Í ¸ÿÔ Î ¹ÿÔ Ï ¹ÿÔ Ğ ºÿÔ Ñ ¼ÿÔ Ò ½ÿÓ Ó ½ÿÒ Ô ¾ÿÒ Õ ¿ÿÒ Ö ÀÿÑ × ÀÿÑ Ø ÂÿÑ Ù ÃÿÑ Ú ÄÿÑ Û ÄÿÑ Ü ÅÿÑ İ ÆÿÑ Ş ÇÿĞ ß ÇÿĞ à ÉÿÏ á ÊÿÏ â ËÿÏ ã ËÿÏ ä ÌÿÏ å ÍÿÏ æ ÎÿÏ ç ĞÿÎ è ĞÿÎ é ÑÿÎ ê ÒÿÍ ë ÓÿÍ ì ÓÿÍ í ÔÿÍ î ÖÿÌ ï ×ÿÌ ğ ×ÿÌ ñ ØÿÌ ò ÙÿÌ ó ÚÿÌ ô ÚÿÌ õ ÜÿË ö İÿË ÷ ŞÿË ø ŞÿÊ ù ßÿÊ ú àÿÊ û áÿÊ ü áÿÊ ı ãÿÉ ş äÿÉ ÿ åÿÉ øÿ  ÿş 	 	ÿı 
 
ÿı  ÿı  ÿı  ÿı  ÿı  ÿı  ÿı  ÿü  ÿü  ÿü  ÿü  ÿû  ÿû  ÿû  ÿú  ÿû  ÿú  ÿú  ÿú  ÿú  ÿù  ÿù   ÿù ! ÿù "  ÿù #  ÿø $ !ÿø % "ÿø & "ÿ÷ ' #ÿ÷ ( $ÿ÷ ) &ÿ÷ * &ÿ÷ + 'ÿö , (ÿö - (ÿö . *ÿö / +ÿö 0 -ÿö 1 -ÿõ 2 .ÿõ 3 /ÿõ 4 0ÿô 5 0ÿô 6 1ÿô 7 3ÿô 8 4ÿó 9 4ÿó : 5ÿó ; 5ÿó < 6ÿó = 7ÿó > 8ÿó ? 9ÿò @ :ÿò A ;ÿò B <ÿñ C <ÿñ D =ÿñ E >ÿñ F ?ÿğ G @ÿğ H Aÿğ I Bÿğ J Bÿğ K Cÿğ L Dÿğ M Fÿï N Fÿï O Gÿï P Hÿï Q Iÿî R Iÿî S Jÿî T Kÿí U Mÿí V Mÿí W Nÿí X Oÿì Y Pÿì Z Pÿí [ Qÿì \ Sÿì ] Tÿì ^ Tÿì _ Uÿë ` Vÿë a Wÿë b Wÿë c Yÿê d Zÿê e [ÿê f \ÿé g \ÿé h ]ÿé i ^ÿé j `ÿé k `ÿé l aÿé m bÿé n cÿè o cÿè p dÿè q eÿç r gÿç s gÿç t hÿç u iÿæ v jÿæ w jÿæ x kÿå y mÿå z nÿå { nÿå | oÿå } pÿä ~ qÿä  rÿä € sÿä  tÿã ‚ uÿã ƒ vÿã „ vÿã … wÿã † xÿã ‡ yÿâ ˆ zÿâ ‰ {ÿâ Š |ÿâ ‹ }ÿâ Œ }ÿâ  ~ÿâ  ÿâ  ÿá  ÿá ‘ ‚ÿà ’ ƒÿà “ „ÿà ” „ÿà • …ÿà – ‡ÿß — ˆÿà ˜ ˆÿß ™ ‰ÿß š ŠÿŞ › ‹ÿŞ œ ŒÿŞ  ŒÿŞ  ÿŞ Ÿ ÿŞ   ÿŞ ¡ ÿİ ¢ ‘ÿİ £ ’ÿİ ¤ “ÿİ ¥ ”ÿÜ ¦ •ÿÛ § –ÿÛ ¨ —ÿÛ © —ÿÛ ª ˜ÿÛ « ™ÿÛ ¬ ›ÿÛ ­ ›ÿÛ ® œÿÛ ¯ ÿÛ ° ÿÛ ± ÿÚ ² ŸÿÚ ³  ÿÙ ´ ¢ÿÙ µ £ÿØ ¶ £ÿØ · ¤ÿØ ¸ ¥ÿØ ¹ ¦ÿØ º ¦ÿØ » ¨ÿØ ¼ ©ÿ× ½ ªÿ× ¾ ªÿ× ¿ «ÿ× À ¬ÿ× Á ­ÿ× Â ®ÿ× Ã ¯ÿÖ Ä °ÿÖ Å ±ÿÕ Æ ±ÿÕ Ç ²ÿÔ È ³ÿÔ É ´ÿÔ Ê µÿÔ Ë ¶ÿÔ Ì ·ÿÔ Í ¸ÿÔ Î ¹ÿÔ Ï ¹ÿÔ Ğ ºÿÔ Ñ ¼ÿÔ Ò ½ÿÓ Ó ½ÿÒ Ô ¾ÿÒ Õ ¿ÿÒ Ö ÀÿÑ × ÀÿÑ Ø ÂÿÑ Ù ÃÿÑ Ú ÄÿÑ Û ÄÿÑ Ü ÅÿÑ İ ÆÿÑ Ş ÇÿĞ ß ÇÿĞ à ÉÿÏ á ÊÿÏ â ËÿÏ ã ËÿÏ ä ÌÿÏ å ÍÿÏ æ ÎÿÏ ç ĞÿÎ è ĞÿÎ é ÑÿÎ ê ÒÿÍ ë ÓÿÍ ì ÓÿÍ í ÔÿÍ î ÖÿÌ ï ×ÿÌ ğ ×ÿÌ ñ ØÿÌ ò ÙÿÌ ó ÚÿÌ ô ÚÿÌ õ ÜÿË ö İÿË ÷ ŞÿË ø ŞÿÊ ù ßÿÊ ú àÿÊ û áÿÊ ü áÿÊ ı ãÿÉ ş äÿÉ ÿ åÿÉ øÿ  ÿş 	 	ÿı 
 
ÿı  ÿı  ÿı  ÿı  ÿı  ÿı  ÿı  ÿü  ÿü  ÿü  ÿü  ÿû  ÿû  ÿû  ÿú  ÿû  ÿú  ÿú  ÿú  ÿú  ÿù  ÿù   ÿù ! ÿù "  ÿù #  ÿø $ !ÿø % "ÿø & "ÿ÷ ' #ÿ÷ ( $ÿ÷ ) &ÿ÷ * &ÿ÷ + 'ÿö , (ÿö - (ÿö . *ÿö / +ÿö 0 -ÿö 1 -ÿõ 2 .ÿõ 3 /ÿõ 4 0ÿô 5 0ÿô 6 1ÿô 7 3ÿô 8 4ÿó 9 4ÿó : 5ÿó ; 5ÿó < 6ÿó = 7ÿó > 8ÿó ? 9ÿò @ :ÿò A ;ÿò B <ÿò C <ÿñ D =ÿñ E >ÿñ F ?ÿğ G @ÿğ H Aÿğ I Bÿğ J Bÿğ K Cÿğ L Dÿğ M Fÿï N Fÿï O Gÿï P Hÿï Q Iÿî R Iÿî S Jÿî T Kÿí U Mÿí V Mÿí W Nÿí X Oÿì Y Pÿì Z Pÿí [ Qÿì \ Sÿì ] Tÿì ^ Tÿì _ Uÿë ` Vÿë a Wÿë b Wÿë c Yÿê d Zÿê e [ÿê f \ÿé g \ÿé h ]ÿé i ^ÿé j `ÿé k `ÿé l aÿé m bÿé n cÿè o cÿè p dÿè q eÿç r gÿç s gÿç t hÿç u iÿæ v jÿæ w jÿæ x kÿå y mÿå z nÿå { nÿå | oÿå } pÿä ~ qÿä  rÿä € sÿä  tÿä ‚ uÿã ƒ vÿã „ vÿã … wÿã † xÿã ‡ yÿâ ˆ zÿâ ‰ {ÿâ Š |ÿâ ‹ }ÿâ Œ }ÿâ  ~ÿâ  ÿâ  ÿá  ÿá ‘ ‚ÿà ’ ƒÿà “ „ÿà ” „ÿà • …ÿà – ‡ÿß — ˆÿà ˜ ˆÿß ™ ‰ÿß š ŠÿŞ › ‹ÿŞ œ ŒÿŞ  ŒÿŞ  ÿŞ Ÿ ÿŞ   ÿŞ ¡ ÿİ ¢ ‘ÿİ £ ’ÿİ ¤ “ÿİ ¥ ”ÿÜ ¦ •ÿÛ § –ÿÛ ¨ —ÿÛ © —ÿÛ ª ˜ÿÛ « ™ÿÛ ¬ ›ÿÛ ­ ›ÿÛ ® œÿÛ ¯ ÿÛ ° ÿÛ ± ÿÚ ² ŸÿÚ ³  ÿÙ ´ ¢ÿÙ µ £ÿØ ¶ £ÿØ · ¤ÿØ ¸ ¥ÿØ ¹ ¦ÿØ º ¦ÿØ » ¨ÿØ ¼ ©ÿ× ½ ªÿ× ¾ ªÿ× ¿ «ÿ× À ¬ÿ× Á ­ÿ× Â ®ÿ× Ã ¯ÿÖ Ä °ÿÖ Å ±ÿÕ Æ ±ÿÕ Ç ²ÿÔ È ³ÿÔ É ´ÿÔ Ê µÿÔ Ë ¶ÿÔ Ì ·ÿÔ Í ¸ÿÔ Î ¹ÿÔ Ï ¹ÿÔ Ğ ºÿÔ Ñ ¼ÿÔ Ò ½ÿÓ Ó ½ÿÒ Ô ¾ÿÒ Õ ¿ÿÒ Ö ÀÿÑ × ÀÿÑ Ø ÂÿÑ Ù ÃÿÑ Ú ÄÿÑ Û ÄÿÑ Ü ÅÿÑ İ ÆÿÑ Ş ÇÿĞ ß ÈÿĞ à ÉÿÏ á ÊÿÏ â ËÿÏ ã ËÿÏ ä ÌÿÏ å ÍÿÏ æ ÎÿÏ ç ĞÿÎ è ĞÿÎ é ÑÿÎ ê ÒÿÍ ë ÓÿÍ ì ÓÿÍ í ÔÿÍ î ÖÿÌ ï ×ÿÌ ğ ×ÿÌ ñ ØÿÌ ò ÙÿÌ ó ÚÿÌ ô ÚÿÌ õ ÜÿË ö İÿË ÷ ŞÿË ø ŞÿÊ ù ßÿÊ ú àÿÊ û áÿÊ ü áÿÊ ı ãÿÉ ş äÿÉ ÿ åÿÉA#  ï ÿ   / O _  Ÿ   _ o  ¿ ğ  @²’3@¸²‹3@¸³jl2@¸²a3@¸³\]2@¸³WY2@¸³MQ2@¸³DI2@¸²:3@¸³142@¸³.B2@¸³',2@¸³%2€¸³
2ÀA Ğ  p Ä     °    @³$&2Ÿ¿  d ÿÀ²2A
ÿï  îí d ÿÀí³2ŸAJâ ¯â ¿â ââáá à  à ?à Ÿà ¿à Ïà ïà ààßßŞŞ İ /İ ?İ _İ Ÿİ ¿İ ïİ İİ Ü   Ü  Ü ?Ü ÜÜ Û ÛÛ Ú ÚÚÿÀÓ²792¹ÿÀÓ²+/2¹ÿÀÓ²%2¹ÿÀÓ²2¹ÿÀÓ²2¸Ò²ù)¸ã³ + A0Ô °Ô   Ô Ô  Ô PÔ `Ô pÔ  `Ö pÖ €Ö Ö  Ö °Ö   Ö Ö  Ê  Ì  Ö 0Ö @Ö PÖ Ğ² +¸Ï²&BAÎÇ  ÍÈ  ÌÆ  ËÅ  ÉÅ  ÊÆ² AÆ  Ç Æ Ç /Å Á³$ÿA¿  ¿ /¿ ?¿ O¿ _¿ ¿ ¿"²dA» Ê  ² é  ¦ ¢ @j@&CI2@ CI2@&:=2@ :=2Ÿ Ÿ&@&–™2@ –™2@&’2@ ’2@&„Œ2@ „Œ2@&z2@ z2@&lv2@ lv2@&dj2@ dj2@&Z_2@ Z_2@&OT2@ OT2¸·$'7Ok Aw 0w @w Pw www ù  ›²**¸š@+)*€º€¼€R€¢€e€~€€<€^€+€€€@€»8  €@´€@€»8  €9@€Ê€­€s€&€%€$€ 7@¸!²I3@¸!²E3@¸!³AB2@¸!³=>2A! ?! !  ¿! Ï! ÿ!  @!³ "2@¸!³2@¸"³*?2@¸!³.:2oAHÃ Ã Ã ßÃ  /Ã `Ã ÏÃ  Ã ?Ã _Ã ÀÃ ïÃ ÿÃ  ß"  "  " /" ?" _" " ï"  ¿! ï!  o! ! ¯!  /! ?! O! ÃÃ""!!@+HOÿ7    ¸¶÷ø÷ 	A	    ²ù¸˜²&»A—  9 &% 8 s 5  4 « 2²V¸²&,º ¶ùäé¸¶è»× ¸²Õ¸«¶Ô‰É/¸²¼&¸²º ¸¶¹8­Ê¸²&¸š²~&¸š¶}Gk¸²e&¸š²^s¸@R&ZH‰Db@s¸¶?^<&¸š²5¸¶0»+¸¶*V)¸²#¸²U7¸h@,–XO62,!
 ¸ÿà@+                     J °KKSBK°Àc Kb °öS#¸
QZ°#B°K KTB°8+K¸ÿR°7+K°P[X±Y°8+°ˆ¸ TX¸ÿ±…°CX¹ …¹ (…YY v??>9FD>9FD>9FD>9FD>9F`D>9F`D+++++++++++++++++++++++°–KSX°ªY°2KSX°ÿYK°“S \X¹òğED¹ñğEDYX¹>òERX¹ò>DYYK¸VS \X¹  ñED¹ &ñEDYX¹  ERX¹  DYYK¸šS \X¹ %òED¹ $òEDYX¹		 %ERX¹ %		DYYK¸S \X±s$ED±$$EDYX¹  sERX¹ s DYYK¸S \X±Ê%ED±%%EDYX¹€ ÊERX¹ Ê€DYYK°>S \X±ED±EDYX¹ ERX¹ DYYK°VS \X±ED±/EDYX¹‰ ERX¹ ‰DYYK¸S \X±ED±EDYX¹à ERX¹ àDYY+++++++++++++++++++++++++++++++++++++++++eB++³;Yc\Ee#E`#Ee`#E`°‹vh°€b  ±cYEe#E °&`bch °&ae°Y#eD°c#D ±;\Ee#E °&`bch °&ae°\#eD°;#D± \ETX±\@eD²;@;E#aDY³GP47Ee#E`#Ee`#E`°‰vh°€b  ±4PEe#E °&`bch °&ae°P#eD°4#D ±G7Ee#E °&`bch °&ae°7#eD°G#D± 7ETX±7@eD²G@GE#aDY KSBKPX± BYC\X± BY³
CX`!YBp>°CX¹;!~º ¨ +Y°#B°#B°CX¹-A-Aº   +Y°#B°#B°CX¹~;!º¨  +Y°#B°#B +tusu EiDEiDEiDsssstustu++++tu+++++sssssssssssssssssssssssss+++E°@aDst  K°*SK°?QZX±E°@`DY K°:SK°?QZX±E¸ÿÀ`DY K°.SK°:QZX±E°@`DY K°.SK°<QZX±		E¸ÿÀ`DY++++++++++++++++++u+++++++C\X¹ €»³@t sY°KT°KTZ°C\ZXº Ÿ"  sY +ts+s++++++++ssss+ ++++++ EiDsEiDsEiDstuEiDsEiDEiDEiDstEiDEiDs+++++s+ +s+tu++++++++++++++stu   @AA@?>=<;:987543210/.-,+*)('&%$#"! 
	 ,E#F` °&`°&#HH-,E#F#a °&a°&#HH-,E#F`° a °F`°&#HH-,E#F#a° ` °&a° a°&#HH-,E#F`°@a °f`°&#HH-,E#F#a°@` °&a°@a°&#HH-, < <-, E# °ÍD# ¸ZQX# °D#Y °íQX# °MD#Y °QX# °D#Y!!-,  EhD °` E°FvhŠE`D-,±
C#Ce
-, ±
C#C-, °#p±>°#p±E:± -,E°#DE°#D-, E°%Ead°PQXED!!Y-,°Cc#b° #B°+-, E° C`D-,°C°Ce
-, i°@a° ‹ ±,ÀŠŒ¸ b`+d#da\X°aY-,E°+°#D°zä-,E°+°#D-,°CX‡E°+°#D°zäŠEi °#DŠŠ‡ ° QX°+°#D°zä!°zäYY-,-,°%F`ŠF°@aŒH-,KS \X°…YX°…Y-, °%E°#DE°#DEe#E °%`j °	#B#hŠj`a °Š° Ry!²@¹ÿà E ŠTX#!°?#YaD± ŠRy³@ E ŠTX#!°?#YaD-,±C#C-,±C#C-,±C#C-,±C#Ce-,±C#Ce-,±C#Ce-,KRXED!!Y-, °%#I°@`° c ° RX#°%8#°%e8 Šc8!!!!!Y-,K°dQXEi°	C`Š:!!!Y-,°%# Šõ °`#íì-,°%# Šõ °a#íì-,°%õ íì-, °` < <-, °a < <-,°++°**-, °C°C-,>°**-,5-,v¸##p ¸#E ° PX°aY:/-,!!d#d‹¸@ b-,!°€QXd#d‹¸  b² @/+Y°`-,!°ÀQXd#d‹¸Ub² €/+Y°`-,d#d‹¸@ b`#!-,´    °&°&°&°&Eh:°-,´    °&°&°&°&Ehe:°-,KS#KQZX EŠ`D!!Y-,KTX EŠ`D!!Y-,KS#KQZX8!!Y-,KTX8!!Y-,°CXY-,°CXY-,KT°C\ZX8!!Y-,°C\X°%°%d#dad¸QX°%°% F°`H F°`HY
!!!!Y-,°C\X°%°%d#dad¸QX°%°% F¸ÿğ`H F¸ÿğ`HY
!!!!Y-,KS#KQZX°:+!!Y-,KS#KQZX°;+!!Y-,KS#KQZ°C\ZX8!!Y-,ŠKT°&KTZŠŠ
°C\ZX8!!Y-,KRX°%°%I°%°%Ia ° TX! C° UX°%°%¸ÿÀ8¸ÿÀ8Y°@TX C° TX°%¸ÿÀ8Y C° TX°%°%¸ÿÀ8¸ÿÀ8°%¸ÿÀ8YYYY!!!!-,F#F`ŠŠF# FŠ`Ša¸ÿ€b# #Š¹ÂÂŠpE` ° PX°a¸ÿº‹°FŒY°`h:-º º § &   ÿç  ÿè  ÿçşiÿèº şiÿèê   ¸   ¸     ¨ ­i ­ ¿ Âğ  ¯ ¹ ´ È  D œ | ” ‡  Z È ‰ R R  D ”ÿ´ / ¡  ¡ Í  W ~ º ÿé  …Ó ‡ …  " A P o Lÿu \ ßƒ 7 L n p€ÿXÿÿ’ÿ¤ ¥ ¹Èÿı   c c ÍÿîØÿÜ - \ • ™ ß’	µ @ W € ¹ r š]ÿgÿú  ! w Í  M ÍÀ+ L e ç|CØÿ£ÿ°ÿÄ   ] h š º5G!\ÿMÿÍ  - x € ™ ² ¶ ¶ ¸ ½ Úğÿ¤ÿğ  , I  ´ ÎÀşış?     ) 9 I o ¾ Ç Ğ#Áo2@zÿÔ  1 U W § ´ æ÷~~ÆFÿB  … ‘ ¿ Â Å á/OV)or  , 1 1 d i ‰ ˜ Ç Ş+¶Ï£«ûşàÿ  & ›  Á s‚ÖãC_›â”©Òa  ^ m  « ÷8Q[h|‡‘™ÍĞèATkïhq½BBSsƒ†‹èşXşÄşÑş÷ÿ2ÿ† Q |  ‘ •  ´ ¹ Ï Ù Ù ß â !U{{~¢¨©´ĞĞâéòõû  !""#rw”œÏÏĞìù"+5<Yoq‡µáÏÿ22–Ÿ¨«Âğ‚ Ìü£ı*ıŞş şˆş–ş²ş´ÿá      < Q a a j x – ¥ ¯ Ó*>LQ_jqx‚„š¥¨©®¼Í×ï !".5BOO^eq’´Öú*G]ety–°Ìİâöüüÿ
"&+G_uçç\Ëå
m†¸ñ6>PQ]¶Ô` ¶ Ã µ ·            àEµ 3ÎÎ - _ dM?  ¨ˆ}´$x;;N ğ&”ÆŸö;MKS j1      ª   <Ã í¼eÎµ x~ï ² 9  Å0+Ë Úß¡ Û
í§P½>X !œ ®q} µE  
ûŒ+Nª ‡ T2øÿ N ´ 7ã ƒ kØ í w ˆ —dg  3| ç ¦)n*ÉiŠ´ ©  9$ „]šïÙ u Ï
 Ş¬¼Ï®MğRh m } † qÿ yXÒg V %à ” |2! ”  r \ / ¶  º ¸ AM r   LjU ™ š š ˜ ²  x i  W n Î ´T¸ ge ç  ËşR Zÿ¦ ™ÿg nÿ’ -ÿÔ ‡ÿ| ¸ ¨ å  ¨…ş{ p  Ù ŞLFÏFÿ-ŠÙS– ·              % ê ê ® F >» Š× S ?ÿŒÿÕ  ( " ™ b J ä m î å HÀ 3şN±ÿFp yß Qÿ§ÿ
 hÿl O ¼ ¥ a+      9  9  9 °× ^s s I wV X‡ Zª |ª | @¬ r9 ªª A9 º9  s Us ßs <s Vs s Us Ms as Ss U9 ¹9 ª¬ p¬ r¬ ps Z oVÿıV –Ç fÇ V ¢ã ¨9 mÇ ¤9 ¿  7V –s –ª ˜Ç œ9 cV 9 XÇ ¡V \ã 0Ç ¡V 	 V 	V ã )9 ‹9  9 'Á 6sÿáª Ys Js †  Ps Fs K9 s Bs ‡Ç ˆÇÿ¢  ˆÇ ƒª ‡s ‡s Ds ‡s Hª …  ?9 $s ƒ  Ç     !  (¬ 9 ¼¬ /¬ WVÿıVÿıÇ hV ¢Ç œ9 cÇ ¡s Js Js Js Js Js J  Ps Ks Ks Ks K9 ½9 #9ÿå9 	s ‡s Ds Ds Ds Ds Ds ƒs ƒs ƒs ƒs I3 €s ks s QÍ mL ã ™å å   áª Şª =d N  9 S´ šd Nd Md Msÿıœ  ô 8´ z– ¡d  1  ö /ì -%  Dã ã ª è¬ rd Ts .d 3å s †s Œ  ïVÿıVÿı9 c   Rsÿü   ª Sª GÇ €Ç ld Nô /  !V Vş9sÿäª \ª \    s I9 ¹Ç lª G  %VÿıV ¢VÿıV ¢V ¢9 9ÿà9 9 9 c9 c9 cÇ ¡Ç ¡Ç ¡9 Æª ª ª ª .ª åª ¢ª kª :ª ·ª (s  Ç V \  ?ã )  ( ¼Çÿıs IV   !V s ‡¬ r¬ ¡ª kª ª !¬ k¬ k¬ !s  9 ms B9 ±V \  ?Ç f  PÇ f  Ps FkÿáªñVÿıs JVÿıs JÇ ë GÇÿıV ¢s KV ¢s Ks –Ç Bs –U ˆs š¬ ƒÇ œs ‡Ç œs ‡9 cs DÇ ¡ª …Ç ¡ª <V \  ?ã 09 $ã 0  #Ç ¡s ƒÇ ¡s ƒã )  (ã )  (h ¤9 `b U  Ht H‘ bğ D) .0 Hkÿá  °ë RÀ 3  O  ™  O  ™  O  ˜  ˜ÕjÀ « rÕ ¬ qÕ"Õ«ÿé É«~«ÿé«~«ÿé«~«ÿé«ÿé«ÿé«ÿé«ÿé«À«~«À«À«ÿé«ÿé«ÿé«~«À«À«ÿé«ÿé«ÿé«~«À«À«ÿé«ÿé«ÿé«ÿé«ÿé«ÿé«ÿé«ÿé«ÿé«ÿé«ÿé«ÿé«ÿé«ÿé«ÿé«ÿé«Ö« f«ÿêÕÿÿÕ ’   ë0ë ë0ë Õ ²Õ €Õ *+˜k¸U   ô  o@ :@ 7À ? @  %  Uá ¿ ‰ÕÿÙ€ €Õ † a– Õ ’Ö ƒÖ ƒÕ ²Ö pVÿıs JÇ f  PÇ f  PV ¢s KV ¢s KV ¢s K9 ms B9 ms B9 ms BÇ ¤s ‡Ç s 9ÿÎ9ÿÎ9ÿä9ÿä9ÿö9ÿõ9 £Ç f  7Çÿ¢V –  ˆ  †s –ÇÿúÇ œs ‡É ¥s ‹9 cs D9 cs DÇ ¡ª kV \  ?ã 09 Ç ¡s ƒÇ ¡s ƒÇ ¡s ƒÇ ¡s ƒ Ç V   !Ç ‰Vÿıs J   D9 Sã 9 ¹ Ç  Ç  Ç V   !Ç Šªÿás Í Z¬ k¬ "¬ "¬ Jª âª kª ŞªÿêWÿÿFÿ§´ÿ¨ÿ¨2ÿ§Øÿ§ÿ§ÇÿxVÿıV –XÿşV ¢ã )Ç ¤9 ¿V –X ª ˜Ç œ3 m9 cÇ ¤V ò ”ã 0V V 	¯ û a9 V   H‘ bs ‹Ç k` ˆš Œ  ‡ Hs ‹s \Ç ‰  †  œ    • \s D ƒÛ V` ˆ3 ´ z? WÇÿÉ` ˆs H` ˆ? WW ¢ë 2U ¡À dV \9 ¿9   7u  ¤Õ 1© ¡ 
À  Vÿı@ §V –U ¡k  V ¢c Õ NÀ ¡À ¡© ¡@ ª ˜Ç ¤9 cÀ  V Ç fã 0 
 RV 	ë ŸU WU ¡€ ¡U   ¨@ ¥À U ¤Ç s J• [@ ˆë ˆ«  s KZÿû« 2x ‡x ‡€ †« € Œk ˆs DU ˆs ‡  Pª &  !• K  • Š+ Ek •   (À ‹+ „ 0  ‰U s Ks  ë ‰ K  ?Ç ˆ9 	Çÿ¢@ € ƒs  € †  !k ˆé ¡J ˆ  A•  … -ªª ª 1ª 1ªª ~ª ~ª Œª Œªª ªª! }ª Œ3 Òªªÿ9 ¹ iV 21  -Ñ –ù › _Ê ›¸ Œù › (° P´ <Ê ›Ï Pù ›Ò <˜ Z< ˆ n_ s± Ô 
f – ( d$ (ò ›ò ›ò ›ã ZV Z† ›ùÿ¬ ( (´ÿW´ÿWH - d d d d i i iV 21  -Ñ –K  J  ¸ ŒK   (° P´ <Ï PÒ <˜ Zˆ n_ sÔ 
f – ( d$ (ù ›V 2° P_ s› <  ÿÜ  ÿ%  ÿÜ  şQ «  Ú CM y¨  œ Få Fœ Fœ F­ Hœ F± FQ F5|5.5 ·5 5,5 ¾5 ¯5 5 š5 Û5 … Á5 ³    B 6  5 5 ˜5 Ë          ± F                        µ €µ €ôÿıôÿı         65 6=  =  é é  Zv Z'     Zv Z'     2µ j                                Ï 0± F± F± @± F      ÿÜ  şQ  ÿ  ÿ  ÿ  ÿ  ÿ  ÿ  ÿ  ÿ  ÿ  ÿÜ  ÿ  ÿÜ  ÿ   ÿÜs J                                                             ]  î M y¨ Ö "¨ VÖ Vu xu x¨ -Ö Y 2µ jô  ô  ¨ “Ö Yµ €µ €ô  ô  B    =µ €µ €ô  ô  µ €µ €ô  ô   65 6=  =   65 6=  =   65 6=  =  ³ ¥³ ¥³ ¥³ ¥é é é é ’ „’ „?  ?  ’ „’ „?  ?  É „É „Å  Å  É „É „Å  Å  §  §  §  §  §  §  §  §  Z *š 65  '  Z *š 65  '  O mO m$    § Œ§ Œ$    Ï sÏ s'  '    ¨  ¨  ´ i´ i'  '  5 ‹5 ‹ô  ô  B 6  =š  '  u xu x 2µ j 2µ jô  ô  Z @Î @Z &Î 0Z SÎ AZ SÎ A    œ Fœ F      Q F± F    ­ Hå F      ± F± F± F± F± @Ï 0  œ Fœ F                                                                                                             Ê Ç Æ                                                         Ü c? DÕ ¡[ ƒ  ıÜ  ü/  ü¦  şT  ü×  ıs  ş)  ş  ı  üg  ı  ûõ  ür  şÕ  şÕ  ÿ  ¬ k¬   ş¶  ıs  ş  ü¦  şS  ı  ûÈ  úô  ú¯  ür  ûª  ûj  üñ  ü}  ûİ  üÁ  û˜  ıê  ş„  ıÂ  üñ  ı_  şv  ş¼  üë  ıl  ıX  ü  ı  ü,  ü  ü  û–  û–Ç ˆVÿıs JVÿıs JVÿıs JVÿıs JVÿıs JVÿıs JVÿıs JVÿıs JVÿıs JVÿıs JVÿıs JVÿıs JV ¢s KV ¢s KV ¢s KV ¢s KV ¢s KV ¢s KV ¢s KV ¢s K9 cÇ 9 ºÇ |9 cs D9 cs D9 cs D9 cs D9 cs D9 cs D9 cs DÜ c? DÜ c? DÜ c? DÜ c? DÜ c? DÇ ¡s ƒÇ ¡s ƒÕ ¡[ ƒÕ ¡[ ƒÕ ¡[ ƒÕ ¡[ ƒÕ ¡[ ƒV   !V   !V   !Vÿıs J9ÿâÇÿ°9 cs DÇ ¡s ƒÇ ¡s ƒÇ ¡s ƒÇ ¡s ƒÇ ¡s ƒ  şş  şş  şş  şşUÿıë c Zÿû© ¡€ †© ¡€ †Ç ¤k ˆsÿı  sÿı  V 	  U W+ EU ¡+ ˆ cs U9 `s D     , 


	


	


	












			

			

	
									    	
	
                												                		                                  										    
	  	 																				
									


																																																																																							



	
													
	
										

									
	    																									

																		                																																			







																																																																																											

                

                                  							




		




						    			  
 						
			
	
											
		


		
		
						


							
											
					
																																																	

	

						


					

									
					


								
				
																	
			
	
						
								    


















		





















                




























						


























































































		                                                  																				






																
					    					

   
					

	




	
						


									
	





	
		
			




		

		
										
					







	


						








							

	
	



		



	
		
			
		
							





					

	    

	                	
													
	
					

                                                  												



















				




    
		


    																	
																																											
																									
													

		
	






	



											
					
	

												
	
		

					
			
					

	

				
					
	
				
			    
	
	                	

																				


	
		
	
	
	
                                                   																																    								  " 		
										


	
																		
																										
								


																

				
			
															
							








	
		


																	
									
		
		
														
	


	

			
			
						
										
		


	


	
						


		

	


					
    															
					
                	


			
			
							







				



				

	
	
	
	
"                	                                  																																							    	

										  & 



	


				
















	


		


		









		














	






	
	




				








	



	
		






	
	


		

		

			

		



		
	


	
    

















		

                








				




	

	




	



&                
                                  













			





    





  * 

	

					

	

	
	




	


	
	



	

	



    	

                			



					*                                                      		  0 		
												
	
	


    	
		                


									

0                                                      	  6 
										

																					


	


						


													
			


    		
	                		
						
			6                                                      
  : 	







				


	




	
	











	



	


			





	

















    		
	                		



    

			:                                                         @ 							 	 			
					     	 									#        !"
								  	   				"  	 "			    


	                 

	####			


 @                                                  			      !B 							"	"			
					!!!!!	 							
	$!!! !!!!!"#								"!	"""				#!!	!#			    	                !	$$$$					!B                                                  			      %J 

!




&	&



	
					%%	!%%#%
%							
(%%%$%%%%%&'"!								
&%!	&&&		 		'% ""#!%		"%(	
						    	
		##                %				
				))))



		
			%J                                                    		          	    "  *T  %+!#!!*


$!**!#
 %*!*(*			+!!!	###!
!!".***)*****+,'   %!!!


!!*
*%!***	####!#!# 
#!#

!
!$,*$'#! ''!%*#"# 

&"*-




%

    	
		        	           

    "'"'                
				                  *                             	
	
	


	






####..$$..$$!!		



     	  	
   					
                                                                               *T$$                ##                                  


!!!!!!!$$$$$$$$$$
!    ' !  .\# )	/!!$!%!$$!!.


&!!!$!""..$!!&#).$.+.


.$$$!!!
!&&&$!!!!
!!$!!!!$%2...-!!!!!!!!!!!!!!!!!!!!!!!!!!!!!!!!!!!!!!!!!!!!!!!"...../0*###"	)!!$$$!!


!!$$!!!!!.!
.)$.!.!.!
&&&&$'$&#
!%!$!&"

!$
$(!1.'!*!!%!$!!#"*+$)!.! &%&!#

*%.1 



 %
     
    
			
	
########
###########!!####%+%+################




##                .#############################



!!!!!!&&&&33''33''$$

##		###
##
###





#		##############################################################################.\''                &&                                  


$$$$$$$'''''!!'''''
$!!!!!    *!#$  2d& ,!
3!!$$!'$!)$'!'$!$!2!!
(#!!$!$'$%%22'$$)&,2!!'2/2!2!!!!!'''$$$!$!!***'!$$!!$$!!$$'$$!$$'( 62221$##############################################$2111135.&&!&%	,!$$!!!'''$$
!$$''$!$$$$2#!!2,'2#2#2#!****!'*'*&
!!!!$!!)$!'$!!!*%!

$'
'!+$!53+ $!!!"!.$$!)$'$!$ &!%!./(,!$3$!")()$&
-)26## *#####     





&&&&&&&&&&&&&&&& &&&$$&&&&)/)/ &&&&&&&&&&&&&&&&&&                2&&&&&&&&&&&&&&&&&&&&&&&&&&&&&


 
$$$$$$))))77**77**''

  &&

&&&&&
&&&&

&&&&&&&&&&&&&&&&&&&&&&&&&&&&&&&&&&&&&&&&&&&&&&&&&&&&&&&&&&&&&&&&&&&&&&&&&&&&&&2d+!+!                **                                  !!!!!!!!!!!!!!!!!!!!'''''''+!+!+!+!+!$$+!+!+!+!+!!!!!'$$$$$    .!$!!!&'  6l) 0$
    7$$''$!*'$-'*$*'$!'$6##!-' $$'$'*'!((66*'',)0!! "6$$*636#	5$$$$$***'''$!'#$  ---*$''$$'!'$$''*''$!!''!!*+!#;6665' ! !!&"&&&&&&&&&&&&&&&&&&&&&&&&&&&&&&&&&&&&&&&&&&&&&'!65555!!!791))# )(!
0!!$''$$$***''$''**'$!''''6'#$60*!6'6'6'# ----$*-*,)$$$$!'$$-'#*'$!!##-(#'**$/'$97-"'$#$%$2!''#-'*'$'!")#($13+0#'7' $%,+,"')1,6:%!    &#*&&&&!  &#    	))))))))))))))))")))'')))),2,2" ))))))))))))))))))                6)))))))))))))))))))))))))))))!" '''''',,,,;;..;;..++  " "     )))))	))))))))))))))))))))))))))))))))))))))))))))))))))))))))))))))))))))))))))))))))))))6l.#.$                --                                  $$$$$$$$$$$$$$$$$$$$*******.#.#.#.#.#''.$.$.$.$.$###$*'''''    2$'$$$)*  :t,   4'"          """ ;''**'#-*' /*-'-*'$*':%&#       1     )"''*'*-*                        #++: :-)    !)0 -4##"   $  :''-:7 : &
  9'''''---*** '#* &' ""000 - '**  ' ' *$*' '    * * - **'$$* * ## -." $& ?:::9*"#"##)$)))))))))))))))))))))))))))))))))))))))))))))*#:9999###;=5,,&",+#3##' **' ' ' - - - * * ' * * - - *'#* * * * :)&' :4-#:):):)& #0000'-1-0,''''#*''/*&-*'$$&%0+&"  !  ! ! )-   -'2*'=;2"%*'&'''6#**"&/*-*'*$%,%+'56.3&*;* !" '  "(   0!/0$*,  5/  :>(!##"##!!  (%.((((!!!#"#!!  (% !    
,,,,,,,,,,,,,,,,%,,,)),,,,!/6/6%",,,,,,,,,,,,,,,,,,                 :,,,,,,,,,,,,,,,,,,,,,,,,,,,,,$%"))))))!!!0000@@11@@11""""""""  ..""##%"%" # # # #,,,,,
,,,,,,,,,,,,,,,,,,,,,,,,,,,,,,,,,,,,,,,,,,,,,,,,,,,,,,,,,,,,,,,,,,,,,,,,,,,,,,,,,,,,:t2&2'                00                                  ' ' ' ' ' ' ' ' ' ' ' ' ' ' ' ' ' ' ' ' - - - - - - - 2&2&2&2&2&* * 2'2'2'2'2'&&&' - * * * * *     6'""*   ''', -   C†2 %%<-'%%%%%%%%%%'''%D--00-)40"-%704-40-)0-B+-)%%%"%%%%"9%%%%"%!/ !!'--0-040%%%%%%"%%%%%%%%%%%%%%%%%%$)11C%C40%%%%'!07%3<))'%%%)%%C--4C?%C%!!-%""%C-----444000%-")!0%-!-%''888%4%-"0"0"%%-%-%0)0-%-%%%%0%0%4%00-"))0%0%)!)!%45'%)+%"IC"C"C""B0'('((/*/////////////////////////////////////////////1(CBBBB(((DG=22$,(""21(;((-%0"0"-%-%-%4%4%4%0%0%"-""%0%0%4%4%0-")0%0%0%0%B/-!-%C<4)B/B/B/-!%(8888-58482----)0--70,40-))-+82-'%%'"%%""'!%& %#04%%%4-:$0-"GD9'+0-,-$-->(00',7040-0)+3+2-=?5;,0D0%&$'%-%%'.%%$%"!7 &#67*0#"2$%%""=6%!%!CH.&$"((("((&#&% %"/+"""7""$////&&&$"(("(&&% %"/+$%'    ############222###2222222222222+222002222&#$$!!6>"6>"+'222222222222222222                %C22222222222222222222222222222)+'000000&#$$&#$$&#$$!!!!77$$77$$JJ99JJ99''''''''$#$#55''((""##+'+'$($($($(22222222222222222222222222222222222222222222222222222222222222222222222222222222222222222C†9,9-                "88                                  -%-%-%-%-%-%-%-%-%-%-%-%-%-%-%-%-%-%-%-%4%4%4%4%4%4%4%9,9,9,9,9,0%0%9-9-9-9-9--!-!-!-%4%0%0%0%0%0%    $>-''0%%"%"-"-#-#2%4%  K–8 **C2,**********,,,*L22662.:6&2*=6:2:62-62K11."***&****&?****&*%5$%%,22626:6******&******************(.77K)K:5)))*+%5>):C..,)*).**K22:KG*K)%%1*&&*L22222:::666*2&.%6*1%2*,,???*:*2&6&6&*)2*2*6.62*2****6*6*:*662&--6*6*.%.%):<+*!.1)&RK&K&K&&I6,-,--5/5555555555555555555555555555555555555555555557-KJJJJ---MOE88(1-&&87!-B--2*6&6&2*2*2*:*:*:*6*6*&2&&*6*6*:*:*62&.6*6*6*6*K51%2*KC:.K5K5K51%*-????2;?:>82222.622=61:62.-11?81+!*)+&!**&&+%"*+$)'5;)*);2A)62&OL@,06212)32E-66,1=6:626-09172EF;B16L6*+(,*2"**!,4)*)*&"%>$+'<>/6'&8)**&&D=*!%)%KP4*)&--,&##--+(*)#$)&40%%%<&&##(4444***)&-,&##-+*)$)&40)#)+    ''''''''''''888'''88888888888880888668888*'((%%=F'=F'0,888888888888888888                *K88888888888888888888888888888.  0,666666*'((*'((*'((%%%%>>((>>((RR??RR??,,,,,,,,)"')"';;,,--&&''"  0,0,)-)-)-)-88888888888888888888888888888888888888888888888888888888888888888888888888888888888888888	K–@1@2                &??                                  2*2*2*2*2*2*2*2*2*2*2*2*2*2*2*2*2*2*2*2*:*:*:*:*:*:*:*@1@1@1@1@16*6*@2@2@2@2@21%1%1%2*:*6*6*6*6*6*    )E2,!,!6)*&*&2&2'2'8*:*  S¦> ..J7 0..........000.T77<<73A<*7.E<A7A<74<7S863&...*....+G....*.);*'(077<7<A<......*...............!...-3==S.SA;....0);D.@J330...2..S77ASN.S.)'6.**.S77777AAA<<<.7*3(<.6'7.00EEE.A.7*<*<*..7.7.<3<7.7....<.<.A.<<7*44<.<.3(3(.AB0.%3!6.*ZS*S*S**Q<02022;4;;;;;;;;;;;;;;;;;;;;;;;;;;;;;;;;;;;;;;;;;;;;;=2SRRRR222UWL>>,61**>=%2I227.<*<*7.7.7.A.A.A.<.<.*7+*.<.<.A.A.<7*3<.<.<.<.S;6'7.SJA3S;S;S;6'.2EEEE7AF @D>77773<77E<6A<73468E>60%.-0*%..**0)%./(-,;A-.-A7H-<7*XTG05<767-87M2<<06E<A<7<45?8=7LNBI6<T<.0,0.8&..$09..-.*&'D*0+CD4<+*>-..**KC.$'.)"SY9 /-!*2 21*&&220,/-&(.*:5)))#C**&&,::::///-!*2"1*&&20/-(.*:5-&-0    ",,,,,,,,,,,,>>>,,,>>>>>>>>>>>>>5>>>;;>>>>/,,,))CM!+CM!+51>>>>>>>>>>>>>>>>>>                .S>>>>>>>>>>>>>>>>>>>>>>>>>>>>>3"$$51;;;;;;/,,,/,,,/,,,))))DD,,DD,,[[FF[[FF00000000-%,!-%,!AA0022!!**!!,,%!$$5151-2-2-2-2>>>>>>>>>>>>>>>>>>>>>>>>>>>>>>>>>>>>>>>>>>>>>>>>>>>>>>>>>>>>>>>>>>>>>>>>>>>>>>>>>>>>>>>>>
S¦G6G8                +EE                                  7.7.7.7.7.7.7.7.7.7.7.7.7.7.7.7.7.7.7.7.A.A.A.A.A.A.A.G6G6G6G6G6<.<.G8G8G8G8G86'6'6'7.A.<.<.<.<.<.    -M80$0$<..*.*7*7+7+>.A.  \¸E !33R=$633333333336663]==BB=8HB.=3KBH=HB=9B=[>=8)333.3343/M3334.3-A---6==B=BHB333333.333333333333333%333 18DD\3\HB33335-BL3""GR886233933\==H\W3\3--=3..3]=====HHHBBB3=.8-B3=-=366MMM3H4=.B.B.33=3=3B9B=3=3333B3B3H3BB=.99#B3B38-8-3HI53)9$<3."d\.\.\..ZB68688A:AAAAAAAAAAAAAAAAAAAAAAAAAAAAAAAAAAAAAAAAAAAAAC8\[[[[888^aTEE1<7/.ED)8!Q8!!8!=3B.B.=3=3=3H4H4H3B3B3.=/.3B3C3H3H3B=.8B3B3B3B3[A=-=3\RH8[A[A[A=-37MMMM=HM#GME====8B==KB<HB=99=>ME=5)325.)33..5-)34,20BH232H=P2B=.a]O6:B=<=2>=U8BB6<KBHB=B9:F>D=TVIQ<B]B351"63>*33(6?3323.*-L-50JL:B0/E233"/.SK3(-3-&\c?#42%/7#76/*+77 5142*,3/@;...&L//++1@@@@4442%/7&6/*+7 542,3/@;2*25    !&000000000000EEE000EEEEEEEEEEEEE;EEEBBEEEE4011--KV$/KV$/;6EEEEEEEEEEEEEEEEEE                3\EEEEEEEEEEEEEEEEEEEEEEEEEEEEE9&((;6BB#BBBB401140114011----LL11LL11eeNNeeNN666666662)0$2)0$II6677$$//$$00#)$((;6;627272727EEEEEEEEEEEEEEEEEEEEEEEEEEEEEEEEEEEEEEEEEEEEEEEEEEEEEEEEEEEEEEEEEEEEEEEEEEEEEEEEEEEEEEEEE\¸O<O>                /MM                                  =3=3=3=3=3=3=3=3=3=3=3=3=3=3=3=3=3=3=3=3H3H3H3H3H3H3H3O<O<O<O<O<B3B3O>O>O>O>O>=-=-=-=3H3B3B3B3B3B3    2"U>6(6(B33.3.=.=0=0E3H3  dÈK $88YC!!':!8888888888:::8fCCHHC=NH2C8SHNCNHC>HCcBB=+8!88288782T8887!281G111!!:CCHCHNH8888882888888888888888(888#6=JJd!!7dNG7778:1GR7%%MY==:787=88dCCNd^8d!!711B8!!228!dCCCCCNNNHHH!!!!!!!!!8C2=1H8B1C8::!!!SSS8N7C2H2H287!C8C8H=HC8C8888!H8H8N8H!H!C2>>&H8H8=1=17NP:8->(A72$md2d2d22bH:<:<<G?GGGGGGGGGGGGGGGGGGGGGGGGGGGGGGGGGGGGGGGGGGGGGI<dcccc<<<fi\KK5B;32KI,<#Y <##<#C8H2H2C8C8C8N7N7N8H8H82C228H8H8N8N8H!C2=H8H8H8H8cGB1C8dYN=cGcGcGB1!8<SSSS!!!!CNT&MSKCCCC=HCCSHANHC>>BBTKB:-87:2,8822:1-89074GN787NCV6HC2jeU:@HCBC6DC\<HH:BSHNHCH>@LBJC\^OYBHeH895$:8C.88,:E78682.1R194PR?H43K688$32[Q8,171)dkE!!!!!!!!!!!!!&!!!86(3<&<;3..<<#9597.073E@111*O33..6EEEE8886(3<);3..<#997073E@6.7:      $)55555555555 5KKK555KKKKKKKKKKKKK@KKKGGKKKK855511Q]'3Q]'3@;KKKKKKKKKKKKKKKKKK                8dKKKKKKKKKKKKKKKKKKKKKKKKKKKK  K>)++@;GG&GGGG855585558555""""1111RR55RR55nnUUnnUU::::::::6-5'6-5'OO::<<''33""''55&-'++@;@;6<6<6<6<KKKKKKKKKKKKKKKKKKKKKKKKKKKKKKKKKKKKKKKKKKKKKKKKKKKKKKKKKKKKKKKKK   KKKKKKKKKKKKKKKKKKKKKKKKdÈVBUC                3SS                                  C8C8C8C8C8C8C8C8C8C8C8C8C8C8C8C8C8C8C8C8N8N8N8N8N8N8N8VBVBVBVBVBH8H8UCUCUCUCUCB1B1B1C8N8H8H8H8H8H8    6$\C:,:,H78282C2C4C4K8N8           B´ä¸™@ ä 
ä ä¼1 	™. +ö<ı<Nô<Mı< ?<ı<ü<ı<10!!%!!  ü Àü@ û  À   °  º  	 W±¸¯@&< 
Ë	:8< 8:< Ë

!¡˜++Nô]<Míääıääî ??MıæKSX³ <<Y10353ç7ß4£Ïl	Eş»ü÷ş”ÍÍ   ^³wº   u¹  ÿø³"%4¸ÿø@"&)4
  î	 <
	€		¸ÿÀ@4	Ş<@4q§+Nô+<Mı<ı+]<ı< ?<<<ı<<<999910++533532Í-İ1Í0³ğğşéğğşé   ÿçYÓ  1@‡(8		W··ÇÇø 	 	 	 	




% 	  	%% %¸¶@8

	  
>> ””%@9OŸu!
”	”% ¸ÿÀµ9   ¸¡³ ©h+ö]+íääö]+íääô<<<ô<<< ?<<<?<<<ı<ı<9/<ı<‡.+}Ä‡.+}Ä10]]q#53!5!3!33#!!#!!!gW©ÇJşï/W–W;W—W­ËKşÌW–VşÆWu:KşÅª•k•­şS­şS•ş••şVªşV?k  Iÿ-A * 1 8Ô@%|0,66/F!U!P/]6jc/zw!s/{6‡!€/61¸ÿŞ·9  $4,¸ÿà@, #4j8*7 *0! 710! 7!00Ê770!72¸¤¶Píº¤ ­³Ó+¸5@
€ *¸7²
2¸5´)Óº8 ˜²5s&¸ÿÀ@
90&@&€&&¸R@*  8822))*¸“@ ++11

0 @ € Ğ  ¸@	.soº 8@?O9Ç‹+Nô]Míôqíô]<<<<<<ı<<<<<<<ô]+íôí ?ôı<ô<?<ô<ıäıäı]ä9‡.+‡}Ä10Cy@J!7$%#%"%&7!5O3(5O,.O 0.O 6%8O! 784'2O 32-+O,+/1O 01 <<+<<+<+<<+++++*+*++ +]]5.'7&'&&5476753&&'6654&'ş‡©{
µ5LjotV]ˆ[³j\vºeXˆ,Tj9î½jiyg{ji‰a‘Ó´WÂŒ"‘D`=A0ªlÀwPVVMb«jqıù"%j’U»ú	¶(ˆ]\|%ıœsbw/   wÿÊŸÓ    ' 3@
h¸š@1+¼Ÿ 	e Ÿ@%(¼Ÿ e .Ÿ²%¼š +  1š³"¬5¼š   š@	   u4WZ+ö]íôíöíôí ?íıí<<?<<íıí9999‡.+}Ä10Cy@R3)+ 3 1-&+ /$1 
 *(2!(,'. 0#.    ++++++++++++++++]4632#"&"32654&34632#"&"32654&w–Šµ·†…±9CYZBDYZB"’üáå—Šµ·‡…±:DYZBEYZZÜÅ¿ºÉÆÅt›stšsús	ù÷ÛÅ¿ºÉÇÄt›Œttšs  XÿŞ'Ó  , 6=@Èzrrz.z/†¦/İ –£‰/ƒ6ƒ„!´`a!@j ªÚssuru {Šƒ©®ƒŠ Š
ƒË Æ'ÍÂºÆi6ºie3e/V3\6F3ZMB09&$  ---.

    º
-

-&)4):†#^`p /@Ü¸Z@>r 88)^  1^ j7q˜+ö]íô]íô]äôí]ô]]íä ?äí?í‡.+}Ä<‡Ä<<‡Ä10]]]]]]]]]]]]]]]]]]] ]]]]]]]%#"'&5467&&5463267&6654&#"326ÍYÒzá„k¯®cBÏ–¿şë-»0Re€ymşuE_GIa##Mş¶’f‚Q­­cc˜|™ˆÛSrB„Ã¸Ñ”ş±Xt(À|†[F…Eh?K_^D"K*ı5™W•IYÀe  Z³'º  &@ î  jq§+ö]í ?í991053ˆ.Í0³õõşî  |şQ`Ó  =@
' ¸3³ Ÿ¸3@Ÿ^  ¬Œ+ö]ıöíöí ?<?<10]&47673ß•ÎMZ¼y'=#++şQ¼øîÚıûĞYŠ–»½şş   |şQ`Ó  =@((	
 	¸3³
Ÿ¸3@ Ÿ^¬Œ+ö]ıöíöí ?<?<10]# 4'&'&'3ı++"='z¼ZMÏşQàá¼¹–ŠZÒûıÚîşòş  @cÕÓ  †@J


	 
   ¿ ¥¸•@¥ @4 pŒ+Nô+Môıä ?<ı]<9/<9999910 ]7&'367&''67&@.ŸH‘g….z=ox:OJ8vt2­8)µDc•4,*5ˆUOˆJU.   r í:¶  8@ n	ùn	n

ùn?OWZ+Nô]Mô<í<ä<< /ô<ı<ô10%!5!3!!şqªşqí’¨şq¨şn  ªşŞƒ Í 
 Nµ
 «¸P@&<
< 
< 8:O _ o      ¡˜+ô]ôäí<< ?í<<íıí910353'667¶ÍPW296ÍÍq‹&Ma[  A¸jm  ,@ppMM# p  p+Nä]æ /Mí10 q]5!A)¸µµ   º  ‡ Í  %@< 
<_ o  ¯     ¡˜+ö]]í ?í10353ºÍÍÍ    ÿç9Ó  S¹ ÿŞ²9¸ÿŞ@ 9—Ÿ¯v     
è è¸©µ  ³z+<ôíí ?<?<‡.+]}Ä10]++3©şXìú   UÿçÀ   µ´ ¸ÿğ² ¾ÿà ÿà ÿà ÿà@b‡ˆˆÉ	ELJCT\\Rkkclk`ywvz‡˜–ÉÚÖÖÛs	@!#40	 			s ¸ÿÀ@!#4  @  Ç‹+ö]+íö]q+í ?í?í10]q ] 88888888632#"'&326&#"UkÓ v²tBjÓ¡Ôy‘¹©||©©~|J]Ó=¬_³şÿÚşşşÃ­˜·ş—ïğhjîi†   ß  ûÀ 
 s@ @4k™¬	 	Ê
 ¸ÿÀ@!#40    @4¸ÿÀ@!#40 @º<… +Nä]q++ö]q+<Mı< ??9910] ]+!#56673û´AÓT—â/t{>|®GÊ_   <  À  ç@6;;»¿»ÇÉIYTkdzz‰¼ååğ¿·¾ÿğ ÿà ÿğ 	ÿğ@
Ê¸¤³O¸µ ¸»@
sÓ  @!#4»   8@µ?_oº$ ±‹+ö]ôíö+<ôí ?<ı<?íı]ä99‡.+}Ä910 88888888 ]]r%!&76676654&#"'6632ü7%£šï¨™{‚œ¹øÑÓöH§Â¢\­­A<cÀ~Äåfk“œŠÏÙê­Xª¼¤ˆa1  VÿæÀ + Ó@(E†EWvRljduy†Š‰¥
 ¸ÿà@#¸¤³@  » ) 5´º¤ h@$)s_ o  €s&@!#40& &&&-¸8²Óº8  ÿÀ@!#4  @  ,¸’±‹+ö]+íôíö]q+íô]í ?í?íıä9/íı]ä991088] ]q732654&#"732654&#"'6632 #"&V´•k¯¢}3Ls¸†jiŒ´!ê®xÊkfd‚şèÖÁÿƒ™‡°‚|¡x}c‚„„ µÇg²d_œ.½Àşõæ    º 
  ô@6Xhš©ÉLL” 
 Ê »»   @
   Ê
¸f·
@4
¸7@@"#4€!5¸ÿÀ@4  µ¸Œ±‹+ì]+ö++ô+<æı< ??ô<ö<9999‡.+}Ä10C\X¹ ÿŞ²9¸ÿÔ@39"-9<++++Y] ]C\X@@9€P9@&9"9@-9+++++Y!!533#–ı„“ÆÆ´ş5_¥¶üJ¥ş¡•ık  Uÿç!¦  ê@KyŠ–§ÃÖÛ	*	00ºÿà ÿà@
Ê¸¤@
@ @¸»·Ó@  ¸@#_o€s@!#40  ¼5 • 8²µº8  ÿÀ@!#4  @  ¸’±‹+ö]+íôíôíö]q+íô]< ?íı]ä?í9/]9/]íä‡.+}Ä 9108888q]732654&#"'!!632 #"&U½™l‚´­ŒWŒ(©Ùı·O„‘ÀtôÈı€Š‹Ä¢š²O?ñ¬şv\şöÑÇ‘²à   MÿçÀ  * ²@'kD@DD ZT kddjd tu…†ÖÔ¸ÿà´' # !¸ÿà@(@PÓ_  ¸h@	"¸8@ µ%s@!#40 ,
º8 9@
?_o¸$³+Ç‹+ö]ííö]q+íôí ?í?íı]ä9/]í108888] ]&'&#"6632#" 763232654&#"û³,IkVAUbA¼g´ıwĞ„áşä‰è­İı7ONr¤¢{zªSj0M0>îÜc`ş÷ÒŠí~K|©Á¨Âüİ]ªY¸˜¯¯   a  §  p@Ä	 ¸»@0	s@!#4O_os	ë O__?_o¸’±‹+Nô]q<MôíNöq+<Mí ??<ı<99910q]5! #67aµŒşíK6¹‚ó‰ú­Œ•şşû¸Û­êÇœ   SÿçÀ  # 0 ß@75)II&æé0	0} }|tqruz‹ ŠŒ†„†ÌÆ"¸ÿà² ¸ÿà²  /¸ÿà²- &¸ÿà@)   . ..!(s¿		¸g@+s@ #40 ¸‘¶2s°¸g²$s¸ÿÀ@!#4 @1Ç‹+ö]+íô]íô]q+íô]í ?í?í9]/í99991088888888]rq q&&54632 #" 54632654&#"32654&#"jplæ¿Àêkm‡şöÙÙşö‘b†kh…‰fgˆ:IS¨­‚§)˜j Úß f—),Äˆ¼ÿ ÀÁTh„ƒ_c‡„üÿMO¦€‚ª¨  UÿçÀ  * ¾@4:L@#[W#flmg#z}Œ‹š©¼êæ ö =­:)d'ºÿà #ÿà@!  (O_"ÓP  ¸h´º9 8@@!#40 ,¸8´ µ%s¸ÿÀ@!#4 @+Ç‹+ö]+íôíö]q+íí ?íı]ä?í9/]í108888 ]q]732>54'#"54 32#"&4&#"326p­|aS}P66»m¶üÆí{zñ¢¬ÚË¥tx²©|}¡SznLØpVkØßšşãşòşçş³®¿4›¶ÄœŒ¯¯   ¹  †&   8@  	<<
</ ?    ¡¡˜+ô]qí ??íí9999105353¹ÍÍÍYÍÍü§ÍÍ  ªşŞƒ&   …@/sƒ“£ğ &
7
F
V
e
µ
â

<<«
¸P@#<
  <
8:/? ¡¡˜+ô]q<ôäı<<í ??ııí<<íí9 É10q rq5353'667¶ÍÍÍPW296YÍÍü§ÍÍq‹&Ma[   p â;Ã  Z@€»Z  Z²@ºP P@ «« <   uWZ+ö]<íNö /Míííííí910 ]5pËüş¨š³şÄşÁ³   r¡:   G@'	 %%%%0ŸÏ¿ 	WZ+Näæ /Mí]qí<í<íí999910!5!!5!:ü8Èü8È^¨ı›¨   p â;Ã  Z@€»Z  Z²@ºP P@ «« <  uWZ+æ]Nö<Mí /íííííí910 ]55;ü5üÿËşa³?<³şf   Z  Ó  " „@/Œ‹||bekaZT6D ' ) ¸¯@#!"!<
<"" <!! ^n
^j$^ j#WZ+ö]íöíôí<í<ı ?í<ö<?í9/ä910]]]] ]]&54767>54&#"'663253Ø1$»8¤wsš¹÷Ë× ZƒX6¸Íi$jM:;+¥b:iŸ™ÍÚê¦`¢tNJ`lş—ÍÍ  oşQÕÕ G W ÷@W! !!%53EID!F$FIGVTz)%)&	*&)569C%VY[!V)VIYVee%f)vzr$…„Œ‹!‡&P S¸»@
'0P»H C K»´C:
¸»·: +p++ºM '»¶/H$¸ƒ@P> $ $0pº© ´?8*$+º	 #@	 55XWŒ+Nô]Míıíôíô]íôıäı]í /íí]?í?äíí?]äí99910 ]]%#"&&5463273327654$#"3 $73#"$$'&547 !2#"&'&32>54&#"‰A¡QY¨i£òrW9"³)5Vr…«ş­Íêş}ÕÕ“õbXµ3øşªñŞş‰şøCTdzÁ@ø‹raÌ¶ØEUş‚T8|qH‡a@qj@£K[hØŸ? []›ıaŒ'=P§"®Ûşgêõş©°~iÚrå•½Ûôİ ËÉ­ËşŞáÊ*'L‰˜C„Ëfˆ–AÎ  ÿı  Yº  @c/0gh	`ˆÉÆÀğYVPh°óóó	
		    	¸p@	 é@º @  eRPÏß¸@PÀß¸@Ï€“Ö×+ô]qô]qô]qíííí ?<í?ä<í<í‡.+}Ä‡.+}Ä9999‡ÄÄÄÄ‡ÄÄÄÄ10K°SK°QZX´ºÿğ  ÿø8888Yrq]#3#!!&'3ÑXİ«ı›¡Ùñ™F"3ºúF¼şDZ–¹w‹  –  éº   * @PF#V#f#s	„	iup	sƒƒ'	'*		**))  &T%&,    ]+;\+ö]<ı<NöMíôí ?<ı<?<ı<9/<ı<9/99910] ]3!2#!276654&&#!!27>54&&#!–&¨Ësfg…W€ÁŒş“=8JKF‚şÛm^&CZ:T•Œş­ºY¹e^¦3'¼€g±`1RfMIo)û 8kFRy1   fÿçvÓ  ¸@`cj  2c p t€ „ š«¥¹´ÇĞ äó*(* GVWVhk{‹š™š¨¤¨Õ  ¸ÿŞ²(9¸ÿÀ@'(9 	&J & & c\+Nô]MíNö]Míôí ?í?í910++]]q ]r#"$54$32&&#"326´Â=şÃåíş×›¯CÂÜ,;¿3Â“©ã\mæ†£â1ïûÁnÒåU±àË- ’¢şï‘»şéŠ¼    Zº   „@& C & 		    ];\+ö]<ı<ö]í ?<ı<?<ı<10Cy@6


!!!
! ++++****]3!2#%!2676654&'&#!ù«Z~YtsNz‘Í…ş±9‘¥1EM—lN­şÌºLbşÏÄ§şş©a2­61Eé¦æ÷*   ¢  èº  [@ 
	 ¸ÿÀ@4TJ 
 
	    ];[+Nô]<Mı<Nö]Môä+ ?<ı<?<ı<9/<ı<103!!!!!¢$ü+üÕ„º­ş?¬ş­   ¨  …º 	 K@*  œ  	    ]
;\+Nô]<Mı<Nö]Mä ??<ı<9/]<ı<103!!!!¨İüå°ıPº­ş:­ıf  mÿç¹Ó % Ø@E`'^$$ !% !	&'%$   '`r€''& 

&c[+Nô]MíM]ö]<Mı<9/ ?í?í9/<ı<999910Cy@D#&%&&%&#%! ! ! "%!!!	!! $!!  ++++++<<+++++++++*] ]5%#"$54$32.#"3267LmşĞ ØşŸ´³PÛŸ’&¯!b¶o…Âw!8‡‘~ğ>?¬ıàrs¹^ØÖs´g¸”0p€MQ„OˆŸÄşø€a7   ¤  "º  h¹ ÿÀ@'4	
 
Ğ

 ]€    ¸ÿÀ@4 ]  P`p;Y+]qö+]<ı<]ö<ı< ?<?<9]/<ı<10+33!3#!¤ÂúÂÂıºı¦ZúF³ıM  ¿  º  ”µ ¸ÿÀ³8=4¸ÿÀ³344¸ÿÀ³-04¸ÿÀ³()4¸ÿÀ³#%4¸ÿÀ³4¸ÿÀ³4¸ÿÀ@/4 ¯      ° / @ P ß ğ      ¢ÖY+ö]C\X²€ ]Yqr<ı]++++++++< ??1033¿ÂºúF  7ÿçaº  M@egtuˆˆ	¸@!		&

&]  @P`& K¶Y+öí]qöí<í ?íí?10 ]7326653#"&;¯pcIj(ÂYÁ‚ÁÍ ¨|Cs~òü¸ÊjŞ   –  Rº …@1"79	:'
56
G
W†×v
ÙÙ
(ŒŠªê
5Ö	¸ÿà@	!4 !4¸ÿŞ³9	¸ÿà³!4¸ÿà³!4¸ÿà³!4¸ÿÀ³4¸ÿŞ@=9	%%=	=	
	
 

	 

  
 ¸:@0 °ÀàJ¸:@0 €°¸†@    ];¨+ô]íı]qíô]qí<<<< ?<<<?<<<9/‡.+}Ä‡.+}Ä<<K°SK°QZX¹ ÿØ8Y10+++++++C\X@	"9,9,9"9¸ÿŞ¶9"9¸ÿŞ@9"9@9¸ÿŞµ%9@9+++++++++++Y +++qr] q]++33!!–ÂØı™‚ÿ ıöğºı)×ı®ü˜æêş   –  *º  3@  ¸§@    ];\+ö]<ı<æ] ?<ı<?1033!–ÂÒºúó­  ˜  º u@ v†È	II)%,X[vx‡96OKD@MB
˜™––¨§00RR@	
 	`€º¨ 1² ¸1@
	
 @ºV ² ¸@	  p¸V· `€¸¨³;Y+ô]ô]<ı<ííô]<ı<ííä] ??<<<<<<<<íí‡.+‡}Ä‡.+‡}Ä10 K°SK°QZX½ ÿû ÿÖ ÿÖ888YK°SK°(QZX¹ ÿø±
88YC\X¹ ÿÔ¶!9,!9¸ÿÔ¶79279¸ÿÔµ-9,-9++++++Yrq] q]]3!67!##˜$[05_»şV¯şXºûò‘HP›üúFËû5àû    œ  º 	 ê±¸ÿÀ@54 		 ]  P`p€	  ¸ÿÀ@4   ]
;Y+ö]+<ı<]qô<ı< ?<?<9999‡.+‡}Ä10+C\X´@F9¸ÿÀ¶F9@29¸ÿÀ¶29"9¸ÿŞ¶9"29¸ÿŞ¶29"#9¸ÿŞ@#999¸ÿô¶99¸ÿô¶99¸ÿø±9+++++++++++++ ++++Y333#œÇºÇüşºûúF€û€  cÿçİÔ   @`©¶Æ @OO@XX	WU_Z_VW‹™	& €&   c\+Nô]MíN]ö]Mí ?í?í10]q ]]]q !2#"$7 32 4&#" cˆ6ËF«´ş¶¿Ïşº¨È×Ûyé‘Îş×ÊmÂş¥Üßş µÈZ¾ş÷şÏ4³“şå     ıº   W@5ekKK[[  &      ];\+ö]<ı<Nq]öMí ??<ı<9/<ı<10] ]3!2!!!2654&'&#!)’Ml’YîşÉşˆ{¼]L1„ş‰ºe¶m»şıı¬Œ\ƒ  XÿîÔ  (@’_&Ÿ&7##*-+&;<:&LLI&]U#X&o{zŒŒ• š¤ «Õ Õå åå+ *;]’–&Õ&%*&49&IIEE#K&VXUZZVW W"ifk&{&&ÛÜ&¸ÿÔ²9 ¸ÿÔ@=9((& !(& $$	&J *€**!& )c\+Nô]MíN]öMôí ?í??í9999 3ÉÉ10++] rq]]qr%&'#"$54$32%64&#"  327&'õ‡r9£ÅÇş¼¯°EÉËF«nıæ¨m«yé‘ÙşâÜh\[e]+‡9{[À\ÚÙdºÁş¥Úµşß/]œ9²
“ş×şÙşâşÎ';  ¡  ­º  "L@6Zfm¸ÿâ³4¸ÿğ³"'4¸ÿâ³'4¸ÿâ³'4¸ÿâ³'4¸ÿØ³&4¸ÿâ³4¸ÿâ³4¸ÿâ@s4%JJ S\mr	xy…
ˆ—©¸èç 	!
		 !" &œ] $p$€$$"    ]#;¨+Nô]<Mı<]öäí ?<<<?<ı<9/ı<<9/99‡.+}Ä10]+++++++++ ]C\X@
@9::+++YqC\X¹ ÿŞ@9"9"9@9"9"9"9+++++++Y3!2#.'&##!26654&#!¡ŠÄÌzÊÓM(ULÿôÂUnW-!Ká¡…–N—£ş0ºOÈyœÖ%$Nuşq1„Œ8ıu37yGh†   \ÿçëÓ 0 ş@œccst%'59CILED$F'SY\W(‰(&$$'%64#D%E/Z V#U%ljkfeyzz}u$s%†Š‰Š…$ƒ%’––%$!%$"-í - P`p¸°@%--	&J	& ))2!&&T   1c[+Nô]MäííNö]Míôí ?í?íı]äı]ô9999910 ]q]q7326654&'&$'&&546632&&#"#"$&\·_È}oªSP\;şlQig~ò”£ù†º­©°¡98ÙX€z†ûÇşó™×nWBsDEg#a+7£eoÁdiÌ‹[O33k(;µvuÏsté  0  ºº  O@ 	¸s³ ¸· /¸µ   ¸s³¶™+ö]<ô]<ıä]æ<< ??<ı<10!!5!!şŠş­­úó   ¡ÿç"º  q@
&XXÉ¸ÿÀ@44;FJv¦è ¸»@	&]  P`p€& 

¸ÿÀ@	4
];Y+Nô+]íM]]qöMí ?í?<10]+ ]3#"$53326`ÂdşûÔÎşúpÂG­}Ö¶ºü±İşü£éOü²¿µbÂ   	  Fº 
 õ@H/* (%
/0`‰‰	Àğ P
		   	é 
 	ee¸ÿÀ@(9P€¸@@(9_Ÿ¸@ P0`Àğ¸ˆ³`¨+ô]qä]q+ä]q+íí ?<í?<‡.+}Ä‡.+}ÄK°SK°QZX² 
¸ÿñ²	¸ÿñ²¸ÿî888888YK°(SK°6QZX¹  ÿÀ8Y10]q] ]!3673AıÈÒ}."-ŒÆıÂºû×€pxx)úF    vº Œ@D) &)&9 696I GIGX WXW˜˜
	¸ÿ<³  ¸ÿ<³ ¸ÿ<@Z	     		 	 		 A	Q   Q Q @ Q¶  ¸‹±¨+Nô]MııııNEeDæ ?<<<?<<<<<999999999‡M.+‡}Ä‡.+‡}Ä‡.+‡}Ä‡.+‡}Ä+++‡ÄÄ‡<Ä‡ÄÄ‡ÄÄ‡ÄÄ‡ÄÄK°SK°QZX²
¸ÿö88YK°%SK°*QZX¹  ÿÀ8Y K°SK°QZX³@@88Y10r]!3673673#&'ş{Çß$8
êÒO#-æÃşn»şË'şÉºü?—•ë$Şışìó‹´®úF]Œ eGû£   	  Iº W@)&))8788	8:57
 !4 !4¸ÿà³!4¸ÿà³!4	¸ÿà³!4¸ÿà@È!4 !4 !4ww&)(*&6:::5HT]\ZTgejkieuzyzww†ŠŠ
•¸·ÆÉ×ØÙÖçèèæ,		 	
	
  	  	 
		 / @¸_· 

À

¸¸µ_Ÿ¸¸@
´@PÏ¸_@
  Â!`¨++NôMı]åí]í]ı]NEeDæ] ?<<<?<<<‡M.+‡}Ä‡.+‡}Ä 9999‡<<Ä‡<<Ä‡<<Ä‡ÄÄÄ10] ]++++++++C\X¹ ÿŞ@9"99¸ÿŞ²9¸ÿŞ²9¸ÿè¶9"9	¸ÿÀ²9¸ÿÀ@9@9@9<=	<=¸ÿŞ@.9"9!= !<
!=!<= <
=<+++++++++++++++++++++++++Yq]q33673#&'	7şç
S#1C'Óıı+ğş!1şü¾şˆu?PW…ıMüù-5Pş     Fº 4¶	:;	¸ÿç³4¸ÿç@444	¸ÿØ³!4¸ÿØ@F!4(!4&)*
/hhhŞ			 


	  ¸@	

	 ¸@		R@
€

¸µ@  RO¸µ² ¸¶Â!`¨++ö<ô]íı<ô]íæ ??<<<ô<99‡.+}Ä‡.+}Ä‡ÄÄ‡ÄÄK°SK°QZX´	ºÿô ÿô8888Y10 ]]C\X@		"9"9¸ÿŞ±9+++Y+++++++++!3673;ıËì!PEB^âı·mMşF||s¯ü³ı“   )  °º  æ±¸ÿÀ@:4HGH	
	«	


&!4(
ù

 
(4(4¸ÿØ³4¸ÿØ@4

 
»µ  µ@ 0@J? Q ¶™+NôMô<<Nö]<Môq<äü ?<ı<?<ı<<9++++‡.+]q+‡}ÄÄ‡ÄÄr10q]+C\X@	"!9!9	¸ÿŞµ9"9++++Y3567!5!!)ïPHüÎüÉY¨´«dJ­­üg­  ‹şiº  8@++ ®%   ¬h+ö]<ı<ô<<< ?<ı<?<ı<10!#3‹ÙÙşiQ•ùÙ•    ÿç9Ó  L@$"9 "9˜      v  
è ¸©·è³z+<íôí ?<?<‡.+]}Ä10]++3©şW‘¨ìú  'şi´º  4@++ ®% ¬	›Z+ô<ı<ô<<< ?<ı<?<ı<10!53#5!´şsÙÙşi•'•  6²‹Ó  a¹  ÿÀ@9 @9&)	<¸e@< <8ÜlÜi¼2 !¿ ++öôöôä=9/íí /íí<10qq++#3#ï¹a‘cµ÷²!üßU  ÿáşiŠşë  @?  CA+Näæ /Mí105!©şi‚‚   YªÑÂ  `@84@4 ¸ÿÀ³4¸ÿÀ@4PP@P   ‡  ¸S²†¸`³q¹/ +NôMíôí ?ı]<<10]]++++#3Ñ‘çñª   Jÿè> ( 7@		**)**967:*I*]]*ji*`0Š†)š›©¦ª(¶»(ÄÏ(Òİ(D+,*499,IH,VY+fi+v‡Éùù+74/$42!_)o))/?ŸÿŸ¯ï¸ª@• E'
2)aa %!$¸[@'@ && &0&¯&&19¸ÿÀ@#409À9 99%"/$¿Ï?18ö]qíôí]q+ö]íô<ıåå ?í?ä?íıä9/]qíq999910 ]q] q%#"&546676767654'&#"'>32#&326765<d¹j¯¼GsH5kÚg3Eˆy°nĞ‰ˆªP	"¼bÄo\2mih¢&ƒUF«…NN$%
n-=Yqq‹K@aJ.xğû…=8İ((M/H`[O=w  †ÿèº   Ö@¬$5E?°"3Bp:<<LL]]X]^jlhnnÀÙÚÚâììãàÿ //0?@LPfÚõú 
$Ğ@`€t3 3%À °ğ?OG7+Nô]qr<Mıôäı]qí ?í??í?9910 ]]qr q!#3632 #"'32654&#"-§´r±b¯q@şò½¼k4U‘v¬¥uv¬ºıõOÊsşïşÖ–¿U‹ÍËĞÆÍ  Pÿèí>  Í@G	CCSS``››š¤¤
jijup€¦µ	¶
µ†ã"_o¸ª@I0 @ P ` p    à ğ 	   $"  $+ I$Ï?14Ä+ö]qíö]rKS#KQZX¹ ÿÀ8Yírôír ?í?í9/9/]ä]ä10 ]q]q#" 4632&&#"326<±ï®Úş÷ré‰­Ü¯Zˆª¤„j…·Ï
¬¯¡klÃÓÖÂ‚  Fÿèßº   Ö@«
%4D55WT
RSgde	c`ÀÔÕİååïëåàÿ+<<Kp.$.:5KEFIW
Vgåçúô  
3 %%Ğ@`€t$¿Ïßÿ?O4P+Nô]qMíı]q<íı<ä ?í?<?í?<9910 ]q] q!5#"&&54632332654&#"8eÄÕujÔƒ`–/³ı ¬uv¥¨{x¡†Œû£ŸŠQAúFÌÊÁÆÚÌÄ  Kÿè>   Ş@d U]]	Ueko	e 'Ùúö1:1AMAQ\Ramaxxöö P`p 
 ¸ª@	•@¸ÿÀ@	'*4°¸ÿÀ³%&4¸ÿÀ@#403$@$*4?O47+Nô]+MıäNq++öq+Mí ?íıä?í9/]<ıq<99910] ]qr#"  32 !326!&'&#"^º,î¹éşïÜÕüè
²…cŒıÚQ8V‰|©V£´(şŞşù ¯ºh•†Ch¦     €Ó  ³@	/0@p›œ©(°À¸ÿÀ@(4
+ 
Ÿÿ@% ’ ¸ÿÀ³184 ¸ÿÀ@
4  £¼º ! ö
 ++ö]++<ô<<ííí] ??<<<ı<?í9910Cy@		 ++*+q] r3#535476632&#"3#²ŸŸƒvL\82RDÏÏšŒqk4FW
F`bŒüf  BşQê>  * ğ@`,%LE	,&,#96JFVXhú
õ.#,'>#>'L', ,6!6)?,FF!E)T!T)ic!c)`,€,Ú'è!î#ï'¸±´(¸ª@  0 ` p € À Ğ  ¸}@A
E"
3%3
%Ğ@`€t% "$¿Ïßÿ?O+,t!4P++Nô]qMíôíı]q<ıäö< ?íä?íı]ä?íä?<10]q ]q32676'#"5463253#"&32654&#"f¯2Ct}ˆv°ÛğnÑ¼z¦eÛ ¾ê™¦}|¨­zx¨XQ%2dZ7°‹<İ˜Œ˜€üjøÏx«*ÑÀ¿ÌÃÆÃ  ‡  èº  ±¹ ÿÀ@4%5Eº¸ÿà@$4 
%	@364ÿ	À		N¸ÿÀ@464°ğp °ÿ% ¸ÿÀ@364ğ     Ğ à  NGP+ö]q+<ı<]q+ô]q+í ?<?í?99910Cy@% +++ +]+33632#4&#"‡´~Àv®K´ukP<ºıò’]¤œı_¡‡{S}ı»  ˆ  <º   }@]O		 	°	À	ß	ğ	 		p	€	Ÿ	°	À	ß	à	ÿ	
	 	~ 
% Ÿ °ÀàÀğ  ĞàNGP+ö]qr<ı< ??<?í999910]rq533ˆ´´´ëÏÏû&ûÚ  ÿ¢şQ:º   ™@M%;3† ~ %

?O­!GP++Nô]q<Mı<NEeDæq ?Mí??í99999933‡<10Cy@&
	  +++]53732653#"†´şh"676´3A—IéÑÑù{™I’\û ÄMd   ˆ  øº Ì@VZ	óöUw
 !4¸ÿğ³'4	¸ÿğ´'4¸ÿğ³!4	¸ÿğ@„'47	G%-
X
wu
Úã¦#&%98	?OYYXY	}y™	ÆÒÖäé÷ù

		

	%%


	  
¸²"¸@# ?% % ? O  á!Gf++Nô]q<MííNqö]Míôí ?<<<?<?<9‡.+}Ä‡.+}Ä<<<<10C\X@
	,9	<¸ÿŞ²9¸ÿÔ² 9¸ÿÔ±!9+++++Y] q]q ++C\X¹ ÿÀ²!9¸ÿÀ²9¸ÿŞ²9¸ÿŞ²9¸ÿŞ²9¸ÿŞ±9++++++Y+++C\X@İ9	<	<¸ÿö²9¸ÿì±9+++++]Y ]]q333#ˆ´ªéşj¿Şş¡ºü¼°şvıdzş[  ƒ  7º  Œ¹ ÿÀ³784¸ÿÀ³454¸ÿÀ³014¸ÿÀ³"%4¸ÿÀ@%4ŸßOßğp€ÿ  
% ¸ÿÀ³784 ¸ÿÀ@354Ÿ À ğ     Ğ à  NGP+ö]qr++<ı< ??10]qr+++++33ƒ´ºúF  ‡  &> # Æ¹ 	ÿØ@A4%ää	áå Õö  #	 	##
Ğ%% %%%¸]µ%¸]@ 3#%Ğ     ? O  $%¸x³!GP++Nô]qr<Mıäô]íô]ıNEeDæqr ?<<<??<Míí99910Cy@& +++] ]+336632632#4&&#"#4&#"‡¡2¦jv—~Êª³#\>p”´XdL:&•N_bXº¯¶ı'l_:•¤ı—²xxPš‘ıÙ  ‡  æ>  Ì@¨¸ãçğö¸ÿğ@14y˜Ğàÿ 
$@364ÿÿN¸ÿÀ@464°ğp °À3% ¸ÿÀ@364ğ     Ğ à  Nö]q+<ı<ô<]q+ö]q+í<< ?<??í9910Cy@	


&
 +++*]q +]q33632#4&&#"‡¢uİ`¡P
´*kHs§&—¯EpM2}ıs†nmA’Ìı¼  Dÿè'>   Á@]
GHVYgi4::5EKKE\\	R]]Rmm	dmmdw	[TT
[lee
l
$¸ÿÀ@$%40  1ß¸ÿÀ@#40$ @$%4 ?  147+ö]+íq+]ö]]+í ?í?í10q] qC\X@	SS	bb	]Y7632 #" 32654&#"D¤‰ÅÛ{ë‹ßşí¹²‡†²³…‡²'vşáıÍë‚ÌËÌÑÅËÊ  ‡şi!>   Ï@¥-=K? °  )#22Bp  ::JJY[\\jkimkÀ ÓİİÓääà ÿ #++5:FJZåëş $Ğ

@
`
€

t33%  À °ğ?OG7+Nô]qr<Mıôäı]qí ??í??í9910 ]]qr q36632#"&'32654&#"‡¤:’hˆĞjuß{Z.¦vx«§ts±şi½ŠQQŒÿ˜£şû‹L:ıû¤ÍÄËÕËÊ×  Hşià>   ¾@˜+*;Ky??K 44?DDSScc`€ÔÕæéê)"+95IFZiÙÛãéæü 3 %Ğ@`€t$¿Ïßÿ?Ot!4P++Nô]qMíı]q<ıô< ??í??í9910 ]]q q#" 466325332654&#",*—U½şïoÓ~Åq¢ı!¬xs¦¯vu£şi;N. şƒ¦úC­ÍÍÃÇÔÖÇ   …  Æ>  ƒ@;/#4CSft				  
	(" "% ¸ÿÀ@364ğ     Ğ à  NGÄ+ö]q+<ıä]ôrä ???í999999 É‡}Ä10 ]r]336632&#"…¢>i?[^>BB;^&¡qH:§'G?`rıÔ   ?ÿè±> 0Ù@{"":	J	D$V"e"|		„$¦«,Â	0K,ÖU2
\\	\
\\\jj	j
jjj´&´''&$'$)6$Z
Yd&d(t#t$€$“
œ’(—,•0¤
©£'¤(³&Å&¸ÿŞ@9Z'%
 &.¸ª@?O_¯Ïoß»U   ª@@Ğ ¸ÿÀ³4¸ÿÀ@4.\l.$@4¸[²$*¸ÿÀ·9Ğ**2¸ÿÀ@&'*4`2À2?2€22$  $"ß ? O  147+Nô]qMôíírN]q+öq+Míô+ír ?í?íq9/++]qräı]qrä99910Cy@@'-#,&"  	(-  !# "#)
('	
+  ++<<+<<+++++*+ +]q]rq]732654'&'.54676632&&#"#"&?²‰{|x5%“Æ™OA8*‘S}½Z°si|j/„¿—ViÆ}ÏÙ=kreD=#%2INGy(+H{gR\R7#
$3A|\ZŸW¬   $ÿò*™  €¹ 
ÿÀ³#&4	¸ÿÀ@A#&4€ 
 	+
" "%ÿE	E`p€   °ÀĞºj 6±f+ö]qôäí<ı<äô< ?í?<ı<9933É10]++%#"&&5#5373#32L<bl,„„³µµ+(¡Ÿ>e¢cŒlşŒı“M,   ƒÿèà&  ½¹ ÿÀ@	4 4¸ÿğ@)4+$ 
 3%@364ÿÀN¸ÿÀ@464°ğp °ÿ%	¸ÿÀ@364ğ	 	 	Ğ	à		NGP+ö]q+í]q+ö]q+<ıä ?í??<99910Cy@   ++** ]+++!5#"&&'&53326653?|Õ^£O´nQQ;´œ´HmO5s’ı³1GQSˆ9ûÚ    è& 
^·5 "9
¸ÿŞ@9	44¸ÿê³4¸ÿê³4
¸ÿØ@	!4 (!4
¸ÿè@	"%4 "%4
¸ÿÚ@µ(.4  (.4) (	&
9 5
H G
VVYX	ffii	x wwyx	w
‡‡†‰ˆŠ	 ˜	‘
¬ ¢
½ ·±
É Å
Ú Õ
ì ã
û ô
,
 
 
( &
7
O @
	@4@4
%	
		
 %  

 
	
	 /"@@@	€		¸µ@€¸@	 @"êÒ+öíı]ı]íä]9999 ?<<<?<9‡.+‡}Ä‡.+‡}Ä10 ++q]++++++++++++ ]!3673®şl¾ä%+ì¹şn&ı„goTvˆûÚ     ·& ±@*)
J[¸ÿğ@	!4'4	¸ÿğ@­$4		 	 $ %*+4 5:;DG@MKCGJ[Rkdgyzt¹º¶õû	(( ('('/8 7w†˜—§¨¨¦µ ¶ºÈÖÙ	èèçôú		


¸ÿK³  ¸ÿI@f
 Ã +
%+


 %   

 
ö`p€¸§@
 O
o


¸U@	Oo¸U@`p€¸§µööf+NôMô]]ı]qı]qı]]æ ?<<<?<<<<<999999999‡M.+‡}Ä‡.+‡}Ä‡.+‡}Ä‡.+‡}Ä+++‡Ä<<‡Ä‡ÄK°SX´  ¼ÿà ÿà ÿĞ´ 0 ¸ÿà88888888YK°4SX¹ ÿĞ±088YK°!SK°3QZX¹ ÿà± 88YK°SK°QZX¹ ÿĞ¶   ¸ÿĞ²0¸ÿà² 8ºÿà ÿà8888888888YK°SK°QZX¹ ÿà³
   888Y10C\X¹ ÿÔ¶9 ,9 ¸ÿÔ±9+++Y]qr+++ q]]!367373#'Kş»º©?3©¹Ÿ5=¶¯ş´»©)×&ı›äÊnı˜ËÍfûÚ|µüÏ    ñ& w·"9¸ÿŞ@¶9Z––™šÀÀÀË	@9	5:/WYYX—˜
˜·¸ÈÊÌÚÕ	ÑÛå
			 	

Æ Æ	% 	  	Æ%
		 
OI~"
a	~@
¸·@P€¸C@ ~"O  I|Ä+ö]ôíı]ıíåôíæ] ?<<<?<<<‡.+]‡}Ä‡.+]}Ä 99‡Ä‡ÄÄ‡ÄÄÄ<<<10C\X´9¸ÿŞ@9"9"9¸ÿŞ²!9¸ÿÀ@
9"!9	@9++++++++Y]q +]++]336773#'„ş™á£.,%³×ş‘‹İÚ:şé(şùG0B3ûşıÎJYş]   !şQî& ‡³¸ÿŞ@¤9(V¯
@@ (04 (04	'''665™((HYYYiiiyvyzz…ŠŒŒ‰˜
¨¼»ºê
çõıùÿ
 %

%

 /¿¸?µ@@¸T@?@_¿¸B¶" E
¸T@ @@ 0OPÿ¸B³/¸?´ |f+ıqô]qííôää]qííä]q ?í?<<<‡.+}Ä‡.+}Ä 9‡<<ÄK°SK°QZX» ÿè ÿè88Y10C\X¹ ÿŞ¶79
"79¸ÿèµ9"9++++Y]q++ q]+]'326767673673#";,<H&şmÂİ+"+ã´şlA$0|V4şg©($k(ı™u|vkûÈ¯BYS   (  Ô& ˆ@¸É24¸ÿÎ@	4>!4¸ÿÂ@J!4)(	/99
IFFI	O\TTZ	Plccj	{t{	‹…‰	ùô&)+	9¥×¸ÿÀ·4,9	¸ÿÔ@'9:	


%a+
a +
¸´¸[@, "  @`€ğt 
~¯ O o ÿ  t!|Ä++Nô]q<Míı]q<äô<<ı ?í<å?<ıå99‡.+‡}ÄÄ+10+++q] ++++C\Xµ)&¸ÿÎ@	424¸ÿÂ·!4>!4 ++++qY]C\X¹ ÿŞ²9	¸ÿŞ²9	¸ÿè·9	=	¸ÿğ²9	¸ÿø@
999++++++++Y35#!5!63!(¤sXşOdıÁoyjë’’wı^{	›  9şQ|Ó * {@MG(444%4' )**% % ®%:%&:®*':&®**_   i+ph+ö]<ôäôäıäı<ô<<< ?í?í9/í9910++++q>7>7633#"33#"'.&&'9Ma 	1H8&V8hDW]ncA_8b,@T aMdOŠN5Tf=
K‚şúEkt-.½×Ã%D6ghŠP   ¼şQYÓ  2¹ ~@ ¡Ÿ¯v   ¡¡˜+Nô]<Mı]<î ?Mí103¼şQ‚ø~  /şQrÓ * ¹ ÿî³4)¸ÿî³4&¸ÿè³4¸ÿî@94( ) %!%!  ®:%':%':(®:® P€i,›+ô]<ôäôäıäıäô<<< ?í?í9/í9910++++##5326547667&&54'&&##532rMa 	1H8&V8hD	`Xs^A_8b,@T ad£P‰ş²5Ue=KƒúCo…%7µ×Ã&C5hş˜‰P  W-Vu  U@ +;  ¸ÿà@4  	Ô Ô ¸X@ qŒ+Nô<ö< /Môıäôí+í]í10 ]56323267#"&&#"Wj¬<„zEE#A‹6@ƒR<míO@q-Íx#4N;Ô<6j7 ÿÿÿı  Yá& $   > !@@4dH+º! )d… +++55 ÿÿÿı  Yô& $   Û? @ÿ h+) ++q55 ÿÿ fş[vÓ& &   Ü”   "@ 0 0O0/0000 H+) ++]q5ÿÿ ¢  è,& (   Tj (@ Ğğ/¸ş´H+¹! ) ++]]q5ÿÿ œ  û& 1   ×§Q 7@àÿo¯Oàÿ_¸şz´H+º! )d… ++]]qqq5 ÿÿ cÿçİá& 2   Ç @¯  dH+#¹! ) ++]55ÿÿ ¡ÿç"á& 8   ‰ "@_@4nH+¹! ) +++q55ÿÿ JÿèÂ& D    ñ   @/;?;; H+;¹" ) ++q5 ÿÿ JÿèÂ& D   C ú   @Ÿ9ï99
H+9¹" ) ++]5 ÿÿ JÿèÂ& D   Ö Ş   6@&Ÿ: :0:p:€:: :°:à:ğ::@.24 :=A>¹" ) +++]qr5ÿÿ JÿèÃ& D    Ş    @p<€<ğ<<bH+?¹" ) ++]55ÿÿ Jÿèª& D   × Ş   *@I@4I@4III¸ÿĞ´H+G¹" ) ++]++5ÿÿ Jÿèí& D   Û İ   @AAA h+A¹" ) ++q55ÿÿ Pşoí>& F   Ü Ã  -@/ïÿ0¸ÿ˜¶H+) ++]]qr5 ÿÿ KÿèÂ& H    ó   @à!ğ!!
 H+!¹" ) ++]5 ÿÿ KÿèÂ& H   C İ   &±¸ÿÀ@4p
 H+¹" ) ++]q+5ÿÿ KÿèÂ& H   Ö ß   '@ @;5 @-24 Ÿ   #

A$¹" ) ++r++5 ÿÿ KÿèÃ& H    ß   @¯""
dH+%¹" ) ++]55ÿÿ ½  .Â& Õ   ß  +±¸ÿÀ³4¸ÿÀ@"%4/ZH+¹" ) ++]++5 ÿÿ #  ›Â& Õ   CÊ  (@@4@"%4 ¸ÿ¦´H+¹" ) ++]++5ÿÿÿï  hÂ& Õ   ÖÖ  @
 	A
¹" ) ++5ÿÿ 	  :Ã& Õ   Ì  @ H+¹" ) ++55ÿÿ ‡  æª& Q   × ÿ   $±(¸ÿÀ·"$4O((¸ÿâ´H+&¹" ) ++]+5ÿÿ Dÿè'Â& R    ô   @àğ H+¹" ) ++]5 ÿÿ Dÿè'Â& R   C Ş   &±¸ÿÀ@4p H+¹" ) ++]q+5ÿÿ Dÿè'Â& R   Ö à    @@.24Ÿ  A ¹" ) ++r+5ÿÿ Dÿè'Ã& R    à   @nH+!¹" ) ++55ÿÿ Dÿè'ª& R   × à   0@/+?++ÿ+O++/+?++¸ÿì´H+)¹" ) ++]]]q5ÿÿ ƒÿèàÂ& X    ç   !@@4O<H+¹" ) ++q+5 ÿÿ ƒÿèàÂ& X   C   @
 H'¹" ) ++ ÿÿ ƒÿèàÂ& X   Ö Ü   @#H+¹" ) ++]5 ÿÿ ƒÿèàÃ& X    Ü   @p A ¹" ) ++]55   Iş¦˜  ^@3	

  n 	

	n   n@>pŒ+ô]<ô<<<ıä<<<< ?<ô<<</<ı<<<10!5!3!!Øşq´’şnş¦¼ –şj ûD   €¨«Ó   ;¹ µ 		ƒ¸²¸µƒ¸@	   ¬y+ö]íı]í ?íı]í104632#"&732654&#"€£rt¢£sr£mcFEccEFc¾s¢¢ss£¢tFccFFcc  kşg
º   *d@6]Xhhh!xsu‰)©!æèèø ù!ø#HJI hhh*J	K ik y¦ ¥©)©*æ
Efe!**)   
*! 	'* !#¸^@'
¸ª@& !3#
$,'$?+æº0 …+Nô]MíNöMí ??í???ıä?9/ä999999‡.+‡}Ä 9999999‡<Ä<<‡<<<<10Cy@$&%%&$' &# ++++ q]q] r3267#"''&546632&'&#"èŞ!h—³!÷¨16vpss’uéy$@qnpcj¯° RG@;~ı	€¹Ôşu 7Á²ÿ€ƒ ş}+‘mpi[¿~„¶,   ÿä:Ó 9 î@Jm7v+†+!:I)('$"*9 8$$%&  ''&&.2'_1o11ş@55).
@"4
@4
¸•³/¸¸@
«¸Z¶2^18¸@, 0;¥"^ M8^¿*Ï*ï**r&%'>¯:©+Nô]Mäô<ô]ıô]íô<Nö]Mäôí ?í?íıíô]í++?íqı]ä9/<<<ı<<<9910]q ]!!632327#"'&&'&#"'6654'#53&&547632&&#"Œ;şäS_OASh¬=Jv:\e2*+Í//H£CE`†Äš!š|°µë³•ho“)”,,WÂe)8¥'?2+­5Å=?”pg1Ğu]Ç´xŠeo  QşQÓ 8 J Ô@j00$9f/e:utzy-y>{?{@{AsIsJ„„‹‰-‹>‹?‹@‹AƒHƒIƒJ”)))$)"1HCEB?9%
":/'<HCB?:9/'%
6†'¸@- '<>+^2><)O++L"^>< 8E)OKq§+Nô]MíôíôíNö]Míôíôí ?ä?íıäôí999910] ]732654'&%.5467&&54632&&#"#"&6654'&'&'µzifs$>şê”uJxiG:È¥»Ò»iY\q$8ú7GCI*pPOd¼m¿à3JI45¬‰CQE..¡†F‚ihF3+Kª[gŒL`œDsA€¼²©z`c<4,D˜`-<€KqP./=ŒPXS¿ä&e09??jT6.\8?99_O   mĞhË  ¹ S@	Ì  0  uW§+ö]í /í104632#"&m•hi••ih•Îi””ii••   şiSº  Z@O
OOOºê i@!	# #
rù ³z+Näæ9/]Míô<ı< ?<ı<íí9910q &&5463!###•»Ùñèyªßşi
ß­Áå­ù\¤ù\   ™ÿç£Ó 6M@…--?8F
FEO8\.j$j.p8I&%%(%''%%''%! 	")('&%$#+,-.
	*310/ -,'%&
3426 
/¤*$¸-@ÉŸ5"$ `p€¸=@ 566%   ’7¸6±7+ô]í<<ı]í9/]íôíôí ?<?í?í99999‡.+}Ä.+}Ä<‡Ä10Cy@404!& " 35 1/!  4202 ++++++<<+++]346632#"&'732654'&'&'&54>54&#"™YĞ‚­Æ$\dˆ-@Í ~¾/›2d7Ll [¦'(g m[kˆç·Åp­r3l¡?  AY6Mi‹Æ‡jH]HhF8(>r99<'P°X">_„Üü!   ÿîèÓ   6 @ƒ@6š””šÛÔÔÛ¿,¹-&')-)0+1§¨©¶+Æ+Ö+
e01/d/t//¸ÿĞ³&-4/¸b@.,..,-,+*).012601(3-,+*/))5¸bµ77 !@?¸b@! """” .//6O  o  ï  ”¸b²¸b² ;¸b²&T/ºb .¶@756!6½b  J  b³B¸bµA³z+NôMíNöMíôí<<<<ôíôí ?í?íô]q<<<ô]<ı<9/ı9/999‡.++q}Ä910Cy@J<>%$%=&%&%&&
%&%>#;,! !	! !<%?,!!! !  ++++++++++++++++++++]q ]2#"$54$"32$54$!2#'&'&##32654&&##ö¾jÊÇş™ÄÄş™ÈËj¾ŸşÓª§,££,¦©şÒş€Li+1Gc HU4$EMŸrS(G`•ÓÃş•ÅÃş˜ÇÇhÃÅkÃ}£şÑ¤£şÕ§§+£¤/£ûé,-p?Y„0qŸ€—&ş§ÉD8$9  ÿîèÓ   :3@ ””››¦¨¨¹0ÔÔÛÛÕ3Ö6p ¸«³!‡$/¸«³0..»` + 8b@O$$o$$ï$$”2¸b@ ++ÿ++” ¸b²¸b² /¸b².Ó ¸b³!ˆ5½b 'd  b³<¸bµ;³z+NôMíNöMíôíôíôí ?í?íô]íô]qíı]äıä10Cy@T37%*)&%&%&&
%&%3*5 7%5 ! !	! !4(26&8 !!! ! +++++++++++++++++++++]2#"$54$"32$54$#"&546632&&#"326ö¾jÊÇş™ÄÄş™ÈËj¾ŸşÓª§,££,¦©şÒT{Ã‹°Üd¹w…° wuOs•pZˆÓÃş•ÅÃş˜ÇÇhÃÅkÃ}£şÑ¤£şÕ§§+£¤/£ı$}•äÊ„ÃcmJO¤™™h   á‹÷º   œ@]95JF ¸i²	¸b@

	 ºb ;²¬º; b²	¸²¥¸b@ ¥ 0`Ù¹. +ö]<ôıôö<ıöööí<< ?<<<<ı<ı<999910] ]!5!!!33##éşøšşöeÈÎÇÄ|Ò{Û‹¶yyıJ/ıu‹üÑ¬ıT¶ıJ   ŞªOÂ  e¹ ÿÈ³4¸ÿÀ³4¸ÿÀ@&4€ßo o oOP  ‡¸`²†¸Sµ Ù§+NôMıôı ?ı]<10]]]]+++3Ş…ìÜªşè   =önÃ   H@# <  <Ÿ<_ o      ¸$³p+Nô]Mıöı<<<< ?<í991053353=¼¹¼öÍÍÍÍ  NÿäÂ  Ñ@‚·· 
		?%	

0	Ÿ	Ï		¿%   
èèU	>qŒ+ô<<<ö<<<9/9/íí ?<?</<<<ı<<<ı]q<<<ı<<<‡.+‡}Ä10]#!5!!5!3!!!ïÂˆÃşædzş"'Ä†Ãşœyİ¡şC½¨¨¼şD¨şë¨     º    @"       ¸§@2 
	 	 TJ
 `[+NäöMôä9/<ı< ?<<<ı<?<ı<9/]<ı<æ9/<ı<9‡.+}Ä99<<103!!!!!!!!#Á³ı­ıSüüAıÊÈä‘º­ş=¬ş­§şYSº  SÿÅíğ  & 0F@°) *%" "8:E&I'E(R	\!R&T.iƒ €€ƒ„…»ü ú&&':=0JJIE H'K-[ [YU Y!['R)Z-kiz0‹…%‹'¢	ô - -'( &*(&%'0"/*(&%'0,0¸»²,¸»²	¸@-/& 22º 1@"& 1c\+Nô]MíıíN]öMíôí ?í?ı‡.+}Ä 9999<<<<<<<<10C\X¹ (ÿŞ¶9"9(¸ÿŞµ9"9++++Y]]]q ]q7#"'&''7&&54$32&&#" 32 4â¨c°V(¶ş·¹ŠpVs¨c°bB´EÇ†É^_Ûşâ3<ıMAUcÚ4¼TÆ€`~œáş ´'U¼TÅ•Ó”âa¶GßJ6ş×şÙtZCbÜüÀ?!4Ğ   š„  & 1 Î@B$%%&;(;1L(L1cc&uu&„„&D-' # '  -' 0**80*8*¸¼@#* *3-*2y+NôMíNöMí ?íıíôíôí99 999910Cy@2+/"
	&+- " /- 
 ,*!#.0   +++++++++]67632#"'&'#"&5463232654&#"&&#"32±i;PYi·DLYP;iˆ™e‘‘e™ÍWH.9LgiN1+:öP`,:MP9e,„*:˜©v‡R9+„«™rqšşö‡2!pfjp'”d9RHGU   N  Í   N@.	 nùnù
n
ùn? UqŒ+ö]ä<<ı<ô< ?/<ı<]ôıä<<10!5!3!!!5!İşqªşqü8È“§şq§şmşü¨  M j<  
 v@€
	 %	
½¬ Z  Z²@ºP P@ «« _ 	:<0    qŒ+Nô]<Míô<í /ííííííö<ı<9910 ]5!5!MËüşü8Èú¨š´şÅşÁ³ñ§  M j<  
 Š@€
	 
	%@	¸¬· «« »Z @ P² »Z @ P@	 
:<¸"@ 0  qŒ+Nö]Mí<íô< /ıíıíííöı<<9910 ]55!5!ü5üÿËü8Èúşa³?;´şfüÈ§  ÿı  mº  Ú@7$$++yv‰…t„		

 	èè¸¯·ù¸`@ 

	  
88	< ¸ @# 
</		¸ ² ¸³³z+ö<ô]íı<ô]íô<<<ô<<< ??<<<ô]<ışí<<í99‡}ÄÄ‡ÄÄ‡Ä‡Ä10 ]]!!5!5!5!3673!!!!İşaŸşaUşjÈ"1;ÖşkUşdœşdE‹”ÇıüXB5nûı9”‹ş»    şiú&  ˜@e(((88
9HH
HY[	jj	{{
ŠŠ

3% `€°ÀĞà%àÀĞ  °¸6±P+Nô]]]<Mı<N]]]ö<Mıä ??í??<99999910 ]#5#"'&'#332665ú¡43F]S@0:²²4uLP~4&ûÚ~P)!Jış½ş>õ‘TX‹ôÅ  8ÿçÍÓ  ' l@Owvx†		%&Ddsy%{&Š„Š%‰&Uk:%E/)6è#è	èè
=) è† &i(›h+öíôíöíí ?í?í9910]]]] ]'6632#"&5476%.#"3276ª‡FÄ^L{/-­şÚ‰«™ÅÄ(`A>v}ôã“fDKUu“r<ˆO3OØŒşàş?Ö¶¥â¡Ï¨°_cş,lõ~Sl7L=   zşQjÓ  @ 
  

 	
		
¸¦¶ 	¸¦@-Q º: 
q@	 -	 V¸3±\+ö]<ô<ôí]ô<ô< ?<æı<?<æı<‡.+}Ä‡.+}Ä 9910!!!!5‹Õü$_ıwûlı¥Ó¤üùüÊ¡»   ¡şQóÓ  >@"# ººl	º  ºvy+ôí<íöí<í ?í<<?<<<10!#!#¡R¿ü.ÁÓø~Ôù,      d'  A@+ 
%’%
	’ ö¹– +NôMô<ı<NöMô<ı< ?<?<ı<9910!##!##d¢½şV¼Ÿ'üw‰üw‰   ÿ$0G , ¥@3$% "	,*$)º˜ é²)&¸¢@ $$#
.	®''«)'' v" -.Ì!›z++/NôMôôôıôôôNEeDæ ?<Môıôıí9999910Cy@$'(&')22 (&2 2 ++++*+676632#"'&#"#"&5463232654'É	)_-2K5'#)	%R6P4B3'(:	%´™eAAC(/9$#*gşfÿCı÷şÙhCD5-6@!*N;  /êÎÓ # 1 ‹@ &$*&-!!-º| ¶'?º¸ |@5$$è0ù8"ù !!i3€3À3`3p3@3P33è?'*)i2›Œ+öíô]í]]]]ö]íôíí<æ ?ıô]äıí<<9999910#"&5466767767.#"'6632#&32676$z†q„ ?2#@“HG;ON	‰˜¤DC)”5‹ZD>IlUk{`0H8
F0#A<"Yw=>wğ=†2(,&):N9   -ä½Ó   C³/½|   |@  )iïp€)	i›h+öí]]öí ??ííí10]2#"&546"32654&u‘·¸‘¸·‘QceOPdeÓÈ°¯ÈÄ¯´È…r~uuƒzt     Ãß * ù@%99EJJF%YVif|zt%Š„&;. ¸H@)	+;ù::+';'‰'ù'':*:  )((¸:² ¸:·'(/O¸x@&Jj, (@((¸x@)$&J`) ) ))¬+§+ö]qôíí]ö]<öíä]<í<í ?<<<ı<äå]qäå]q?í10Cy@ #"%&%&!$– 
–# – –++++++++q]%&'&54$3 %!567>54&#"!5ğl9W^Ÿ/ÄP´ƒlW5`lıÁP,Hd3cÉ¿i’¶ ı¿ C?`ÄI°şºşú¨şı]:?¦±(&=¨¾gŠ’x©şñÙşÉH´¨  DÿèÊ> 5 < J ê@`=9=HL)O9Z)^9z(@0"4%LCB%DH[VVS%iged#wt&‡ ====F6. ...2:• :'' F	2    ¸}@	6%3=%.7@ß..?...¸Ä@+5$ 3+0+@+€++¸ä@%"C$ß?OK47+Nô]qMíôíı]Môíä]qíıäí ?<í]íí?<ííí9/]í9/]í10 ]]#"&'#"&5466767654&#"'>326632!3267!&&#"32676Æ2ğ²¿MhÕ{¬¿c±Â–fiƒWx9¯iÄƒ§f;(@¢s¢ÔbıC“Xgı¿H˜z~¡¹Oóm,;jes«E§¶`ff`±V—N~e*MUu‰N2@FIşş}*‚Wvk’ ô"'"/LGarU4  ÿ±dg  ! +J@ÿ" ,%F Td(!"FILLEK&Zfdf"Š€"Ï+,+/";  ºìûö=8&Tºß-é êëX	\^&Š"… ŠŠŠéêú úÊ!Ú Úë"Ê ÊùŸš!ª«!|y!y"«#j!i#zzlfm&u  ;"EJ&-,"9¥ ÄÙæMCIF'z"v#”•"d	mmh"‹""# @1!}!#"(- (, %¸[´¸[@%($Ïßïğ-¸ÿÀ³4-¸ÿÀ@#4- -ğ- - -€-à--$ßï,º3‘ +Nô]qMíN]q++ö]Mí ?íä?íä999999999‡.+}Ä<<<<<<<<10C\X¹  ÿŞ²9!¸ÿŞ¶9""9#¸ÿŞ@
9"%9@9+++ +++Y]]]]qq]]]]]]]]]]]]qqC\X@)"#"é#$ "æ åäãä"ï-]q ]qY]q q]7#"''7&'&5 32&#"32654'&—c`k?©‰ÁŸzi^l;(&ÆRŠ[d…´4ş?Nb‹µç€FŠVFd…şÔqP‡GDDmŠ-*±FÌÊ–eêı¹?ÌÌL9*  şSO&  " ˆ@7Œ|Œk|`k]]KRLK:D')"¸¯@!<^l $$ <"^"ˆ^ v#˜+ô]íôí<í]öí ?ı<ö<?í9/ä910]]]]]]]]#53267#"&5467>7İÍÁ1$»7¤wr›¸÷ÊØÿYƒY6&ÍÍş—"nM:;+¤b:j˜ËÜê¦a tOJ`l   èşlÇ&  	 O±¸¯@#<Ë :8	8:<< Ë
!Ùõ++ö]ı<ıääääæ ?/ıæ10KSX³	<<Y#5#¿Ï 7ß4&ÍÍş“üøş»E  r¨:  /¶ %¸@ % WZ+Näö<Mı< /ıí<<10#!5!:ªüâÈ¨¶¨   Tÿ²dM  ‡@; ? L L ¸f@		x!qz++Näæ9/ ?Mä999‡.+}Ä‡.+}Ä‡.+‡}Ä10 ]]3'%JşÈşÆ"-•Møeı[@—üÉ   .şQ=Ô ! ´@^g		 
 "
	#  	%	+
	  # "¸Ÿ±Ò+Nä]æ] ?Mí?<<<ı<<<?í99999‡.+}Ä 999999999<<<<<10]73267#737676632&#"3##".#e36:±ÉÉs]P‡#g388ÌÌ¿zp^şk›8`Œ…x->F&™7igŒû¼”q   3x2*  -@c$#+$""%+-//  "%!"%&!!5656EFEFVVeevv††
)-
)-$ #¸ ·' p €  ¸³² 	¸ · : ¸ ·+ p€¸³³  ¸ ´ '»> $  >³$##»>  	>´i/+»>  >³»>   >· i.›+ö<íæ<<íæö<æí<<æí ?ıôíö]ıôíôíôıö]íôí10 ]]]]56323267#"&&#"56323267#"&&#"3j¬<ƒ{EE#A‹6@ƒR<lîO@qTj¬<ƒ{EE#A‹6@ƒR<lîO@qâÍx"5N;Ô<6k7şEÍx"5N;Ô<6j7     Êk   r@A L  º L 
  êøyñ!©h++Näq]æ]9/ ?<Mı<?999‡.+}Ä‡.+}Ä10!!	ÊûPtPşqşHkúçÇü9  † HßØ   „@			
¸Ë@ùù
u¸ÿÀ³4¸ÿÀ@4®	@4	@4	Ÿ è:ùu ¸ÿÀ³4 ¸ÿÀ@4 ®  ¬¯y+ö]ı++öıôíö++ı++öı<ı /<ı<10]#3#3T’şÁ?”~˜şÇ9˜ş8ÈÈş8ş8ÈÈ   Œ HåØ   €@		¸Ë@
ùù
u@4@4®	¸ÿÀ³4	¸ÿÀ@#4	Ÿ ù:èu @4 @4 ®¬¹† +ö]ı++öıôíö++ı++öı<í /<ö<10]3#3#şû”?şÁ“şø—:şÆ—Èş8ş8ÈÈş8ş8   ï   Í    <@
<

<	¸²<¸·< ËÙõ+öıöıöı ?<<<í210353!53!53ïÍŞÍİÎÍÍÍÍÍÍÿÿÿı  Y,& $   Cgj !±¸ÿÀ@4 H+º! )d… +++5 ÿÿÿı  Yû& $   ×VQ ,@ ÿ  @4 @4 RH+º! )d… ++++qr5ÿÿ cÿçİû& 2   ×ËQ "@/-?-_--¸ÿâ´H++¹! ) ++]]5  ÿç¿Ó  $ ğ@  $ $l n$ec00  yç·Æ€kpus~| 	"-0P `%&TJ0 @ P `   p  &&& 		%¸3±™+Nô]MíN]ö]]]Môä9]]/<ı<ä ?í?<ı<?<ı<?í9/<ı<9910 ]]]]]]]q]]]]]]]%!5! '& ! 5!!!!"32¿ü¢‡ş÷şÓ›ˆ4ˆ?ıvWı©ıºeÀbç ¡åç­­ÔíèÍCB²ßÆ­ş@¬ş‰‚ş÷ÛşÑşâI2   RÿèC>   . 5 ë@m&WDD#K&K*D-K2D4WWS#_&_*S-gh`$l&l*c-\2T4R[23#;&:*3->224 ( %53/ +
3
% ¸}@/@(@@3ß?¸Äµ0@Ğ¸ÿÀ³4¸@!$ß?O647+Nô]qMíı+qíä]qôíıı ?<í]íí?<íí9/]í99999910]]]] ]%#" 46326632 !3267#"&32654&#"!&&#"ÒLÆzáşíuï’ŠÍ3@É|Üüğ³†c ´+ë³†ÔüûG\“¸µ„W’M-KŸvx§¯cd ©„sX]nşÒşÓ¦Áoo¥³iÄºa~ÔÇÆÍbÀ—œ¤  ÿüÊo[  @5    ³z+Nä]æ /Mí105!sÊ‘‘    Ê [  @5    ³z+<]< /í105! Ê‘‘  SóZÓ   Ø@\Ÿ¯ïïßßÏÏ¿¿¯¯ŸŸ~~ûûllZZ ùù< <¸P@/o8<<@4u8< <q§+Nô]<Mı<ıäö+<ı<ıä ?]<ı<íí<<íí99 ÉÉ10 rqqqqqqqqqqq]#54767!#54767Á *[,74”Á *[,74ÄÑ¥†<P)F[WÑ¥†<P)F[W  GéNÉ   Û@NŸ¯ğğààĞĞÀÀ°°¢¢’’‚‚ppeeSS «¸P@ù<«¸P@0ù <<8'>@4u< 8'  jq§+ö]<ôäı<ö+<äôäı< ?í<íıí?í<íıí99 ÉÉ10qqqqqqqqqq rq]53'667353'667WÁ+[,65ØÁ+[,65øÑ¥†;Q)G_SÑ¥†;Q)G_S   €óQÓ  ~@6{ŒıŞï½Ï›®Zl ù <8o¸P@  8' < y+Nô]<Mıôä< ?í]ä ı<<í9 É10qqqqq rq#54767AÁ *[,74ÄÑ¥†<P)F[W  lé=É  t@&Óã±Ãò“¡s‚Ue «¸P@ù < < 8'   y+Nô]<Môäı< ?ı<<íıí9 É10 rqqqqqq53'667|Á+[,65øÑ¥†;Q)G_S   N?g    lµ< 		¸©@	@ù ¸©@3 <°0ÀàPpn< nn<		n@P qqŒ+Nô]Mä<ıäôıä /]]qqıöqıqöqí1053!5!53ËÍ~ü8ÈıµÍšÍÍşå¨şÍÍ   /  Ç  	 —@]		…   	…		…	… 		  ii
y+ææ] ?<?<99‡.+}Ä‡.+}Ä‡.+}Ä‡.+}Ä10	#	%¢ş^oşy‡9ş¬Tgı7ı;ÅÉaı˜ı™gÿÿ !şQîÃ& \    ¶   )²¸ÿÀ@+04ğbH+"¹" ) ++q+55 ÿÿ   Fá& <   P @ H+º! )d… ++55  ş9ÿÇ#Ó  9@  ? ¸}@
 Î¹¬ +Näæ ?<Mí9‡.+}Ä103ş9Mû³9ùô  ÿäÿçSÓ / ¾³f¸ÿà³4¸ÿà³	4¸ÿà³	4-¸ÿÌ@4-+.. & 4&¸S´%%¸S²¸S@. +		 $'&"-..1%&"/íÔ<Ö<39/39/39999 ?í?í9/<ı<ö]<ı<9/9+ 9/9+10+++]"!!!!327# &'#73&547#73%632&¨rD78
ªıa„ı­* s†»i}—ş<Ÿ ™iƒt>¡Âº(z-Q0X[R†M†å`EbÎ:xLl†*1†FXQºe  \ H,Ø  L¹  ÿî²9 ¸ÿî@
9  § ¸Ë@ùu Õu < 0j¸K±Z+ö]ıöíöí /í10]++#3#	•şÅ;•ş9ÇÉ  \ H!Ø  4µ¸Ë@ùùuu <?Ÿjq²+ö]ıæöíí /í10]3#eş÷•0şĞ•Æş@ş0    uÓ    °@V
~ +
@Ÿ¿ÿ
°

(»@  ’|P+Nô<Mô<<<ı<<ô<ä]Nöq<<<Mı<<< ?<?<<<<ı<?í?í9910Cy@ ++3#5354632&#"3#533·  ˆ“cT5,]DÎÎV´´´›‹g¨˜	JxE‹üeëÏÏû&ûÚ    sÓ   ±@V
 + 
@Ÿ¿ÿ
°

(»@  ’|P+Nô<Mô<<<ı<<<ô<ä]Nöq<Mı< ?<<<?í?<<<ı<<<?<9910Cy@ ++3#5354632&#"3#!3·  ˆ“cT5,]DÎÎT´›‹g¨˜	JxE‹üeºúF   Iş¦"¦  ˜@Q ˆ
	  ˆ n
  	 n@>pŒ+ô]<<<ô<<<<<ı<<<<<ô<<< /<ô<<<<ı<<<?<ô<<<ı<<<10!5!!5!3!!!!Ûşn’şn’´“şm“şmş¦r¡Õ¡wş‰¡ı+¡ş   ¹k†8  @< <    ¡˜+ô]ı /í1053¹ÍkÍÍ  lşñ= Ñ  n@(ó‘ r„Ò´ÃTd «ù¸P@<  8'   y+Nô]<Môäí ?í<<ííí9 É10qqq rqqq353'667|Á+[,65Ñ¥†;Q)G_S   GşñN Ñ   Ö@NŸ¯  ââĞĞÀÀ°°  ‘‘‚‚ssğğddTT «¸P@ù<¸P@,ù< <8'@4u< 8'  q§+Nô]<Môäı<ö+<ôäı< ?ı<íı<?ı<íıí99 ÉÉ10 qqqqqqqqqqq r]353'667353'667WÁ+[,65ØÁ+[,65Ñ¥†;Q)G_SÑ¥†;Q)G_S  %ÿÊÛÓ    * 9 E T~@˜—³¸š@   2+ ¼Ÿ  Ÿ@:  (Q¸Ÿ²==6½Ÿ " ( IŸ²CC.¸Ÿ´(ViM¼š @¶ Fš²:j2¼š %¶ +š²l¼š 
¶ š³iUV¸í³!›h++öíıíöíıíöíıíæ ?í<íıí<í<<?ô<íıí9999‡.+‡}Ä10Cy@ŒTS%O&K%8%4&0%%&%R<F P>MHDF JBM7!+ 5#2-)+ /'2  T;QN?QGEI LAI 9 63$6,*. 1&. 	   +++++++++++++++++++++++++++++++++]34632#"&7327654'&#"4632#"&7327654'&#"4632#"&7327654'&#"@Yƒı¨şa€ Œ’€ ”OA; +,"<>!-B€€¡Œ’€ ”OA; +-";>!-€ ‹“€ ”OA; +,"<>!-6	ù÷Çµ¶ÂÄÇºÅ˜j-<›˜?/.?ürÇµ¶ÂÄÆ¹Å—k-=š™>/.>”Çµ¶ÂÄÆ¹Å—k-=š™>/.>ÿÿÿı  Y,& $   Ö@j !µ@4¸ÿÎ·Aº! )d… +++5 ÿÿ ¢  è,& (   Ökj *@@ 4 ¯/_¸ıÿ´H+¹! ) ++]q+5ÿÿÿı  Y,& $   ?j !±¸ÿÀ@4 H+º! )d… +++5 ÿÿ ¢  èá& (   l <·@4¸ÿÀ@ 4@4 ï °¸µH+¹! ) ++]q+++55ÿÿ ¢  è,& (   Cj (@Ÿ¯o@¸ıû´H+¹! ) ++]qq5ÿÿ   ş,& ,   ÿ¯j +±¸ÿÀ³4¸ÿÀ@"%4/ZH+¹! ) ++]++5 ÿÿÿà  Y,& ,   ÖÿÇj !@@344@4aH+
¹! ) ++++5 ÿÿ   5á& ,   ÿÇ @ H+¹! ) ++55ÿÿ 6  ®,& ,   Cÿİj (@@4@"%4 ¸ÿ¦´H+¹! ) ++]++5ÿÿ cÿçİ,& 2   Çj $±¸ÿÀ@4pß H+¹! ) ++q+5ÿÿ cÿçİ,& 2   ÖÆj @
 !A"¹! ) ++5ÿÿ cÿçİ,& 2   CÃj $±¸ÿÀ@4Pï H+¹! ) ++]+5ÿÿ ¡ÿç",& 8   ˆj +@@4O/ H+¹! ) ++]qq+5 ÿÿ ¡ÿç",& 8   Öˆj @
H'¹! ) ++ ÿÿ ¡ÿç",& 8   C…j #@@4Ÿ H+¹! ) ++]q+5   Æ  z&  &@ 
£%     £êÒ+ö]<ı<æ ??<1033Æ´&ûÚ  ª’Â  I@ ‡ d <=¸ÿÀ@	4d d<©h+NôMıöıı+öí ?<íı]<<<10#3#XqÎØÀáÌTªşè   Ã¤ª  —@‡@ :?¸¸²?¸´@ vMv à!³z++öıöäôıNEeDæ ?Mæìüıä910Cy@,	%&2 2 	222
2  +++++<<+++]&763232673#"'&#":9Y>k;# "‚mT?gC"Ãh>>6#4rr8$/   Ë_  #¹ ÿÀ@45  ©h+Näæ /Mí+105!pË””  .µ}¸  K³U¸Ÿ@  »Ÿ   Ÿ@@½ì ›A+]NôMııíí ?<</]í10]3#"&'3326{™€™{SFQS¸}†…~DCA   åªÄŠ  @ << ËÙõ+öí /ı<<1053åßªàà  ¢
í   5´	„M¸´@ M„„MM„ ly+öıôôí ?ıôöôí104632#"&732654&#"¢kIJjjIKjL?++?>,+?:IjkLMjkO/@@--@?  kş[   A´	:	¸µµœO  ¸Z@
:¥vMœ¸>³Wy+öıôíôä ?<ıqöíô<1073#"'7327654&&Ø4†!UV‘R>@^&>š±k
U4Ksu  :ªûÂ   A@!  ‡ <rÜ <r p¹ +NôMôíô]ôı ?<<<Mı]<<<10333:yêÓËçÏªşèşè   ·şVm   U@	Ù 4¸ÿÀ³4¸Ÿ@ 
 	0		U¸ÿÀ@4¬¬ 8Ÿ¡¹† +öôíí+ö]< ??í+10 +]73327#"&54à|'R>M[4z-cxYKDT.w"xeV  (ª¡Â  H@‡ d<=¸ÿÀ@	4d d<›z+NôMıöıı+öí /<íı]<<<1073#3gnÌáÀØÎªşè     +º  z@ 
	
»  ²
¸@!
 Tİ

e] ¸²³;\+ı]æ<í<<ô<ä] ?9/9/?<ı<íí10573!!‘‘‘ÂLş´Øüf5{§|İıÈ§şçıÒ­     ¿º  v@Np€ÀĞÿ 
	
ÉÉ


 E

@ßN  ĞNGP+ı]æ]<í<<ô< ?9/9/?<íí10]5737#…‚‚³‡‡³>nnŞıºssı) ÿÿ \ÿçë&& 6   ß(d @ğ11H+4¹! ) ++]5 ÿÿ ?ÿè±Â& V   ß ”   @p11H+5¹" ) ++q5 ÿÿ )  °&& =   ßd @
 A¹! ) ++5ÿÿ (  ÔÂ& ]   ß ¸   @
 Aº" )d… ++5   ¼şQYÓ   O½ ® e ~@# 	¡  Ÿ¯v ¡	Õ!¡˜++Nô]<<Mı]<<<<î ?Mııæ10##YÓüêû•üé ÿı  Zº  % •@-C#0$  ! $$&'& '! 9 ]&`[+öä<ı<Nö]Mí9/ ?<ı<?<ı<9/<ı<10Cy@6
	!! !! ++++****3#53!2#%!2676654.#!!!¡¡úªZ~YtsÆGş±9’¤0ENM|˜şÌ”şl›„›LbşÏÄàş½’­60Eè§¬Î|0ş„  Iÿç!º  (@‚7:V]  *$] 2   #   #   0  &$*#$)47+Nô]MíNöMí ?í??<<ö]í999 999<<<‡<‡}Ä<<10Cy@$!(	%!# %# '
" $& (	&  +++++++] ]37  #"'&5 32&&''7&4&#"3264ÙH5Ö-¬@şê×ÿ]Â:XB$64şí,ïaÄµ„‚ª¯ƒ€³º60ffSşşxışÛÂİ#IQ;gmZü¢ÀËËÑÂÄÏ ÿÿ   F,& <   Mj @
H'º! )d… ++ÿÿ !şQîÂ& \    Æ   @ à"H+¹" ) ++]q5     ıº   H@*Ú Ú &
 

.    ];\+ö]<ı<ö]í ??ô<ı<ôí991033!2!!!2654&'&#!Âg’Nl’XîşÉşˆ{¼\L1…ş‰ºşÖe¶mºşışÖ×Œ~[„  ‡şi!º    @>H WXfhë 7)   $"% ? O  !G7+ö]<ı<<<NöMí ??í?í?99910Cy@	%&
  ++++++] ]367632#"'&'32654&#"‡´I7H\ˆĞjußzSG6H¦vx«§ts±şiQıüM"Œÿ˜¤şü‹!Kıû¤ÍÄËÕËÊ×  r:'  @%  WZ+Näö /Mí10!5!:ü8È¨   ¡ 	ˆ  ÿ¶'$|KSX@
	  	»w  w³	»w  w@ ”*”0  ? P  
A
’ 	 ’  ’   ’@	””°ÀŸ ü¹ +ö]]]<üü<ìììì< /]q<ü]ü<ìì<ììKSX²*¾ÿÖ ÿà ÿà ÿà@ 	
8888 88YKQX@	
	 8YY10 ]]7¡;şÆz:9xşÈ:zşÆşÅ™;:zşÆ9yşÇşÆz:şÅ  kİÜÌ 	 P@"9"9 	 ¸³è¸£@	5 Ëu
W¹/ +ö<ö<ı< ?<ôíı<9910 ++56673Kfz>˜/lİ*Q {j=ı  İˆÌ  m@uååü
ºa ¶'?º¸ 
a@:)¿ )' ©h+NôMôíıíô< ?ıô]äıı99910q] q676$7654&#"'6632!)? %FDBA—†—;- S#‚İ99VÑ)+0>/CoivUTK8s=$y   !Ë†Ì + v@##M'0  ¼¸ a )@'_o?º¸ a@ ) ')&ß )') ,©h+NôMíôíıíôıô ?ıô]räııô]ä9/ü99910732654&#"#7654&#"'6632#"&!’ +;GVHWQK<;8?)}xƒGCYT’Œ”¡<N72<n<+%4,:jTkP7VeD]Šo  kÿÇˆÓ   * ß@//,3!?&D!T!¬(¼(ì(¸š@!   () ,+è¸£²¸@	:M¿a  (b  )b@**'  	'ºc @)":**)i,)Ë¸D³+Wh+öö<ı<<ö<ôíıíä ?<ô<ííııô?<ô<ı<ôı999999‡.+}Ä10] ]356673676$7654&#"'6632!äMû³6fz>˜/l=*> %EEBA—…—;-ŸT#‚9ùô*Q {j=ıı89WĞ)+0=/BpivUTK8t=#y  kÿÇÓ    @   )+::V f †	fv  ¸š@ è¸£²¸@:d¸°²¸@- '5ù_î5M ¬5Ë »¡ h …+Nô]Mö<<ı<ö]ä<íı]<íí ?ô<<ı<ôı<<<<<<?ä<<ı<ôı9999999‡.+}Ä10]] ]3566735!533#üNœû³Nfz>˜/lºş•zhhæ9ùô*Q {j=ııš{Úşlšşù  !ÿÇÓ  - 8 ;3µ/=¸š@'    =<%23:%	1:20M	¸ª@ 0‘	¸ª@/?_o_o‘½a  	a +@35449677/;9d0/¸±².32¸@	88. .¸0@;ù110î8:536‘3.)8N=)"")0((¸(@)")<|f+NôMíôíı]íôíöí<äíı<íô ?ö<<ı<ô<ı<<<<<?<ôıíıôrqq]äô]ä9/ü99999999‡.+}Ä10]3732654&##7654&#"'6632#"&5!533#üMû³şˆ’ +;GVHT2QK<;8?)}xƒGCYT’Œ”_ş‚”{hh‘å9ùôÚ<N72<n<+%4,:jTkP7VeD]Šoü§š{Úşlšşù      º  e·	¸1@. † ¥

	Mj  vŸ¡§+öô<<<<ı<<<<<ö<ô<ô< ??<ôíıíşí<í107#53!!!!!!#¨¨¨eı]8ıÈ;şÅÂö•/­ş:­şñ•ö ÿÿ mÿç¹& *   Ù_ @p* ** h+*¹! ) ++]5 ÿÿ BşQê¸& J   Ù ä   @À//,h+/¹" ) ++q5 ÿÿ ±  ô& ,   ÚÿÌj @
	H'¹! ) ++ ÿÿ \şeëÓ& 6   ÜS 
  @3À3ğ333-H+2) ++]]q5ÿÿ ?şo±>& V   Ü Ÿ  *@3à3ğ3°33¸ÿÀ@43.<H+2
) +++]]r5ÿÿ fÿçv,& &   ¹j .¶!@4!¸ÿÀ@4p!ß!/!! H+!¹! ) ++]q++5ÿÿ PÿèíÂ& F    Ê   @   H+¹" ) ++]q5 ÿÿ fÿçv&& &   ß°d @
 # A"¹! ) ++5ÿÿ PÿèíÂ& F   ß Ê   @
  A¹" ) ++5  Fÿèpº  % ÷@vSP$'?')&*966:%JEFI%ZZWV# @+4 Ô	@+4	Ô_o/?_Ÿ‘_o/?_Ÿ‘ 

#¸k@8% 3 %
` °Ğ’	
@
€

t$?O`&4P+Nô]Míı]<<<ô]qr<ı<<<äı<ı< ?í?í?<?<ô]q<ô]q<ı+<ı+<9910 ]r]!5!533##5#"&&5463232654&#",ş¦Z³‘‘§eÄÕujÔƒ`–/ıÓ¬uv¥¨{x¡Ã„ss„û=†Œû£ŸŠQAşfÌÊÁÆÚÌÄ ÿáŠŸ  %@00  º‰ +Näæ /Mí<í105!© ñ}¾J  !@ << ¸O±A+NôMı /ı<<1053ñÍ}ÍÍÿÿÿı  Y& $   ÙR_ @
	h'¹! ) ++ ÿÿ Jÿè¸& D   Ù õ   @Ï<<h+<¹" ) ++]5 ÿÿÿış`º& $   ŞŸ 
 @ H')¸d… ++ÿÿ Jşoô>& D   Ş‡  @8' H'8
) ++ÿÿ   Z&& '   ß ñd ²¸ÿö´H+!¹! ) ++5   Gÿèîº 
  ( ¼@06'SS'bb'56-!:ICEI(Zj-#
 & ¸C@C @@  &H
 H
‘  @1#3%@`€t$?O)4¹– +Nô]Míı]ı<<<ä<şı<<Mä ?í?<?í?<?<ííí99910 ]]]]53'6675#"&&54632332654&#"6¸HN-31ş¨eÄÕujÔƒ`–/³ı ¬uv¥¨{x¡¹¹e}"DWRúÿ†Œû£ŸŠQAúFÌÊÁÆÚÌÄ  ÿı  Zº  % •@-C#0$  ! $$&'& '! 9 ]&`[+öä<ı<Nö]Mí9/ ?<ı<?<ı<9/<ı<10Cy@6
	!! !! ++++****3#53!2#%!2676654.#!!!¡¡úªZ~YtsÆGş±9’¤0ENM|˜şÌ”şl›„›LbşÏÄàş½’­60Eè§¬Î|0ş„ÿÿ ¢şVèº& (   Şx   @ H') ++ÿÿ KşV>& H   Ş=   '@Ïß`€P¸ÿº¶H+
) ++]]]5 ÿÿ ¢  è&& (   ß3d *@@ 4 ¯/_¸ıÿ´H+¹! ) ++]q+5ÿÿ KÿèÂ& H   ß à   @

 H'!¹" ) ++ ÿÿ –  *,& /    Rj @
	pH'	¹! ) ++ ÿÿ B  ³& O   ÿd[ +±¸ÿÀ³4¸ÿÀ@"%4/ZH+¹! ) ++]++5   –  *º 
  h³
 ¸Q@/e e
Q  e  ;\+Nô]<Mı<Næ ?<Mı<?<9/ı<<ä <<ííí91053'6673!ÈÍPW297ıhÂÒíÍÍq‹&Ma[ûºúó­   ˆ  Tº 
  z@	/
 ·¸C@@ @  ¸[@,3 @Ip€ŸßO 
%  NGf+ö]<ı< ?<?<q]]ö]ıôä<< ?<ííıí910]53'6673œ¸HN-31ş‘´¹¹e}"DWRúÿºúFÿÿ –  *º& /   ä   )±¸ÿÀ´4¸ş§@
H+@4¸Ğ±H+ ++5++5 ÿÿ ƒ  ¤º & O  æ  @¿•H+¸}±H+ +5+]5 ÿÿ œ  ,& 1   \j -@o ¿àğ¸ş•´H+º! )d… ++]qq5 ÿÿ ‡  æÂ& Q    â   $´?¸ÿÀ´4¸ÿÚ´H+¹" ) +++q5ÿÿ œ  ,& 1   ßwj @
 Aº! )d… ++5 ÿÿ ‡  æÂ& Q   ß â   @
 A¹" ) ++5ÿÿ cÿçİ,& 2   İŸj "@    ğ  VH+#¹! ) ++]q55ÿÿ Dÿè'Â& R   İ á   @+H+!¹" ) ++]55ÿÿ ¡  ­,& 5   j $@&@4&@4&¸ÿx´H+&¹! ) ++++5ÿÿ …  ÆÂ& U     $@¯ß@4¸ÿ{´H+¹" ) +++]5ÿÿ ¡  ­&& 5   ß"d (@?#ï#ÿ#_###¸ÿk´H+&¹! ) ++]]q5ÿÿ <  ÆÂ& U   ß  ·?O¸ÿ–´H+¹" ) ++]5 ÿÿ \ÿçë,& 6   j !@44O4_44 H+4¹! ) ++]]5 ÿÿ ?ÿè±Â& V    ¬   %@Ï4ß4/4_4O44 H+4¹" ) ++]]]5   0ı½ºº   ³º1 I@	e
e		 

¸¹@Q	e
- ¸sµ ¸· /¸·    ¸s³¶™+ö]<íô]<ıô]<æ ?<?<ı<ôı<ä ö]<ı<íıí910!!5!!53'6767şŠşÊÍ§2<­­úóşºÍÍ´IL3!B  $ıì*™  ! ¯@!!/#1! 
! 	¸I@@@ ¸¶@6!‘@	+
#I" "Ÿ%ÿE	E  º0 "6±Ä+ô]ôäí<ı<]ääæ< ?í?<ı<9/ı<<ä ö]<ííí999 33É10]%#"&&5#5373#3253'67L<bl,„„³µµ+(Ì¹IN,_¡Ÿ>e¢cŒlşŒı“M,ş5¸¸F{"E*t ÿÿ 0  º&& 7   ßd $@@%'4@4¸ÿ­´H+¹! ) ++++5  #ÿòıº 
 " ª@*ol```ppr€€ 
 !¸-@$· @ 3
‘ @@$+!"¸0@%E #¸6±f+Nô]Mä<ı<ôä< ?í?<ı<NöMíıää ?<ííä9999 33É10] ]53'667#"&&5#5373#32E¸HN-31‘L<bl,„„³µµ+(¹¹e}"DWRû Ÿ>e¢cŒlşŒı“M,ÿÿ ¡ÿç"‚& 8   ÛŠ• @ h'¹! ) ++ ÿÿ ƒÿèàí& X   Û Ü   @ A"¹" ) ++55 ÿÿ ¡ÿç",& 8   İ—j  @À`UH+¹! ) ++]]55ÿÿ ƒÿèàÂ& X   İ ´   !²¸ÿÀ@4dH+ ¹" ) +++54 ÿÿ )  °,& =    ûj (@Ïß¯@4¸ÿY´H+¹! ) +++]]5ÿÿ (  ÔÂ& ]    ©   µO¸şi´H+º" )d… ++]5ÿÿ )  °ô& =   Ú0j µÏ¸ÿ´H+¹! ) ++]5 ÿÿ (  ÔŠ& ]   Ú ©   '@/ïÿ¸ÿ¡´H+º" )d… ++]q5   ¤  8º  6@    ;¹ +Nô<Mı<Næ] ??<Mı<10!!#¤”ı.Âº­úó   `ÿçÚÔ    İ@~lm
ljccccjcdk˜–mbcjo
 :O_ï			ee& €€&   c\+ö]íö]]íææ ?í?í9/q]í10Cy@,%!
! !! ! ! !!+++++++++]]] ]] !   !"$7 32  #" 5!`Š45‡şvşÍİş³“ÈäàşèÛ×şàÓDÊnœş]şªş¬ş`İ[¨ûşÁ;9şÚş€¬¬  UÿËæ    @` "::5554<:DDI`"p"„ŠŸ" "¿"ğ" "8)&&(8hieeivyyvˆˆ……ˆ9 ¸:@W
p€¢ 
		
	@	P	`	p	€		  


& ` `pŸ ¿ğ" ""@""0"@"°"À""¸ÿÀ@4& !c\+ö]í+]qö]qí9/q<ıqr<<< ??ô]<íôı<<<10 q]q]3  #5$ 54$736654&#ĞÂ4GşşçÂşßş¦–ÓÎãø¹ÂÍèŞ×æµş¾ïşôşÊ
ÖÖ?ù£˜
¨ÖÈÊÒÚÂ¸é   HÿèS>    ®@P	"7GVVv	u†	
IFFI[TT[h	hgy	÷%*5:o` 
¸š²
¸š@' k@ğB€ ­­7"@?O4!ö]íöí<íıq]í33 ?í?í??9]10 qr]q]3#&'!"326%"32654&›¸F;F;³+SşøÈôõÊ}Dş¸–|¦›&ÜşÉş~‘d^Ú,!eg#ĞÄ¿Ú×ÊÄÈ  Hÿè,º  @;X
ZUh
hxEJJUZ	'(78EÆ3993[‡™¨¸ÖÚÜÖçç÷÷ko
c`coo`~	__
PPP_ZP+kj ¸šµ¸š²¸š@'  {‹ 0@[k@   @¸ÿÀ@$%40  1!@?1 ö]íö]]+í3/3/]99]r9] ?í?í3?3í910q]]]r ]]]q!! #"5 7&'32654&#"®!ıĞdÕ¾–şéàõø¶]ùR³‹z»²‡•¥º’f“„âÁşışã@Ü AßüÊªÜ¼Ë¼Îè  bÿèc> $ Ï@7&_&}}‰‹ƒ„‹‰²²ÃÂ€&&!96"uy´¶!ÄÆ!	¸ÿÀ@	4 ?¸š@	p¿¸š²#¸š@2 @ @"4       `€ª&@O4%ö]íö]2/q3/+í339/9 ?í?í9/qí3/]33/+3910 ]q]&#"327&#"327#"&547&54632={kXQxt# opM{ î»¸°“®´Î®h]^6F]—nEGaƒmª¾~µLS’w½   DÿèÃ>   š@Y6699EEIISXTRT^ejdddm
$P`p€0@P`p€°	¸Ï@
?    ª$
@$%4
?

1ö]+íæq]ı]qí ?í?í?í9310]! #"  32"32654&Ãşß…şİĞØşè#ÍK_­ƒ±­Š‘«&’|şúşãşó}ÌËÊÌÕÂ±å  .  ú&  o@	P	`	p	€	Ÿ	Ğ	O	
¸´p¸@+% p€Ğàğ@ ° p€Ğàğ	 J/^]^rq]íä]ä] ?ı<?10q]#!5!ú´şèÌ”ül”’’  Hşié?  % «@D@'##(8HszŠ	Œ´÷Rfgbg˜¨ÇÊÊÊ3 "  ¸ÿÀ@5	4  O%@4¿$@  01'$?1&47+ö]íö]qí9/]+ıq<<9/+3 ??íí/?<ıä10 ]]q46632#" 4 6654&#"ó#Ï£¢k\³|bÜ³²ºş¼­µ„J51;œEşÛ›ó#”jsItúxñÊ&ş‚~F í%üMîÁ³¤I|  ÿáıgŠşë   C¶?  ¸Ÿ@?	  ÅCA+õ<<<Nö<<< /Mí<æ<<ı<105!5!©ûW©şi‚‚şşÿÿ °  Oº &    À   ³¸À±H'+   R›®  Z@5Debwp'¸Y@%
‚?%0  qŒ+Nô]<Mííôí ?íô<ô<9/910 ]36632#4&#"R‚)g@Sr2ADQY™E)*?emşj‘XE\hş–  3ÿæ“º 6 A _5@kSRfe…ŠW‰Yˆ[šZœ[

#/#/#,#4EBJ;J?QUdld/e0bPv{yS{Wz[……‰;€PŒ^_©¸ÄÊ#Ä%'QX!$¸·µG(N:M¸@(:84457  :¸²_¸´@C.+
5
G(Q!=<.jj%å]N'^]=M$ÅJ8MjD:%,`a88U^a75º66 `a¸ï³!›h++Nô<Mı<NöMıää9/<ıäöôåöıäåææí ?í?í??<ıæ?ıä?í9/í/äíıäıå9910] ]!23!632'&&#"#"&'#"'&5####326654&&#3267&&'327654'&$'&&5473Îê{^\¶@U\½v_»hffe98=‹JëÄ}E/“A%frOÃŸÂÂ„ šXH}„!.,¶liL9#.ş¯8VQ ºc®6şËfR‘SWP.7$$LQˆK…ÎJSƒN,fÇt–!ıªığ2z\Sy<şˆıq&,/L6co=.<. *[.xNM?  O °l   3!!#&&'566ìL;;M;ùÅh^NºcWÂlv_`elÉ•0-%˜   ™şSh;   6673&'#™‘—%./•Éle`_v…ÂVcºM^gú>ÂL<;   O °l   #67!5!&&'…ÂVcºM^gùÅ;L<;l‘—%-0•Élea^v  ™şSh;   5367#&&™w^`elÉ•/.%—L;<LÂú>g^MºcVÂ   O °n   #67!#&&'56673!&'3°^¶‚PE}úç}EP‚¶^^¶‚PE}}EP‚¶-+’”¬‹‹¬”’+-,‘•¬‹‹¬•‘  ˜şUg·   3&'67#&&'5566é-,‘”«ŒŒ«”‘,-+’”«ŒŒ«”’·^·‚PE~úæ~DO‚·^^·‚OD~~EP‚·  ˜ı”g·    3&'67#&&'5566!!é-,‘”«ŒŒ«”‘,-+’”«ŒŒ«”’şÜÍı3·^·‚PE~úæ~DO‚·^^·‚OD~~EP‚·øb  j  kÿ   3!!jdúÿÿûed    #Ô ! „²F¸»@	  # !! "y+NôMí<<Nö<Mı< ?<<<?í10Cy@8X 
XXX++++****!#7>32#4'.#"%‡D•Û|w× E†
5o­\\´s.mE}¢œb] ´‡4ûı“tã?r‡vLPƒœh6Ğ   r Â:ä    j@<
%?		À		¿ %0ŸÏ¿% 	

WZ+Nô<<<<<ö<<<<< /<Mı<ı]qı<<ı]q<ı<10!5!!5!!5!:ü8Èü8Èü8È=§ı›¨ı›¨     8  	  3%!ÍÎü¶ùşƒş„zıùı†Q«şU  q¨9  -´%¸¹@ % WZ+Nô<Mı<Næ /Mş<í10!!qÈüâ¨^¨şJ  "ııĞÉ   #4632#"'&&#"³‘³qCG3%/
ııÛŞA,(4
I!j ıı³É   3#"&546323276765"‘³qCG3$.
ÉøíÛŞA,(4
H j ÿéÁÅ   !5!Áú(Ø¯  Éı“xH   3É¯ı“	µöK  ~ı“ÂÅ   !#Âık¯Å¯û}2 ÿéı“,Å   !5!#}ılC¯¯úÎ ~ÂH   3!~¯•2û}¯ ÿé,H   !5!3,ü½”¯¯ƒ ~ı“ÂH   3!!~¯•ıkı“	µû}¯û} ÿéı“,H   !5!3}ıl”¯ı“ƒ¯ƒöK ÿéı“ÁÅ   !5!!#}ılØık¯¯¯û}  ÿéÁH   !5!3!Áú(”¯•¯ƒû} ÿéı“ÁH   !5!3!!#}ıl”¯•ık¯¯ƒû}¯û} ÿéXÁƒ    !5!!5!Áú(Øú(ØÔ¯ıÕ¯ Àı“ëH    3!3<¯ıÕ¯ı“	µöK	µöK ~ı“Âƒ 	  !!!!~Dık•ıkı“ğ¯Í¯ü;  Àı“ÂÅ 	  !!##Àş)¯Íı“2¯û}tûŒ  Àı“Áƒ    #!!#!o¯ü®|¯…ı“ğ¯ş„ü;t¯ ÿéı“,ƒ 	  !5!5!5!#}ıl”ılC¯X¯Í¯ú ÿéı“êÅ 	  !5!##¿ş)¯Íı“ƒ¯úÎƒû} ÿéı“êƒ    !5!!5!#;ü®ıÕş*…¯ı“A¯úÅ¯ûŒ  ~XÂH 	  3!!!~¯•ık•Xğü;¯Í¯ ÀÂH 	  !333!Âûş¯Í¯×2û}ƒû}  ÀXÁH    !!!!3oRûÿ+Öı{¯Hú¿¯ğü;¯t  ÿéX,H 	  !5!5!5!3,ü½”ıl”¯X¯Í¯Å ÿéêH 	  !5!333êûÿÖ¯Í¯¯ƒû}ƒ ÿéXêH    3!5!3!5;¯ûÿRş„¯ı{Hú¯|ÅûŒ¯ ~ı“ÂH   3!!!!~¯•ık•ıkı“	µü;¯Í¯ü; Àı“ÂH    3!!!3<¯×ş)ıÕ¯ı“	µû}¯û}	µöK  Àı“ÂH  	   33!!!À¯Í¯×ız†ş)ı“	µöKAtü;¯ú¿t¯ü;  ÿéı“,H   !5!'!5!3#}ıl•ıl”¯¯X¯Í¯ÅöK ÿéı“êH    !5!333¿ş)Ö¯Í¯ı“ƒ¯ƒöK	µöK  ÿéı“êH  	   3!5!!5!#;¯ş„ı{Öş*…¯ı“	µöK	µûŒ¯Åú¯ûŒ ÿéı“Áƒ    !5!!5!!#Áú(Øü¼ılØık¯Ô¯ıÕ¯¯ü; ÿéı“ÁÅ   !5!!##¿ş)Øş)¯Íı“ƒ¯¯û}tûŒ  ÿéı“Áƒ  	   !5!!5!#!!!Áú(Øûşş*…¯|†ş)Ô¯ıÕ¯ûŒt¯ü; ÿéXÁH    !5!3!!5!Áú(”¯•ú(ØÔ¯Åü;ıÕ¯  ÿéÁH   !5!333!Áú(Ö¯Í¯×¯ƒû}ƒû} ÿéXÁH     !5!3!3!!5!nı{Ö¯Sız¯×ú(ØÔ¯ÅûŒtü;ıÕ¯ ÿéı“ÁH   !5!5!5!3!!!!#}ıl”ıl”¯•ık•ık¯X¯Í¯Åü;¯Í¯ü; ÿéı“ÁH   !5!333!!##¿ş)Ö¯Í¯×ş)¯Íı“ƒ¯ƒû}ƒû}¯û}ƒû} ÿéı“ÁH      !!33!5!5!##!ëÖı{¯ıÔ¯ı{Öş*…¯,¯…ƒ¯tü;ÅûŒ¯ıÕ¯ûŒÅü;t¯ ÿémÁH   !!Áú(ØmÛ ÿéı“Ám   !!Áú(Øı“Ú ÿéı“ÁH   !Øı“	µöK  ÿéı“ÕH   !ìı“	µöK  Öı“ÂH   !Öìı“	µöK  fşÁH         # ' + / 3 7 ; ? C G K O S W [ _ c g k o s w  3#%3#%3#3#%3#%3#3#%3#%3#3#%3#%3#3#%3#%3#3#%3#%3#3#%3#%3#3#%3#%3#3#%3#%3#3#%3#%3#f}}ò}}ó}}ı}}ó||ò}}ù}}ş}}ş}}Ş}}ş||ş}}ù}}ò}}ó}}ù}}ş||ş}}ù}}ò}}ó}}ı}}ó||ò}}ù}}ş}}ş}}ù}}ó||ò}}H}}}}}|}}}}}|}}}}}}|||||}}}}}}|}}}}}|}}}}}}|||||}}}}}}|}}}}} ?ÿêşÁH         # ' + / 3 7 ; ? C G K O S W [ _ c k o s w {  ƒ ‡ ‹  “ — › Ÿ £ § « ¯ ³ · » ¿ Ã Ç Ë Ï Ó × Û ß ã ç ë ï ó ÷ û ÿ  3#73#73#73#73#73#3#73#73#73#73#73#53#53#3#73#73#73#73#73#3#73#73#73#73#73#53#53#3#73#73#73#73#73#3#%3#73#73#73#%3#3#'3#'3#'3#'3#'3#3#73#73#73#73#73#3#'3#'3#'3#'3#'3#3#73#73#73#73#73#g||ù||ù}}ù}}ú||ù||ú¥}}ù}}ù}}ú||ù}}ù}}}}}}ûŸ||ù||ù}}ù}}ú||ù||ú¥}}ù}}ù}}ú||ù}}ù}}}}}}ûŸ||ù||ù}}ù}}ú||ù||ú¥}}ò}}ú||ù}}ù}}ü}}b||ù||ú}}ù}}ù||ù||}}}ù}}ù}}ú||ù}}ù}}}||ù||ú}}ù}}ù||ù||}}}ù}}ù}}ú||ù}}ù}}H}}}}}}}}}}}|}}}}}}}}}}}}}}}|}}}}}}}}}}}}|||||||||||||||}}}}}}}}}}}}|}}}}}}}}}}}|}}}}}}}}}}}}|||||||||||}}}}}}}}}}}}|}}}}}}}}}}}  .ÿÿıŒÖH = A E I M Q U Y ] a e i m q u y }  … ‰  ‘ • ™  ¡ ¥ © ­ ± µ ¹ ½ Á Å É Í Ñ Õ Ù İ á å é í ñ  #3#3#3#3!35#35#35#35#353353353353353353#%35335335335335#3'#3'#3'#3'#335335335335335#373533533533535!355#%353355##5##5##5##5#353353353353355##5##5##5##5#35335335335335Ö||||||||ú)}}}}}}}}}|}|}}|}}|}||û"|}|}}|}}|}}}ù}}ú||ù}}ù}}ù|}|}}|}}|ü˜}}|}}|}}|}û"|v}ú|ò}}|}}|}}|}}|}||}|}}|}}|}}|}}|}}|}||}|}}|}}|ÒşŠ|şŠ}şŠ|şŠ}|u}v}u}v}u}}}}}}}}}}}ù}}}}}}}}}}}}ù}}}}}}}}}}||||||||||ù}}}}}}}}}}ù}}}}}}}}}}}}şŠ}}}}}}}}}}}||||||||||şŠ}}}}}}}}}}|}}}}}}}}}}  ’  B°   !!’°üP°üP    =ÿ¿   !!ÿø¿ş~ 0  ¼‹   !0ÆÆ‹úu   ÿáË‰   	 «úU‰ı,ı, 0ÿá¼l   	¼ı:ı:lúu‹  ÿáË‰   ËúU‰úXÔ   ² ‰#ú    2 #" 5466"32654&&joÔvşş¶·şşvÔo]®bÖ——Õb®úrÔr·şş·sÓrL^°^—ÖÖ—^°^  €  TÔ    3!"32654&€ÔşTvwSTvvÔü,´vTSwwSTv  *  ­ƒ     3!" 32 54&&2#"&5466*ƒı¿pÓv·¶vÓo[¯bÕ—˜Õb¯ƒû}úrÔs¶şş¶sÔrL^¯`—ÕÕ—`¯^  ˜ÿ‰“„   # / ;   !   !  4 #"  32 #"&54632#"&546327327#"&“ş‹şøşøşŠvu\şÁââşÁ?ââ?ı;/"!00!"/é/"!00!"/ı•>O™™N?2“ab’şøş‹u	uş‹ş÷â?şÁâáşÁ?e!00!"//"!00!"//ş$$_dd  ¸ÿ‰³„   # /   !   !  4&#"326%4&#"3263267'#"'³ş‹şøşøşŠvuüß/"!00!"/é/"!00!"/ı•2’ba“2?N™™Oşøş‹u	uş‹…"//"!00!"//"!00şĞ_dd_$  ÿ!FU / ;  3!!#&&''&&'!5!66776674 #"  32 †LfŸX"4şâI&Pş±|9şåb’kLp™PşÚ3BDş°P	BEşä0$e\$şÓÔÔşÔ,ÔÔ-Uş¯?G5şâ_J`]E½şİ2H9ş¯Q>=şê3T¤jEjŸT9şæF=ı·Ô,şÔÔÔşÓ-   ôşIã  '  !!#!5!"&&546632 " 32 54&&Ëş5;ş4Ìgõ‘‹ø‰ˆùŠşáívá~ÂÃ~áÍşn;şI·;’ƒûŒˆúŠ‹ùˆÑşÑÔyâzÃşíÃzây  oşú‡T  &  #"&&54 32'" 32 54&&À$£9şš”˜Šù‰ˆùŠ3ÛNXhıç vá~ÂÃ~áTıfEı Kş‘ˆù‹‹ùˆÙ2ş÷5ı¶yâzÃşíÃzây   :  Ï "  #"&'!726'#"&54766766!lJ€\N1K¥‰üç¸Ë-…TZ!-Ê0ICÏlªû†E`€a]“­c	%%×Õ__‚[I;R¦6S‚  7  Ï 3  !!7676654'#"&54632&&5463267632#"&'&'Jü°¥6Qg=¯[t¢”^<g*vv¡ET"d“¡q?…1#4Y\>¡"#"3Èo|r¢vtŸ3FG)rmYb(tx£=3%XŸ¹=)  ?ÿèÏ   &&'&'&&5463267632bs¥y.)”mnQ=&!<Sml–X~¤K;vÏÚ +Fu<o–N:sq;P•gZÃÏ…i  @ÿèÖÏ   &'&'&'676	Y‚–\J¨ˆR/QxeŸvÏ—­ÈgNà¶4ExŸ#ÁsÕ  %ÿÛÛS   32#54&'&###"&54632æ&¬7O<-4c98IY@œ\m˜{N`S9*™fg+D_ ü½y‡Q{di.   Uÿ€2ï   %#"&54632#"&54632?—_m‚šz(=Eı­@œ\m˜{N`÷øû¬|~R}cd‘Ô¹ü¼y‡P{ci. ÿÿ ¿ÿçxº & ,   -   %@O_Ÿ¿À–H+ o   ¿H++]5+]4 ÿÿ ˆşQº & L   MŞ   ;@`p0o à¸,@H+   ˆH++]55+]q55 ÿÿ l  ÖÉ ' Q ğ   ¶   @  #ğH'# H'++  €³º  :@#"!4"!4 î ù/h+Nô]Mıí ?<í910++73€4Î5i³õõşîÿÿ €³©º &     "µO¸@H+ O_FH++]5+]4  aÿÊµÓ   ) 5 Ç@)!  /€   ††‚,/2‚5?8'3¼¾ !e -¾@'	
v     ¼¾ e ¾@

è 0*$¸½@**n ù® *: *¸T@*?6q§+Nô]Mıôíôíôíôíıíôí ?íııä]ä]<<?íıíô<‡.+}Ä10] ]#"&54632&&#"32634632#"&732654&#"l{§z˜¹º˜z™zY?_ws\JcÆ"’üáĞÀœšÂ¿›Á}^^}}^^}ì€ÇºÀÆzpKLˆ”•ˆZü=	ù÷©»ÉÉ°ÆÉÈ¼’Š   ÿè†Ó  & }@O(
 <ù¸z@()"*')l&&)   °ÀŸ'©z+ö]í<<öıô< ?í?íıí9/í999<<‡}Ä10]746323267#"&556654'&#"±{o`|x¥Dior\kOøb/¦ëÇâ™‚m\ş÷æşaY+!J¢Wráb+©€7="*±   ’  B°    !!!’°üPL°üPdüè  ƒ½RŒ   !Rş1Œş1Ï  ƒ½RŒ    !!!Rş1ƒşÉ7Œş1ÏLşÉ   ² ‰#ú   2 #" 5466knÔvşş¶·şşvÔúrÔr·şş·sÓr   pªf     2#"&546"32654&kh““hh“’iIfgHHgf “hh““hh“LgHIffIHgÿÿÿı  Y¾& $   ØJ_ &@ Ğ 0 A¹! ) ++]qr5ÿÿ Jÿè_& D   Ø õ   @p8 8;A8¹Ã ) ++]5ÿÿ fÿçv&& &   Ö°d @
  #A ¹! ) ++5ÿÿ PÿèíÂ& F   Ö ú   @
  A¹" ) ++5ÿÿ fÿçv& &   Ú° @	dH+¹! ) ++5 ÿÿ PÿèíŠ& F   Ú ğ   @o(H+¹" ) ++]5 ÿÿ ¢  èÉ& (   Øj @
 A¹! ) ++5ÿÿ Kÿè_& H   Ø à   @
 !A¹Ã ) ++5ÿÿ ¢  è"& (   Ùkj @	FH+¹! ) ++5 ÿÿ Kÿè¸& H   Ù ô   @
% H'"¹" ) ++ ÿÿ ¢  èô& (   Új @
 A¹! ) ++5ÿÿ KÿèŠ& H   Ú ú   @
 !A¹" ) ++5ÿÿ mÿç¹!& *   Ö_ @	& H+(¹! ) ++5 ÿÿ BşQêÂ& J   Ö È   @
 -0A-¹" ) ++5ÿÿ mÿç¹é& *   Ú_ @
 &)
A&¹! ) ++5ÿÿ BşQêŠ& J   Ú ä   @	+),H++¹" ) ++5 ÿÿ mş[¹Ó& *   Ü   @ 1,
A') ++5   BşQê( 	 $ 0 ñ@0*&))&-;4KDV[ej5'5/D'D/S'S/a'b/1’	 ¸0²¸T´¸´.¸ª@ 
0
`
p
€
À
Ğ

¸}@"E(
º[ @:		~3+3%Ğ@`€t%
"%$¿Ïßÿ?O14¹
 +Nô]qMíôíı]q<ıôõ<9/í9/ôä ?íä?íı]ä?íä?<ş<ı<öí10] ]#546732665#"543253#"&32654&#"xÑJ^6]şN¯ãy‹&u®ÜòòÜºz¦\å›ÖÖ™ªy£›Œ‚A¯upŒ%S'múg¨`µ‹;Üñ6˜€üjçÚ~»Õ¼ÅÊªÛÏÿÿ ¤  ",& +   Ö®j @
 A¹! ) ++5ÿÿ ‡  è,& K   Ö,j @	 H+¹! ) ++5     §º   ±¹ ÿÀ@>4/ 
	
 ¸]@ 	 	]/€¸]@ ]  P`p]qöı<ä]öı<<íä ?<?<9/<ı<9/<ı<999993310]+#5353!533##!#!5¤……ÂúÂ……ÂıÂÂúK”ÛÛÛÛ”ûµ³ıMKëë     èº  Óµ"4¸ÿÀ³4¸ÿÀ³	
4¸ÿŞ@4%5
E

¸ÿà@4
		 ¸ÿÀ@'+4Ô 
 %@364ÿÀN¸ÿÀ@464°ğp °ÿ%¸ÿÀ@364ğ  ĞàNö]q+<ı<]q+ö]q+í/]/ ?<?í?9/<ı+9999910 +]++++#5353!!632##"#‡´oş‘zÆ‰ä´á{´¯†……†şı’˜şûı_¡¡½ı»ÿÿÿÀ  ^& ,   ×ÿºj @
 A¹! ) ++5ÿÿÿÒ  pª& Õ   ×Ì  @
 A¹" ) ++5ÿÿÿä  T¯& ,   ØÿÇP @
 A¹! ) ++5ÿÿÿé  Y_& Õ   ØÌ  @
 A¹Ã ) ++5ÿÿÿÿ  N& ,   ÙÿÑP @
 A¹! ) ++5ÿÿÿú  I¸& Õ   ÙÌ  @
 A¹" ) ++5  £şVYº  ¹¹ ]@
  ¸ÿÀ³4¸]µ ¸ÿÀ³8=4¸ÿÀ³344¸ÿÀ³-04¸ÿÀ³()4¸ÿÀ³#%4¸ÿÀ³4¸ÿÀ³4¸ÿÀ@+4 ¯   °/@Pßğ ¢ö]C\X²€]Yqrı]++++++++</]í+9//< ???í10!327#"&5473>R>M[wh[|#ÂN>CU.w=vgP~¹úF  fşWº   “@lO °Àßğ p€Ÿ°Àßëàÿ ~ 
	E E   % Ÿ °ÀàÀğ  ĞàNö]qrí<<<</]í9//]< ?í?<??ı10]rq53327#"&5473ˆ´;R>M[uhet"´ëÏÏûN>CU.w<zbAŒ&ûÚ ÿÿ 7ÿçT,& -   ÖÂj @
 A¹! ) ++5 ÿ¢şQ Â   Û@+   ;32H†

 d‡¸"@
<=¸ÿÀ@	4d d</?¸ÿÀ@-4 ?ÿ%?OGP+Cy@
  ++33Nô]q<Mı<NEeDæq/]+qMıöıı+öí ?í??<<<ı]<í9910]#3#732653#"æqÍØÀàËşM"4!?.´u–ITªşèùº™Sˆ\û Å° ÿÿ –ş[Rº& .  îÌ   @   A /+]5 ÿÿ ˆş[øº& N  î!   @   A /+]5   †  ö&  ñ@HD	%//€·ÆÀåå	àúõ?ZYii˜¨	(	8	XYJ¸ÿô@K
		
	
	%%

e

	
«
	 €¿% ¸ÿÀ@364ğ     Ğ à  Nö]q+ı</]9q ?<<?<?9r‡.+}Ä‡.+}Ä<< 8108rq]] ]rq333#†´ªéşj¿Şş¡&şP°şvıdzş[ ÿÿ –ş[*º& /  îT   @   A /+]5 ÿÿÿış[®º& O  î’  ¶–	 A+5 ÿÿ œş[º& 1  îæ   @   A /+]5 ÿÿ ‡ş[æ>& Q  î ú   · !A /+5  ¥ÿç]Ó  ‰@c;4?Ail{uru‹›$$/q‚•¤¤³¶ÀĞ 	/& 		V ]ıı<ö]í/]/ ?<?í//?<?í3 3310 ]]36632 #"'73265!"#¥Äsâ}µåˆşüÜyW`AM‚Lşk…ÉLÄº¶„K¢şÏşòşvşH™4ÑC}ÁÑüß  ‹şQê>  ¶@J$4DàåÔÒâ…¬ª¼r‰€	
%ÿ ÿ  ¸ÿÀ@364° ğ p   ° À  Eš%¸ÿÀ@364ğ  ĞàN9ö]q+<ı<ô<ö]q+]qí<< 9?<?í??í3/3/10]]] ]#"'732654&#"#3632êu–ID"5 A,hwu£´¢uİ‚°9ı9Å°™Xƒ¼”ˆ–Èı¼&—¯p¥ ÿÿ cÿçİÓ& 2   ØÛt µ p¸ÿì· A¹! ) ++]5ÿÿ Dÿè'_& R   Ø ë   @	
H+¹Ã ) ++5 ÿÿ cÿçİ"& 2   ÙÛj !@P#`#p#€### H+ ¹! ) ++]5 ÿÿ Dÿè'¸& R   Ù ë   @
 ! A¹" ) ++5ÿÿ ¡ş[­º& 5  îæ   @ . .(A% /+]5 ÿÿ …ş[Æ>& U  î%  ° /ÿÿ \ÿçë&& 6   ÖLd @
 36A2¹! ) ++5ÿÿ ?ÿè±Â& V   Ö ¾   @
 36A2¹" ) ++5  0  ºº  ‘@7   0
	
	 99	 ¸·	 /¸· ¸s³¶™+ı]<ô]<ıô]<<ô<ô<9999 ??<ı<999/<99ı<9910]!5!!5!!!!#ş¶JşŠşHş¸Âu„­­ıì„ı‹  ÿò™  ¯¹ ÿÀ³#&4¸ÿÀ@^#&4/ € ++É	
	 3 °ÀĞ""	%ÿE¯¿ ĞNG¹
 + Éô]qô<í<ı<äô<3/qä99 3399?í?<ı<9/<ı<10]++#53#5373#3#327#"&&5‘……„„´´´¬¬%@ /I=js„ŒlşŒşì„ÕU>ŸHuˆÿÿ ¡ÿç"& 8   ×¤d @
 !A¹! ) ++5ÿÿ ƒÿèàª& X   × ì    @ï@ST4 %A¹" ) +++q5ÿÿ ¡ÿç"Ã& 8   Ø¤d @	 H+¹! ) ++5 ÿÿ ƒÿèà_& X   Ø ì   @
 
A¹Ã ) ++5ÿÿ ¡ÿç"& 8   Ùd @
 A¹! ) ++5ÿÿ ƒÿèà¸& X   Ù ì   ² ¸ÿØ´H+¹" ) ++5   ¡şV"º " ¸·XX"É$¸ÿÀ@*4:;4!6"JJF!F"XV!f"vª"è"4œ¸]µ
	¸»@
 	 ¸]@' ÿ  œ&  P`p€]$& 

¸ÿÀ¶4]#;¹ +ô+]íö]]qí9/í]q3/í/] ?<?í3??í3/í10+]+ ]327#"&547$33263R>M[vebyşóîÂI±tÛ´ÂNğG*GT.w=xeFqPOü²¿¹^ÄNü±Áşş´  ƒşWÓ& % Öµ"4'¸ÿÀ@	4 4¸ÿğ@@4
&5Dw„*+ E
#% @pE  %"!š#¸0@%$@364ÿ$À$$N'¸ÿÀ@464°'ğ'p' '°'ÿ''%¸ÿÀ@364ğ  ĞàN&GP+ô]q+í]q+ö]q+<ıä99/2/í/]< ?í?<?<?í3/3/10 ]]++++!327#"&54775#"&&53326653¸R>L\uhbw|Ö~±;´nS[0´N>CU.w<xdCi!œ´p§•’ı³‹wT`z9ûÚ ÿÿ   v,& :   Ölj @	 H+¹! ) ++5 ÿÿ   ·Â& Z   Öš   @	 H+¹" ) ++5 ÿÿ   F,& <   Ömj ²¸ÿß´H+¹! ) ++5 ÿÿ !şQîÂ& \   Ö ×   @	 H+¹" ) ++5   ‰  VÓ  ƒ@hO °Àßğ°Àßàÿ p€ŸKYhp
  
  p€%Ÿ À à     ° À ğ     Ğ à  NGP+ô]qrr<ı</]3/ ??í10]rrq346632&#"‰6†jOX64Z;—sJ
OWûx ÿÿÿı  YL6 c   SŠ I@4' H+)('*€8:4*@)*4*@4Ğ**P*`*p** *°**¯*¿**À Ü]qr+++ÄÔÄ10+5 ÿÿ Jÿè„& n   Â †@,PD H+QRPS€KO4S@``4S@884 S`SSĞSSğSS€8?4S¸ÿÀ@	,.4S€)/4S¸ÿÀ³'(4S¸ÿ€³#$4S¸ÿÀ³"4S¸ÿ€@4S@4S€4S¸@ Ü+++++++++qr+++ÄÔÄ10+5ÿÿ   ,&    “j @
 A¹! ) ++5ÿÿ DÿèÊÂ&     X   @
N% H'N¹" ) ++ ÿÿ SÿÅí,& ‘   Ëj @	42H+4¹! ) ++5 ÿÿ ÿ±dÂ& ¡   6   @
,H'/¹" ) ++   ¹Y†&  $@ <Ÿ< ¡¹ +NôMıæ /ı<<1053¹ÍYÍÍÿÿ   v,& :   CŠj ¹ ÿ¦·	A¹! ) ++5ÿÿ   ·Â& Z   Ch   ¹ ÿ¦·A¹" ) ++5ÿÿ   v,& :   Šj @	 H+¹! ) ++5 ÿÿ   ·Â& Z   h   @	 H+¹" ) ++5 ÿÿ   vá& :   l ³¸ÿâµH+¹! ) ++55ÿÿ   ·Ã& Z   š   @ H+¹" ) ++55ÿÿ   F,& <   CMj @
H'¹! ) ++ ÿÿ !şQîÂ& \   C ·   @
H'¹" ) ++   Šé[É 	 G¶ «¸P@	 <		 iÅ  	?
¹ +Nô]<Mı<ôä ?<ı<ıí9 É10#&&553K^l,]HÁøœ,G*ƒ¥  ÿáËÊ_  @5  Ch+Näæ /Mí105!éË””   ÿä:Ó 6/@Å$):S.m,b.†(Ûß!Ú2é!ú!!u	†	455+ 322!!_ ß    / Ÿ ¯   &+   /&*'_)o))ˆ@--)&j«Ÿ!#25 0*^)iå 08344‡^ M0^¿#Ï#ï##r Å«¯7©+Nô]Mäô<<<ô]ıô]íô<<<Nö]Mäôí99 ?í?íıíôí?íqı]ä9/]q<<<ı<<<9/]qr<<<ı<<<10 ]rq]!!632327#"'&#"'67#53&'#53&54$32&&#"!!±şæ!€M@WgªDEv:’\J—F¥EÂ ÑÑ%¨~	Á¦÷³”kuXşÊf”ƒ)8¥?,.]­pÑ”u”ZMÂÜ¿¼q‘–\:…”i   ZÿŞ|H   ¤@P¶EZR[ZRkh :KIJ L/Ï	i¬«	:¬««Ÿ¯¿Ïß¸Á@   01  ¸Á·?1ö]ı<<<ö]]ı<9/]í ?ıôä?ıä/ä9/]<ı<10]] ]327#" 54 32 '&#"Ax²şHxà{íşÜ&ëÖ0ç€¬¯yşyö+­g@õ÷>şäşçJ)yzşØ   kÿÇ€Ó   ! - 8 ä@/:{wŠ†¸ÿÀ³B\4¸ÿÀ@';4?   %6¸a@%/%?%%%+ºa À@	¬ ¸´â»}  0a@â  	")'.) ¸@()'3): :9)Ë¸F³9Wh+öö<ı<<99NöMíôíıíôí ?<öíı<ô<ı<ôı9ıí9/]í9/9/‡.+++}Ä10]356673&54632#"&54732654&#"32654&#"äMû³6fz7 .lí‚}‹‹‹Œ§¨‚Š¡±F33IH67@•GPVDFL9ùô*Q {m=ış’/sPokVs-)j~d”Á244-.7:ş‘E5:DE  "ÿÇÓ  " 6 B MQ@ß/Oi&f*{&w*Š&…*¸ÿÀ³B\4¸ÿÀ@';4?   !--:##K¸a@:/:?:::2@½a (À 2 a@!Å 0d½a !  ª@/?_o_o‘¸a³â»}  Ea@2â  	Ÿ7)%'C)5¸@/=)+'H)/O ON)"
)0¸(@'d)Ğ")N|h+NôMíôríöäı]íôí9NöMíôíıíôíä9 ?<öíı<ôıôrqq]äııô]ä9/íıí9/]í9/9/9/‡.+++}Ä10] r3732654#7254#"'663 # &54632#"&54732654&#"32654&#"åMœû´ş ’{CZœ:œyh$)†dŠ­¥Šşõ}‚‰~Œ‹¨ª€‡¤±F31JH66@•HNUDFL9ùôÚpK9onfYfoO¼x'+’e„ş¤/sZekVp0)m{{h”Á243..7:ş‘F4:DE   "ÿÇÓ   3 ? Jq@,{#w'Š#†'Á×åõ /L1l¸ÿÀ³B\4¸ÿÀ@';4?   **7  H¸a@7/7?777/=ºa %À@/'_o«¸a@ @PÅ€ 0@Pdºa ´¸a³'»}  Ba@/â  	4)"'@)2¸@,:)('E),L LK"
)0¸(@')KWh+NôMíô2/2/]3/ı]íô<99NöMíôíıíôí ?<öíı<ôí<<ııô]qä9/]ıô]ä9/ıí9/]í9/9/‡.+++}Ä‡.+}Ä10q]]3732654&#"'!!632#"&&54632#"&54732654&#"32654&#"åMœû´ş yL\SBFFOÖşŠ"OYq¹‚v›“‚‰~Œ‹¨ª€‡¤±F31JH66@•HNUDFL9ùô×iS?:U@yy5“lx–qş3/sZekVp0)m{{h”Á243..7:ş‘F4:DE  JÿÇ€Ó     , 7 ä@/9}w‹†¸ÿÀ³B\4¸ÿÀ@';4?   $5¸a@$/$?$$$*ºa À²¸¹·¬	'»}  /a@â  	!)'-)¸@)')'2)9 98		 

‡)¬/<8|h+ö]ô<ıô]<99NöMíôíıíôí ?<öíı<ô<ı<ö<ıí9/]í9/9/‡.+++}Ä10]3!5!&54632#"&54732654&#"32654&#"ÌMû³¤íş€%ô"p‚}‹‹‹Œ§©†¥±F31KH67@•GPVDFL9ùôA#yPşäşş’/sPokVs-)m{{h”Á153..7:ş‘E5:DE   âıÙÀÿo 	 :@>l		 Ÿ åâ ¸`³
	Ù¹ +9ôôä<ı< /<ı<öí1053'67ïÑJ^6]şÀ¯un&T(k   kş[ÿÒ  K@
M  ¸1@:M /8)ù j
âW¹ +NôMäö<ôí ş]ôıäô]í10632#"'73254#"Õ#‰|˜?M,+§2nHMtuLC ÿÿ ŞªOÂ    ÿêÎÁã    Z@8 	 @ ‡€ Ÿ ŸP
`


 uğ@,/4Å _ P  /r]íö+qí3/]í3/í ?ı]q<<íí103#%3#%3#[ºÈu<­­ıÖ­­ãşëÀÀÀÀ  ÿÿ  [º   X@o/0gh	`ˆŸÉÆÀğYVPh°óóó	 Ú
		    	¸p@ éRRé@¸ÿÀ³4¸ÿÀ@
4ßT º @  eRPÏß¸@PÀß¸@Ï€“º› +ô]qô]qô]qííííôr++ıôí ?<í/ä<í<í‡.+}Ä‡.+}Ä9999‡ÄÄÄÄ‡ÄÄÄÄ ?ı]<10K°SK°QZX´ºÿğ  ÿø8888Yrq]#3#!!&'%33ÑXİ«ı›¡Ùñ™I3ıï…ìÜºúF¼şDZ–Ân‹šşè ÿ§  ×º   @8 Ú 
	 RRéOÏß@4¸ÿÀ@	4Ÿ@.d4¸ÿÀ@4TJ 
 
	  º ‰±[+ö<ı<Nö]Môä+/+r++qı]ôí ?<ı<?<ı<9/<ı<?ı]<10!!!!!!3‘$ü+üÕ„ùĞ…ìÜº­ş?¬ş­¢şè  ÿ¨  æº   ¹ ÿÀ@.4 Ú	 
Ğ


RRé@4¸ÿÀ@1	4O_ P `P€ O _ ¿  İ¸‰±Y+ö]<ı<]ö]<ı</rq]++ı]ôí ?<?<9/]<ı<?ı]<10+!3!3#!3hÂúÂÂıı~…ìÜºı¦ZúF³ıM¢şè ÿ¨  *º   r@&	/	0	€	 Ú RRé@4¸ÿÀ@#	4O_ ° _ o  O _  İ¸‰±Y+ö]q<ı</r]++ı]ôí ???<í]10]!33hÂı~…ìÜºúF¢şè ÿ§ÿçÒÔ    š@P

GIIGXXVTZ[]S‰š• Ú		RRé@4¸ÿÀ@	4 °€&&  /  .¸‰±\+ö]íNöMí/q]++ı]ôí ?í?í?<í]10] !   !"$7 32  #" %3XŠ45‡şvşÍİş³“ÈäàşèÛ×şàş‡…ìÜÊnœş]şªş¬ş`İ[¨ûşÁ;9şÚ›şè ÿ§  ¼º  w¶	:;	¸ÿç³4¸ÿç@444	¸ÿØ³!4¸ÿØ@I!4(!4&)*
/hhhŞ			 		 


 Ú¸@$

		  RRé`p@4¸ÿÀ@	4O_°À¸@		R@
€

¸µ@  RO¸µ² ¸G²¸‰±¨+9ö<ô]íı<ô]íæ/]++qı]ôí 9??<<<ô<?<í]‡.+}Ä‡.+}Ä‡ÄÄ‡ÄÄK°SK°QZX´	ºÿô ÿô8888Y10 ]]C\X@		"9"9¸ÿŞ±9+++Y+++++++++!36733±ıËì!U@B^âı·û4…ìÜmMşFƒus¯ü³ı“¢şè  ÿ§  ¥Ó  !@EŸŸXWzu†¯#\P	od	v	%	KKFE		*; !!!Ú ¸H@# --R R!!é@4¸ÿÀ@	4O_ °À¸:³¸:·/O¸x@&J¯j# @¸x@&J ¬"º‰ +ö]ôíí]ö]<ôíí]<í<í/]++ı]ôí ?<<<ıô<ô<<?í?<í]10q]]]] ]7!$4$32!!5$4#"!3k@şĞ $ÍË¯şĞ@ıÆdûÉÏøbıÅÄ…ìÜ­şnÇ<·¨şÆØş’ş­¢¦³õ=şÁéşGª¢¢şè  ÿx  Oã     …@	£
£@
ŸB€É 
	¸0³¸0@P`¸@ğ@,/4I@N%    EG¹
 +ö]<ı<ä/íö+qíq3/]í3/í ??<şí]q<<íí10333#%3#%3#‰´TºÈu<­­ıÖ­­&ûÚãşëÀÀÀÀ ÿÿÿı  Yº $  ÿÿ –  éº %   ÿş  Zº  
 ½@m„Ÿ/0x‰†—˜·¸ÇÈç÷'(78”
         º  ¶Ï9/]íí9999 ????9ı<‡.+}Ä‡.+}Ä99‡Ä‡Ä10rq] r]#3%!&'3ÑXû±/şÃG!4ºúF­C¼tˆ ÿÿ ¢  èº (  ÿÿ )  °º =  ÿÿ ¤  "º +  ÿÿ ¿  º ,  ÿÿ –  Rº .      Hº 
 š@I_ /0oW\V 
	    	
		
 	
 
	 º_ 	_@	 09/]íí9999 ?<?<?<9‡.+}Ä‡.+}Ä99‡Ä‡Ä10r] r#&'#8Óşƒ2!-ştÆ=ºúF(ŒeyxûØº ÿÿ ˜  º 0  ÿÿ œ  º 1    m  Æº    >@'O_ 	 œb
Vœ bVöääöää ?í?í9/]qí10!!!!!!ˆ#ûİ^gü™yYû§º­ş&¬ş&­ÿÿ cÿçİÔ 2    ¤  "º  O¹ 	ÿÀ@4  ]€		    ¸ÿÀ@4 ] 	 	P	`	p	;Y+]qö+]í]öí ?í??10+3!#!¤~ÂıºúFúó ÿÿ   ıº 3    ”  ¢º  ²@sõ	66	•¥Ö		&-	7:?	I
ij	xx	¸¹	öù			
	

	
		
 ã ¸1³éæö]ä<<<9 ?í?ı<<9‡.+}Ä‡.+}Ä10]qr q]!!!55yüíôş<ûòßş!º­ıìı´­Ê/şÃÿÿ 0  ºº 7  ÿÿ   Fº <  ÿÿ 	  Iº ;      0º  ¹@i@O	I@@`p 	  0@ 4 4##
44
¢
ä
ö
]       0@@`p ÿ¸]@€ÀĞ àğ¸ÿÀ¶	4 ¹] ä]+]qæ]qíí9/<ı< ????9/<ı<10 ]++q]33663#$ ÂÖßÂÒãÃıˆÂş¶şÓºşuñÁOü±Îsşbı³
ş;Å5  a  ›Ó  Õ@[ŸŸXYXW[TXXzu†\P	od	v	%	KKFE		*; --¸:³¸:·/O¸x@&Jj_ @¸x@&J`  ¬ö]qôíí]]ö]<ôíí]<í<í ?<<<ıô<ô<<?í10q]]]] ]7!$4$32!!5$4#"!a@şĞ $ÍË¯şĞ@ıÆdûÉÏøbıÅ­şnÇ<·¨şÆØş’ş­¢¦³õ=şÁéşGª¢ÿÿ   5á& ,   ÿÇ @ H+¹! ) ++55ÿÿ   Fá& <   P @ H+º! )d… ++55 ÿÿ HÿèSÂ&.    ô   @à!ğ!! H+!¹" ) ++]5 ÿÿ bÿècÂ&0       @
 %' A%¹" ) ++5ÿÿ ‹şiêÂ&    ô   @	 H+¹" ) ++5 ÿÿ c  ÔÂ&   …  +±¸ÿÀ³4¸ÿÀ@"%4/ZH+¹" ) ++]++5 ÿÿ ˆÿèÚã&#  ğ Ü   ´¹" ) +   Œşi=Ó  , Â@Y8HWgjje&yzz‰‹—(H)Y%©¬
4»Ë $h,À,,$$?
O

¸T²'$¸ÿÀ@$%40  1.%¸ÿÀ@364ğ  ĞàN-ö]q+ı<ö]]+íô]í9/9 ???íí/]í9/]9]+10] q]%#46632#"2654&#"32654&&##?³[ŞˆÉÏ§l®½ßÓØ+¸¨k]‰0g}‘k‚‡ıâ…©¿}ç‰†¤Øªşóx€yb„bx–şm¬¢‚«~h¥;   şiç&  ©@b
ğ %   % 
 ÿ ÿ% àğ@°
	 
0
`
€

@

¸ÿÀ²4+q]9/rq]<ı<ää99 ?<?<<<?9‡.+}Ä‡.+}Ä10 rq]33#½)0¸şs·&ü»EûÚşi—  HşQvº  @ lw†¦©CT7z‹¸j@
H     ¸ÿÀ¶	
4  ¸0·o¸ÿÀ@	4$?O_( ö]í/+]3/í3/+]3/3 ?í?í?í310] q]! #7654&&'.54 7!êŒşóş“lyœƒbxq1¨6Nm—™LVìş`ºz¦ıçäxt
)Ya¤B¦z)>qºuí÷Ÿ  ‹şiê>  ¡@`rp‹‚‚›¬© »°ÀÔĞàÿğ	%5FÙàï	 

%p	 	°	À	ÿ		Nš% ¸ÿÀ@364ğ     Ğ à  N9ö]q+<ı<ô<ö]í<< 9?<?í??10 ]q]33632#4&#"‹¢uİ‚°9´hwu£&—¯p¥œûÜ”ˆ–Èı¼  \ÿèÓ    ­@UWWXXgg$):55:FIIFIFCJfivy†‰µº		$$ ¸ÿÀ@$%40  11ß¸ÿÀ@#40 @$%4 ?  1ä]+q+]æö]]+ı<ı< ?í?í9/]í10] ]! ! !&# !! \ŞŞş"ş"ºH
 |şé=ı¸İöı
ı>9àıVıç   ‰  =&  )@ 
N%     EG¹
 +ö]<ı<æ ??<1033‰´&ûÚ   †  ÿ&  â@:D?ZYii€˜¨·ÆÀååàúõ(8XYJ¸ÿô@M			%%		e		 

«	Pp€Ÿ¿
%¸ÿÀ@364ğ  ĞàNö]q+ı</]9q ?<<?<?9r‡.+}Ä‡.+}Ä<< 8108rq] rq33##†³¯îş%æşbB³&ş_¡şGı“ô=şI     æº  «@b  y ‰ 47FVh§§ 	0	`	˜  	°	%%     
– –º @    0 `   	9/]íí99] ?<<<?<99‡.+‡}Ä‡.+‡}Ä10]]+ ]#3#ÿş×¾Š¾$¾üæ¨úF ÿÿ  şiú& —  ÿÿ   è& Y    \şQpÓ ( ½@1	!	&FVƒ
6æ‰‡Š‹‡#›&ÆÖigkjyy!¸ÿè³	4¸ÿĞ@. 4" 			(
($o%%%%¸ÿÀ@	4€ N*$¹T )ö]íö2/]3/+]í3/]í9/3 ?í?í?í9/]ı910 ++]]q]#"!3"76654'$467&&5463“¤“+“„ÄqºxpJÚ¹.cS«şF·åÛÓ•aZ¬•NÊ€`–=|H„¹§X.f0v™ô=³]‚Áÿÿ Dÿè'> R    ƒşiE>   Ì@dkÊÙ÷øjj`€¨¹_bjl	blP__	P_9579IFFIVWX	YhxŠ
 
$¸ÿÀ@$%40`€  1ß¸ÿÀ@
#40% ¸ÿÀ@364ğ     Ğ à  Nö]q+íq+]ö]]+í3/ ?í?í?910 ]]]]]q32  #"'"32654&ƒîãâşıÓÅs#ƒœ†‡ª¶şi…."şÌö÷şË}ş@ÉÛÅÄËÃŞÁ   VşQÆ> " ˜@?')69 FJ † ˜¨¨· Ç ØÙ& 7 G v †	!  $¸ÿÀ@$%40  1ß$$¸ÿÀ@#40$$$@$%4?1#ö]+íq+]ö]]+í3/39/3 ?í?í/í10 ]]]&#"#"'732654&'&&54 !2Æ*ppÉîƒÂ‹|FŞ¦CU,:+`nO~ŞÙY${–#ù¨t³3%AsK‰°¥S;69/ü®ñd   ˆÿèÚ&  €@KDDTSš–P[cjs{ÀĞàÿp°ğ
 	

%p°ÀÿN% ¸ÿÀ@364ğ  ĞàNö]q+<ı<ô]í<< ?<?í10q]] q3326653#"&&5ˆ´’bQx.³ìÁ•ÃM&ı‹£’\xogı’íã…®–   şi &  â@Ÿ5¡Íğÿ0?
8w¨¦¶¹ÉÇÇÈ×ø÷	 97		  

 	 %		%


 	
	
 š 
 š 

 

Iæ]æ]ää9999 ?<<<?<<<‡.+‡}Ä‡.+‡}Ä 9910]qr ]qr33##0Ä$.ÆşzšÍşÅşÂÉ™&ı´Lı,ıeı›ã   zşi9&  ±·´àÿ¸ÿà³4¸ÿà@#4 $&4¼Êyy	’ ¸0´¸0@@264ÿßÿNº0 ÿÀ@(364ğ  ĞàN o€°àP€Àï]qô]q+íö]q+í9/<ı< ?????í<<10 ]q+++]33>53#.5z³0›ˆ´ƒš5³MêÎ´…È‹.&ıô“šg§üYb™™ıúĞÊ—şD•¤·  Wÿèè& $ õ@I &( &9H@&S\]Sdknavzuz$…‰$¯&ğ& &HH      »0  0@   # P¸0µ

#@¸ÿÀ@)$%4 0   0¯ğ  @`1ß&&¸ÿÀ@#40&&@#@$%4#?##1%ö]+íq+]ö]]rq+í9/íqr99/9/íí ????9/]íí910r]3326653326543#"'#"5õ®•€c@p%³%q@b€”­Ûªâabâ³Ò&ş·ã¯ÖdŒ~7şÉ{cÕ°ãIşçşøş÷şìïï"ûÿÿÿÑ  Ã&   ”  @ H+¹" ) ++55ÿÿ ˆÿèÚÃ&#    ğ   @p  A¹" ) ++]54 ÿÿ Dÿè'Â& R    ô   @àğ H+¹" ) ++]5 ÿÿ ˆÿèÚÂ&#    Ü   ²¹" ) + ÿÿ WÿèèÂ&&   à   @
 %'A%¹" ) ++5ÿÿ ¢  èá& (   ^ ³¹! ) +  2ÿç™º  @*fv‡"]J 	J¸ˆ@&	7 ¸ˆ² Töı<íöíí9/ä ?í??ı<9/íıí9910Cy@66
6 6++++ ]!!632 #"'732654&#"#!2’şı»ééáhƒLR—›³¼¢æÂşº­ş8cşæË²şÖ!¤%°†»^ıX ÿÿ ¡  U,&=    ûj @	§H+¹! ) ++5   dÿçvÓ  ½@©´¹+;]o±	))	)5;5	;GKE	KVT	VTjwyx‡‰¨µÈã `p€
T


	&&b/Ÿ -& c\+ö]ıä]ô]qäíí9/ ?í?í9/í9/ä9/]ä10]q ]!3 !  4$32!"YıßüÅ^Y»şş¥ş­—8Øä36¾SşÃÖóK­÷şãt1ş¿GÈJÔâÉ23şşÜ ÿÿ \ÿçëÓ 6  ÿÿ ¿  º ,  ÿÿ   5á& ,   ÿÇ @ H+¹! ) ++55ÿÿ 7ÿçaº -    ÿç)º  & ­²=¸@b&&¸H@	  €!&¸ÿÀ@$%40  1( ¸:´J-'öäôíö]]+í9/]<í ?í?í?í9/íıí10Cy@,$&&%%#&,	!6$!6,  6 "%6+++++++++++!2#!!#"'73265!26654&&#!š^óÜbÉ¾ıÃıî+Šj@Z!0"BB–„jzW]ÁşüºıoÆh‰ÕMıæÖw¬c¸úë)w`[{&  ¤  Éº   „@+  &¸ÿÀ@$%40  1! ] öı<ô]]+í9/<ı< ?<í?<9/ı<<10Cy@&%%&	666 6++++++++!2#!!#3!!26654&&##:FÑé—ÉÀıÏıîÂÂÂk|{]R§ÚìºıFÎ‰ØD¡ı_ºırúë$ycUz-  1  xº  ›@fw‡¸H@ ¸ˆ@ 
@364ÿ
À

N¸ÿÀ@464°ğp °ÿ ¸ˆµ   ãöqı<í]q+ö]q+íí ?<?ı<9/í9910Cy@%&6	6++++ ]!!$32#4&&#"#!1•ş¤Ÿì[Â6j¡ş÷Âşº­ş=^àÅş~{ŸZ\ıX ÿÿ ¡  ¢,&D   /j ²"º! )d… +ÿÿ 
ÿì&M   Ùd_ @
  A¹! ) ++5   şi!º  |@4 €à	 @` O` À `Àğ¸@ @_¸@ P °ğP/]qrıı]qíı]qrí ?<í/?<10]q!#!3!37­şÂüÃşi—ºúóúF ÿÿÿı  Yº $    §  øº   …@(  &	¸ÿÀ@$%40	 		 		1ß¸ÿÀ@#40  ]öı<q+]ö]]+í9/ ?í?í9/ı10Cy@&%&66
6 6+++++++!!!2#!7!2654&&#!§·ı^ÂåŠcÄìıÂÂ„Z Áşıº­ş<JÍˆoÁz¥€€[z(ÿÿ –  éº %    ¡  Uº  -@   ;+Nô<Mı<Næ ??<Mı<10!!#¡´ıÂº­úó   şª#º   s@/ 	
	 ¸]@+	:ßŸ¯¿ÿKe			<rí9/íö]qr^]^íôí9/í ?ı<<</<?í10]!3#!#3%!!#|„­ü7­r±ºşCb¤ºúóııVşª,)K»ıwÑ ÿÿ ¢  èº (      [» =e@¥„‹&‚(/??/?@?wp?‡€?––™)™,à?((#988#8.I.hh$ˆ,
III#vv)x,'8:: ,.,,.%&& '(''(  :8<,.1**<%(!%( '.,*:8 2<<¸]·!!=& 1»H 5 @5{=Ÿ22-O'''¸r@-@€¸r@  e=ğ p à  /]q<ı<ı]äqı]äq ?ô<íí?<<9/í<<999999999 99999‡.+}Ä‡.+}Ä‡.+}Ä‡.+}Ä ..10 ]]]]q267>32"'&#"#&&##"#67&&'&'&#5632kS=O’W_	 ]-.;@^Y‡.ğõb†yÇ`“bõñ.ŠOdE?--YNe`P?Tiºı~iÂwQ¨--“Ÿs&(Şş‚ıR®e§şrèß' k­((¨Ow’Åd‚  Nÿç‚Ó & è@SNÄ9Fe!u¥KZtÀÁËÈ(@P`p€ã?O_%ã0 @ P   %¸H³

%¸H²¸H@%	&Ÿ¯K& ""\(&b& ¹1 'ôíôíö]íô]í9/ ?í?í9/í9/]ä9/]ä9] 910Cy@#$6$66#6 ++++ q]]q732654&##526654&#"'!2# N¹·—š²¼¢]†m•o<ºE¿×üÂp—şÛòş`0kÖpy©Q`o·-*Óï Íq¿…½ÿ   ¡   º 	 Y@7/78VYivy  9  9
öí]öí99 ?<?<99‡.+‡}Ä10 ]]33##¡°Ã°üóÂºûw‰úF†ûzÿÿ ¡   &B   Ùx_ @
  A¹! ) ++5  ¡  ¢» ! ²@=‹„
,/#v‰::8% 	¸]³!¸H@#	{ ! --#  !9"öı<öäq9999 ?<<?ôí9/í9/999999‡.+}Ä‡.+}Ä10 ]]q3267>32"'&#"#&&##¡Â…lT=O’Xp
 ]-.;JfGŠ.ñõeˆlÂºı~gÄwQ¨--“ºa'ßş¥{ıR  ÿçŸº  [²¸·b
 ¸H@
	 ]€ ¸:´Jböäôí]öı ??í?íıí10Cy@	&	,, +++!#!#"'73265	–Âıî+Šj@Z!0"BBºúFıæÖw¬c¸ ÿÿ ˜  º 0  ÿÿ ¤  "º +  ÿÿ cÿçİÔ 2       !º  L¹ 	ÿÀ@4  9	€		  ¸ÿÀ@4] 	 	P	`	p	]qö+]í]öí ?í?<10+!#!# ÃıÂºúFúó ÿÿ   ıº 3  ÿÿ fÿçvÓ &  ÿÿ 0  ºº 7    
ÿìº  ¡@>f›hœ“   ]
J ¸H@	  

“ º\  \³9/ííä]9999 ?í?<<<ôí9‡.+}Ä‡.+}Ä‡Ä10r] r]33#"'53267
ÄŞ¢ÁıÚg„{KmNWGg>ºü~‚ûŒÖ„#¦-[¢  R  ÂÆ    ¶@M !!O!p!Ğ!à!%++%{	{0o“ ?p“&?oï¸Ã@
& 0`p€à¸Ã@
@

 À O°/]r<ıq<<<ı]qíı]qí ??ô]q<íô]qıä<ä10 ]]q53  #5$ 54 6654&%°¶DşÆşŞ¶şüş¦Y»¼ØÔşŠµàİ¸
¼¼şÍäßşÈ½½
)ôõ&›ı 	È¯¬É
Æ±¯È ÿÿ 	  Iº ;    Ÿşi¦º  F@- à	 `€	 Ÿ¯¿K  9ö]íö]ı9/]í ?ı</?<10]3!33#!ŸÂüÃ†¬û¥ºúóúóı¼—   W  ´º  n@iy‰¸H@
  ]€  ¸ÿÀ@4]  P`p]qö+]í]öı< ??<9/í910Cy@%6 6 +++ ]!##"&&533273´ÂşûÄ™êOÂ¯{ÍâÂOaÜ²¯şcğ—[É   ¡  µº  s@%@p€¿Àï O¸m@ P
 
@
p
€

¸m@ @ p Àïp]/]ríı]qríı]qí ?<</ı<10]3!3!3!¡ÂçÂçÂùìºúóúóúF   ¡şi:º  ‡@6@op€  °  
P
 

@
p
€

¸m@ O¸m@ @ï  op ï/]qrıı]qíı]qrı9/]í ?ı<</?<<10]3!3!33#!¡ÂçÂçÂ…­úºúóúóúóı¼—      º   o@"
 
&¸ÿÀ@$%40  1  
í  <ôı<]ö]]+í ?í?í9/ı10Cy@&666 6+++++!! !!!!2654&&#!€_Y×ùşÕıÓşB€c·¤a ºşıºıÿ  ¸ğû˜{†[}#   ¨  kº 
   …@."

&P ÀĞà@`€¯
 ¸@ 0@P€ 
]öı<]öı9/]qrí ?<í?<9/í10Cy@&666 6+++++3! !!7!2654&&#!3#¨Â^XÙèşÅıÒÂc·¥d¹şü?ÂÂºış¡ªÿ¥{‡\|"úF  ¥  öº   q@% &¸ÿÀ@$%40  1@€¯ ]öı<]ö]]+í ?í?9/ı10Cy@%&	666 6++++++3!2!!7!2654&&#!¥Â^õÜ`èşÄıÓÂcØƒ_½şüºırÄhªÿ ¥™lX{$ ÿÿ Jÿç\ÓS/À  À @  ´ \Nö5   ¤ÿç­Ó   €@b		%&+&**%FHIGP[\S{‹œ  	&	\€  &{ Ú ]öı<ö]ôí]ôí ?í???í9/í10]3! !   !  !# 32#"¤ÂpyşˆşÛşöşşâÂŸ ĞÕşúÕÙûºın8sşlş¦ş˜şj_6ı„ÖşêşÍ4!;şÁ ÿÿ   &ºS 5Ç  À @  @       ]$ö]]55ÿÿ Jÿè> D    [ÿèDİ  ( •@99
5%9'I
F%H'YYU[Q%\'=	 &	# 3  & ’š$¸ÿÀ@$%40  1*¸ÿÀ@#40**€*#$@$%4?1)ö]+í]q+ö]]+íôí ?í?í?íôä9 910 q]#"6632 #"& !264&#"326‘ŸIs¨ß¢GD¶rÑŠ½£½Òp(¸2•¢³ƒ†§İkTV½•eeşáõºî‚­O¥$üP¦Ôà»¹Äã   ˆ  ğ&   # ¼@$%/%F#+##+ +
$Ğª$¸ÿÀ@$%40  1ß%%¸ÿÀ@#40%%%E$öı<q+]ö]]+íô]í ?í?í9/ı9 910Cy@3!%% &!	  
"	<+++<++++++++]!2#!326654&##32674&&##ˆŸ™•k??Kc
Ä»ş!´ÀsVDwÆí™rBjuÚ&3ˆ_Lq&‰^—’gI3TBıGW3W  ˆ  ë&  @+ 
%   Eö]í< ??í10!!#ˆcşQ´&•üo    şÓl&   €@X+ 	
+
’  @É  	%Ï+?Ÿ¯¿ßïÿOßN+	ß				<]qríörq]ı9/]qí9/]íô]í ?ı<</<?í10!3#!#3!äs”ü¼”_¾Œ;&ünş?-şÓÁûıûøı ÿÿ Kÿè> H   ÿû  `& 8b@x'%%:/:?:`:p:¯:
 ::0:O::€:ß:ï:4;!„‹!”›!533+)'))'+% !!%"#""#53')%# "7¸@? .30H "!!
%'5)3/#! "
@

ª€ ¸(@ %8€ ¸(@O//ª ""Ğ"P"°"ğ"p"à"ğ""39õ]qräqô]q<ı<ô]qäq9999 ?<<<<?<í<ä9/<ı<99999‡.+}Ä‡.+}Ä‡.+}Ä‡.+}Ä10qq] ]26767633'"#&&##"#67&&'&'&#"5323	VFC?21kB1H+(DHuoÆÆÁ;X=¸<X;ÁÆÅpuP@@3(hUC6BEW&ş5BŸ—*)•mhP!¹ş·Id>şë=eş·I¹%W¤7•Q€DË   2ÿèb> & õ@]Ô	(U€	„‚;  P`p°Ğ 



@H     HH!
ÉÉ$!$¸ÿÀ@$%40  1(@°¹[ 'æ]qö]]+íôííôı9/9 ?í?í9/]íq9/]ä9/q]ä910Cy@*$#&!$!  "%<+++++++ ]]q5>54&#"'!2# 732654&&#"rrSJaM˜=«P2ªÁ~PPĞ»ş•:©[[yLVq	àP<IW³+º‚M+…[²C$fpgP>\  ‡  ğ& 	 •@8Vg{„+
%@364ÿÿN¸ÿÀ@464°ğp€ °À%	¸ÿÀ@364ğ	 	 	Ğ	à		N
ö]q+í]q+ö]q+í99 ?<?<99‡.+‡}Ä10 ]]33##‡´óÂ´şÂ&üÖ*ûÚ%üÛÿÿ ‡  ğ¸&b   Ù ö   @
  A¹" ) ++5  †  &  è@a>??DD”/,//L^z‹–
KK››««»»ËË
?{{%	¸@*H		
ª I % ¸ÿÀ@364ğ     Ğ à  Nô]q+ı<]õ]ä99 ?<<?<í9/í999999‡.+}Ä33]q10]q3267>33'"#&&##†´VEC5BV_$2G+)DGtpÅÆÀ;X=´&ş5BŸ~P•mhP!¹ş·Ic?ş   ÿù#&  †@+ 3

%@364ÿN¸ÿÀ@*464°ğ@`p °À%O_opß»|¹
 +9/ô]í]q+öq+í ?íä?í10Cy@	&%	 ++++!#!#"'532665ßD³ş#lf?RO80&ûÚ‘ıï¹vX–2Š  Œ  ô&  õ@rµ
Å
	FJEJ	VZ	„	ĞßĞß	õú			xx	ˆ	”›”›	¤«´»¶ÄËÆ
		•™š•	¸ÿö@H
		++
		
	%N€°À?
%     Nö]ı<]]öı<9 ?<<<?<9‡.+‡}Ä‡.+‡}Ä108r]q r]!!###Œ6´şÆ¡ş×°&ü®RûÚWü©€ü€  ˆ  ã&  s@ Ğà+		

%@364ÿÿN¸ÿÀ@464°ğp °À
% ¸ÿÀ@364ğ     Ğ à ğ  Nö]q+ı<]q+ö]q+ı< ?<?<9/í10]3!3#!#ˆ´ó´´ş´&şFºûÚ×ş)ÿÿ Dÿè'> R    ˆ  Î&  d@+ 
%@364ÿßÿN	¸ÿÀ@464°	ğ		p	 	°	À		% ¸ÿÀ@364ğ     Ğ à  Nö]q+í]q+ö]q+ı ?<?í10!#!#ˆF´ş"´&ûÚ‘üo ÿÿ ‡şi!> S  ÿÿ Pÿèí> F    &  …&  O@/	0	@	_	 	+ 
»W  W@% P°À P` °  /]qrííí ??ı<10]!!#!&_şª³şª&•üo‘ÿÿ !şQî& \    KşiJº  ) 5 Ú@jX
77[\USY Y"Y&U,V.U4jjedj n"n&h(f,e.f4yvyvvƒ‰…#0 '33!3-  % $$¸ÿÀ@$$%40 1 7@7P7`7€77 7 707@7ß77¸ÿÀ@#4077*$@$%4?16ö]+íq+]]ô]]+í9/<ı< ???<ıä?<ıä9910] ]36632#"&'##"43232654&#"32654&#"ñ´8†M½İî±:xT´6ƒL§úâ¿P‚3³„cn›pxyı^—putz{oŒºş@?şÅïùşÍ$Pşó::%ç9?@şPğ¥ËÖÊÆÎºáÆÅÅÒÒÍ ÿÿ   ñ& [    ŠşÓX&  Z@_+
	%	+¸@`€ÀN% ¸ÿÀ@364ğ     Ğ à  Nö]q+íö]rüíí ??ı<?<10]3!33#!Š´ò´t”üÆ&ün’ünş?-   E  £&  Q@H	
	%
N% O  (ö]íôı< ??<9/í9910Cy@&%  ++++33273##"&&5E´vYf¢´´¦y¹B&É‚uW6áûÚ¬4{²k    İ&  ¡@D p 0O`p Àï+
%0	 		0	@	°	Ğ	à		 	0	`	p	€		¸Ä@%@%/¯ß 0Ğà 0`p€¸Ä@% O    Nö]qríı]qrıqı]qrí ?ı<?<<10]]3!3!3!´š´›³ú°&üo‘üo‘ûÚ   şÓT&  ³@O O`p Àï+
+0Pp %0	 		0	@	°	Ğ	à		 	0	`	p	€		¸Ä@%@%/¯ß 0Ğà 0`p€¸Ä@% O    Nö]qríı]qrıqı]qrí]9/í ??ı<<?<<10]]3!3!33#!´š´›³w•úÎ&ün’ün’ünş?-   (  ·&   p@!+
+ +

$ß¸ÿÀ@
#40%
¸ÿÀ³L4
¸ÿÀ@4

 @L4 Ş+<Ş]++ı<q+]Şí ?í?í9/í10rrrr!32#!!32654&##(ÛåóÜÕĞş=şÙÛ½¬{©Õ&şa½‰³‘ıS\T\  ‹  .&    †@/+ +
$P


`
p
€
À


%N%¸ÿÀ@364ğ  ĞàNö]q+ı<öı9/]qrí ?<í?<9/ı10Cy@ 	++++3#332#!732654&##z´´ü´äßñÉİş>´½«’l¹Õ&ûÚ&şa­˜…½”TYEl  „  ì& 
  Ÿ@+
 +

$¸ÿÀ@7$%40  1?_Ÿ¯¿ß¯¿Ïßï% ¸ÿÀ@364ğ     Ğ à  Nö]q+ı<qr]ö]]+í ?í?9/ı10Cy@ ++++332#!732654&##„´äßñÉİş>´½«’l¹Õ&şa­˜…½”TYElÿÿ +ÿÛÊ>S}  À @  ´ 7Nö5   ‰ÿè­>   È@q
4GZ_PSS_[noeccon¹ËÙÙÛÙÛÕÓéçùû÷ùúõó"+  
$0ÿŸĞàğ $
¸ÿÀ@$%40
 

 

1!% ¸ÿÀ@364ğ     Ğ à  N ö]q+ı<ö]]+í9/]qı< ?í???í9/í10]q336632#"'##"32654&‰´Úí½¡ºyúÖÇğÚ´Z„“”|{ˆ&şDäğ‚äÁşíşäæş*¥Ë·ÛÌ½ÒÍÍ     Ë&   ¢@H	4D[TÔy$
%				’+	
	% N	($‘öíäöı<9 ?<<?í9/í9/99‡.+}Ä910Cy@   +<+++]q##"#67&&5463!"33Ë³h_]YßÂYXš•Ã¹9ÿ ¡]‰®Ç&ûÚ1…èƒ´uŠ¬•dC_Yÿÿ KÿèÃ& H    ß   @¯""
PH+%¹" ) ++]55   şQèº % É@!%5F6Ez‹¸ÿÀ@/+4Ô	   $%
  %@364ÿÀN'¸ÿÀ@464°'ğ'p' '°'ÿ''#
	$%%¸ÿÀ@364ğ% % %Ğ%à%%N&ı]q+<ı<9]q+ö]q+í/]//]3 ?<?í?9/<99ı+<99?í3/3/10] ]#'353!!6632#"'732654&#"#‡†‡³Wş©=¡c¯¾˜rO?"4 /?qqcµ³Áw‚‚wşêJI¸åı%î‡™?œ×ŠÔı»ÿÿ ˆ  ëÂ&]   x  ²¹" ) +   KÿÛê>  ¦@:EUUklls	s
{tu…•_o"0@` ¸ÿÀ@1 4+$š$7$@$%4?14¹
 +Nô]+Mı<Nö]Míôí9/ ?í?í9/í+9/]ä9/]ä10]!32#7 32&#"ş‰‘ä)°ë¾âøß²Ü¯,Ñx™j”­­¯Ö9ÿ(½•Ù± ÿÿ ?ÿè±> V  ÿÿ ˆ  <º L  ÿÿ 	  :Ã& Õ   Ì  @ H+¹" ) ++55ÿÿÿ¢şQ:º M    ÿúø&  " ‡@,$+""	++	+	

 %@	`				$¸ÿÀ@$%40  1ß$$¸ÿÀ@#40$$%O_ß¤š#öö]íq+]ô]]+ı9/]qı< ??<íí?í9/í10]32#!!#"'5326532654&##DåÜóÄâş>ş'ohoG(?([½¬’kºÖ&şa¬™€Â‘ıï¯G“
N“¼ünSZFk  ƒ  9&   @&+

+
% /$¸ÿÀ@$%40  1ß¸ÿÀ@#40%¸ÿÀ@364ğ  ĞàNö]q+ı<q+]ö]]+í9/]<99ı< ?<í?<9/<ı<10]32#!!#3!332654&##…åŞñÊÜş>şf´´š´½­kºÕl¦‘´×ş)&şFºügOTBe      èº  ²@%5FzŠ ¸ÿÀ@'+4Ô
 

 %@364ÿÀN¸ÿÀ@464°ğp °ÿ%¸ÿÀ@364ğ  ĞàNö]q+<ı<]q+ö]q+í/]/ ?<?í?9/<ı+9999910] ]53!!6632#4&#"##'‡³Wş©=¡c¯¾´qqcµ³†8‚‚wşêJI¸åı_¡ŠÔı»Áw ÿÿ †  Â&d   x  ²¹" ) + ÿÿ !şQî¸& \   Ù ·   @
 "A¹" ) ++5  ˆşÒã&  x@'	+
 +_o%@364ÿÿN¸ÿÀ@464°ğp °À%¸ÿÀ@364ğ  ĞàNö]q+í]q+ö]q+í9/]í ?<í??<10!#!3!3€•ş´ó´şÒ.&ün’ûÚ   ¡  ¬P  #@ 	 9öí9/í ??í/103!#ÿ­ı·Âº–ı½úóº   ˆ  ¼  (@ +
 % 	%Eöí9/]í ??í?103!#w•ş0´&–ıÕüo&  AÊÀ[  @	 « «ææ /í105!AÊ‘‘      @º 	  ! % Ü@2'(/'Š†ª£ª7fu…8º*¸f@!*M#"5$%u 
$Å%Å^
¸b@^>' 		 ù&ö<ı<öíıíää9/ı<99 ?<ô<ı<şíıí?<99‡.+‡}Ä10Cy@*!     ! ++++++++ ]]33##4632#"&732654&#"!! ÃÍ¹Âı/¶ÏÇ¤£ÃÉ¥Õ¯kNIquFKmœ©ıWºûpúFkû•±ÒØ·¹ØÃÔ†ˆƒ…Œ}‚ı~”   -  Y&  :@!/


 +%	 %	BBÄ|ææääíí ?ı<<??10]#!5!##ù´şè,ò´”ül”’’ül”  şR©ÿÎ   1¹  Ó·@4½Ó Ä  Ó¶@4/+<ı< ?ı2/+ı102#"&&5462#"&&546U&&&+)&&&02&%%5Ô&%%$0  şRŒÿÎ   * 7 F c² ¸Ó@%@48+½Ó @ 1Ä .Ó²55¸Ó´å<!¸Ó³D(å¸Ó@	@4HG9/+ış<ı<şı9/í ?<ı<2/+<<ı<<102#"&&546!2#"&&546!2#"&5462#"&&546!2#"&&546r%%&+%&&0)+&#10şÎ50$%,~%&%02&%%5'%%$05%1#$0Ô+)#1%5'%&$0  1şRyÿÎ    P´d ¸Ó·@4ºÓ Ä¶U	¸Ó@_			@4		! 9/+]r<ı<ş2/ ?ı2/+ı2/í102#"&54665!2#"&&5466%(,,($0&ş$P¤%,(%'2551#&rhhb'5&%  1şRyÿÎ   # l@ d ¸Ó·@4½Ó Ä  Ó@" 	Uuuu/?@ "4@-/4@?C4%$9/+++qôıäş<ı< ?ı2/+ı2/ı<9/q102#"&54665#5!#%2#"&&5466%(,,($0&ş•qPk%,(%'2551#&şú”hh”2'5&% ş©ÿ7  ½  Ó  Ó /í /ı102#"&&546U&&&+É&%%5   ~ş,ÿ7   '± ¸Ó²¸Ó²j
¸Ó³9/íşí /<ı<102#"&&546!2#"&&5466Ò60$&0*(,&%'É+)#1%$05%&%   ~şR,ÿÎ   * H± ¸Ó@	@4¼Ó $Ä  Ó´((
¸Ó²j
¸Ó³,+9/íşí9/í ?ı2/+<ı<102#"&&546!2#"&&54662#"&&546Ò60$&0*(,&%'i&&&02+)#1%$05%&%Ô&%%$0  ŒşÅÿ-  µd /3/ /í105!Œ’şÅhh  ŒşRÿb  (µdŸ ¸Ä@u	9/3/ı2/ ?ô<í105#5!#’şR¨hh¨ ©F   ¹  Ó´¸Ó·/¯/qí /]í102#"&&546U%&%0F&&&#1  şQšÿÍ   - Y¹ Ó³' ¸Ó@@594@!%4@4¼Ó 'Ä #Ó²+«»Ó  Óµ«/.9/öíıöí ?ı2/+++í9/í102#"&&54662#"&&5462#"&&546d%&%&&&&0%%&03'%%%l&%%$0h&%%$0 î©–  ¼ Ó   Óµ
/

/qí /í102#"&&546U61#&+–,($0%5 !şQ‰ÿÍ  ¹  ÿÀ´4 ¸Ä²d /í ?/+103#!hh3ş„   }…“%  µ ùî /í /ı105!}…     ŒãK  µ dn /í /ı105!Œ’ãhh   Òÿìa  ³ ¸È²  ¹Ç öıæ /3/103Òúë ³G  ½ Ó   Ó 
/í /í102#"&546_)+'#16G5 $1#), ÿÿ¬G  ½ Ó   
Ó /í /í102#"&546¨(,%$05G5 %1#),   ¹  †&   @ << </í<< /í/í105353¹ÍÍÍYÍÍü§ÍÍ  i  J%  Ñ@z&8:;;	9;HMIM	IMUV	VgsŒ	‚€§Ø ×)(=?	¦Ú	 	
  


	
 

	¸`·€    ¸Ê¶
 
¹É ö2í/3öí3/]í93323 ?<<<?<<<9‡.+‡}Ä<<‡Ä<10 ]]!##7366773Jìşk^+Æ+²÷ëT>1Æ_u=3›ş‘o Z\ş%)gvÕÛµG   2  )1  V@ Tcâ ù
ùù
ù   ¸Ì´¸ÿÀµ4¹Ë ö2/+3/ö2/í ?í3/í/í?ı<10]%3!5!4&&#"'63 €©ü	B­·Aˆ‡˜   j”•Xøü     è1  ±@Q#/8
4K
Y
j
{
…©º#


è
ùù
Å¸ÿğ@ Ÿ¯¿/¹È ö]2}/]3ı23/833/ä99 ?í3?í?<<<|9/í399‡.+}Ä‡.+}Ä10]#"#76634&&#"'632†b»I{R;ÃTKÆIVG=0Caˆ4®şºş˜•o¤’[VY6
˜f•  -  ä%  .@
ù Ÿ ¸Ì´	0¹Ë æ]öô]í ?ı<?10##!5!äµ¾ı¼·…ü{…    –  @1   J@24EEVVfù 
ù  ¸È·   ¹Ç öí3/3/öí ?3ı2?<//í10]63 #4&&#"#–µ«Lş¿Jµ­ˆ§»¿öşıÃ
Ÿ•MşçıªV  ›  ^%  ´
¸È²  ¹Ç öıä ??10#^Ã%ûÛ%  _  â%  H@ 	
 èù  		 ¸Ì´ ¹Å æ]æ]9/í9/í9/ ?íí?10]"#54'&547!5!â™­	À‡şôƒ¯“Tòf“®jÜJ1¥q    ›  91  3@csCS

ù ¸È³ ¹Ç öíôí ?í?<10]]!#4&&#"#6329¿4œ’Ui¿Ö³Äïb?u†Qüƒ#sÀ¬   Œÿã@;  m@)/k{#FVk{ùù ¸ÿğ@Ÿ¯ 	 /¸È³  ¹Ç öíö]í9/]3/8 ??ı2/]?í]]10]]33266554#"'632#"&&5Œ¿­kr…(‡_O<l§ŒOß¯šãZ%ıÙë–jª‡éjb²ÜÔLÎè¦˜èĞ   › ^%  ´¸È²  ¹Ç ôıæ ?3/10#^Ã%ıÛ%   (şh‚1  >µ+
;
ºÿğ ÿğ@ù  ù   ¹È öí3/3/ ?í3?í?1088]63 #4&&#"(š€*¿Y¸zl”ãşïü+¢­’B  PÿğV7  ]@8JJ	\\	YY*,	;;	Ÿ  ŸŸ
Ÿ  ?& ¹Æ ö]í3/]3<3// ?í3/í?í3/í10]]77326654&#"'63  #"P^cqšSµ©d]u\
+ö¾]¬]ªo§Ò¬şÊïœğ–  <  Fº  ;@6DTuƒ

ù   ¸Êµ  3/íôí9/í ??í?10]!#546776655!3úL*46Q¿31<,ıµ¾%şøp‹GHm|ª‚?L8ZG5  ›  91   0@CSfù
ù
 ¸È³ ¹Ç öíöí ?í?í10]!!6324&&#"9übÖ³Äïb¿4œ’Ui#sÀ¬şNŸu†Qı#   P  >1  ›@
)6ZZij	 ¸ÿğ@?       ùù
 
?_ 
¹È öí3/]3/9 ?<<í?<?í9‡.+}Ä‡.+}Ä9/ 8810]36632!5!4&&#"#6ô¤»N/Èsz±Pıİb_Hp7KÁTj»êg}ğñş- 7°¡eçşãşw;  ›şh^%  ´¸È²  ¹Ç öıæ ??10#^Ã%úC½  <  <1  H@*$/4ù

ùù
 /¿Ï¹È ö]í3/]33// ?í3/í?í10]!!5!4&&#"'632<ş AUG=0Caˆ4 VY6
˜f•ˆ   Zÿá>B   H@*/7GSYY	SS\\S§	¨çéùù&¸Æ³& ¹Å öíöí ?í?í10]4 32#" 732654&#"Zá†Ø”pâ áşïÑ˜‰”š‰‘ş6uÿ ¿ø˜1ü¼Ñâ­ÀÖç  ÿµ%  @J‡ 5y yuu‰  ;i     ù   ¹Í öí3/]3/9/3339/ ?<</]ı99‡.+‡}Ä10]] ]%36653'6<¸ÉªV
Á
U¤şÃşÚ³¤ü—Cû¾mşçË¤Å‘x1¦   nşh÷1  Y@	8I[¸ÿğ²¸ÿğ@lù  ¸È³  ¹É öíöí9/3/ ?í3/?9/í1088]327#"&5632#4&&#"&{2";L‚“´Áğ$¾3 bşçz‹Œ‹5Æşçü×o‰\  sÿğ7   l@6MKz‹//==lù

ù  ù

 & ¾Æ " Ï  É !ôíô]í9/3/3/3/ ?í3/?í3/í9/í10]]632  !"'732654&#"327#"&5z­½é8şÀşâÃq.b—«÷Â¢TR{2":M‚’5şîşüşÿşĞG?ÃÄ¬ÑÂ{‹Š  şha%  Š@L	Whffxvéù&/6HGXl  	 /o	¸ÿğ@ ?_ 	¹Æ öí3/]í89/]qí9 ?<<<?9/]í3810]]q36673YşÀË O@
Ç!şòşh)”ıï/saşÍşòiüí  
  f%  ƒ@/::
H
v„ºÿğ ÿğ@
º


ù
		¸ÿğ@/ 
  ¹Æ öí3/<33/]833/ ?<<?ı9‡.+‡}Ä99 9988810]!5!36657f
!jtãıı¶Ù'K@
%¿_u|Cşq …ş)7}s°   –şhø%   F@uƒ

ù    »Ê  ã² ¹Ç ö2/íö]í9/í ?í??/10]!#546776655!3–b)55R¿'>;+ı\·%şøq‰HHn{ªm‡NL7YIúãîü  (  ‚1  B·+
;
I
ºÿğ ÿğ@
ù  ù/    ¹È öí3/]3/ ?í3?í?1088]63 #4&&#"(šBı¾>°k•ùûıÃ
‘”\  dÿã*% ! x@M+/#15==1HHY\ZhjjurtvyŒ‰‰!ù! ! ¸Æµ#  !¹Å "ôı22öí9/í ?<<?í9/310]2653326673#"&&jªÀQ¯”¶…{°T+À$lşõÓ»ı}%¬ş÷fj”ş²UXbIl‚u¹«ÇşwİşÚ¶µP%   (ÿø“1  `@4IIZeuè  ù

ù

  @  
		/


 ¹È  öí3/]3/3/3/9/qí9/ ?ı2??í3/í10]773265"'632#4&&##"(!4=E4V}äëî ‡¿/¶`%ut^=PdŸPÕÏıÃ
›Zı}djD   ›  W%   %¶
	¸È¶  ” ¹Ç öıöıæ ?<?<10#!#WÃşÊÃ%ûÛ%ûÛ%   ›  W%   %¶
	¸È¶  ” ¹Ç öıöıæ ?</?10#!#WÃşÊÃ%ûÛ%ıÛ%   › W%   $µ	¸È¶  ” ¹Ç öıöıæ ?<//10#!#WÃşÊÃ%ıÛ%ıÛ%  Z¤‰%  @  <d¬ /íüí ?3/<103ZbÍ¶¤ş   Z¤ü%   0@ <d¬_   <d¬/íüı2/]íüí ?3/<<103!3ÍbÍ¶şbÍ¶¤şş  ›  ë%   j@	¸Òµ	
¸Ò²
¼È Ğ Ñ´  ºĞ Ñ³¿Ğ Ñ Ğ 
Ç öıöí<<öí<<öıæ ?ı<?<ı</]/?10#4&#!#!23!2653#^¨FNş!¨¨‹ıÊ¨ßX<¨ˆ“şA®MCüj%•üpÍıÂNBüés›  ÿ¬  ^G   2¹  Ó·¬

¸Ó´/¸È² ¹Ç ôıæ/]í ??şí102#&&546#)+&%/1ÃG5 &2!%0şŞûÛ%ÿÿ (şh‚1&ª   ö @ A¹Ú ) ++]55 ÿÿ (şh‚1&ª  • ö ,@P°¸ÿÀ@	4 A¹Ú ) +++]q5ÿÿÿW  Fº &¬  –şV   @
 &&A¹Û ) ++5ÿÿÿW  Fº &¬   '–şV  ˜á9 5´ 00¸ÿÀ@4 0)A 33A&¸Ü³)¹Û ) +++5++]5   -  Á%  w@I/;	:
yy	y
***	*
<;	º	:ù
			 /¿Ï¹Í ö]í3/9/3339/ ?<?<ıä9‡.+‡}Ä10]] #!5!363·şûêşv±É¢î
Áş(şÌ …üyC×mÿÿ dÿã*F&¹  –}   @O.
..A"¹İ ) ++q5ÿÿ dÿã*F&¹  –ÿj   @
 ..!!A"¹İ ) ++5ÿÿ dÿã*F&á  –}   @O;
;;A/¹İ ) ++q5ÿÿ dÿã*F&á  –ÿj   @
 ;;!!A/¹İ ) ++5ÿÿ işÅJ%&   ” ë   @
 A¹Ş ) ++5ÿÿ işRJ%&   • ë   @
 A¹Ş ) ++5  i  J%  %@M‚€§Ø ×UV	VgsŒ	;HMIM	IM&8:;;	9?	¦Ú)(="¸Ó@,°
 	
 º


	
 

¸Ó@!  ¯¿/	¸`·€    ¸Ê¶'
 
¹É &ö2í/3öí3/]í933239/q]í ?<<<?<<<9‡.+‡}Ä<<‡Ä< 9/]í10 ]]]]]]!##736677346632#"&&Jìşk]+Æ+²÷ëT>2Ælgş­&&&&=3›ş‘o Z\ş%)mpÕÛœ¯>şİ%%%%ÿÿ 2  )1&¡  ˜ì  @  ` A¹ß ) ++]5ÿÿ   è1&¢  ˜ØF (@@$€$ $P$$°$À$ $A¹à ) ++]q5ÿÿ -  ä%&£  ˜N   @  ° A¹Ü ) ++]5ÿÿ –  @1&¤  ˜ÿ¾ @@p° A¹á ) ++]5     °%   F¹ Ó@
  @CD4 @=5Ÿ O ÿ  »È  Ó@	/@4/+qíöqr++ı ??/í10#2#"&5466°Âš%&5&%ûÛ%şq&&+)%     ;%  " n@
$$Pb¸Ó@1	
 'ù  		 @4OÏß@4¸Ì³$Å¹Ó  /ıææ]+/]q+í3/í9/ ?ıä?/]í10]"#54'&547!5!2#"&&546;™­	À‡şôƒı%&%0¯“Tòf“®jÜJ1¥q şª&&&#1 ÿÿ Œÿã@;&¨  ˜   @
 (!A¹ß ) ++5    °%   M¹ 
Ó@   @CD4 @=5Ÿ O ÿ  »È  Ó@	/@4/+qíôqr++ı ?3/]9/í10#2#"&5466°Âš51#5&%ıÛ%ö+)#1,(&ÿÿ (şh‚1&ª  ˜¸ @
 A¹á ) ++5ÿÿ PÿğV7&«  ˜õÌ @ "`"p" "A¹ß ) ++]5ÿÿ <  Fº &¬  ˜9 #´ !!¸ÿÀ@4 !A¹Ü ) +++]5 ÿÿ P  >1&®  ˜?ÿ¼ @
 %A¹ß ) ++5ÿÿ <  <1&°  ˜ÿbÿÎ '±¸ÿÀ·4¸ÿê·A¹ß ) ++]+5   Zÿá>B   ( ‚@!/*\\S§	¨çé7GSYY	SS"¸Ó@Ÿ ß/ùù¸Ó@&O&_&&Ÿ&&&&¸Æ³*& ¹Å )öíöí9/]qí ?í?ı9/]qrí10]]4 32#" 732654&#"2#"&&546Zá†Ø”pâ áşïÑ˜‰”š‰‘#%&%0ş6uÿ ¿ø˜1ü¼Ñâ­ÀÖçY&&&#1   nşh÷1  ( Ÿ@ 	 "4	 4IK[‹¸)8=¸ÿğ²»ÿğ  Ó@!!l)ùÅ¸ÿÀµ(4U¸Ó@%@#&4%@4%%  /¸È³*  ¹É )öíö]í9/++íş+ä ?í3/?9/í3/í1088]]++327#"63 #4&&#"2#"&&5466&\-6Dù´Áú¾?¥~b%%&'şçz‹5æùü×u‘Nş£%%&%  sÿğ7   - ’@MKz‹//==!¸Ó@((lù

ù  ù

 ¸ÿÀµ#4>%¸Ó@+@!#4+@4++& ¾Æ / Ï  É .öíô]í9/++íî+3/3/ ?í3/?í3/í9/í3/í10]]632  !"'732654&#"327#"&52#"&546z­½é8şÀşâÃq.b—«÷Â¢TR{
'Bb™
%0$#105şîşüşÿşĞG?ÃÄ¬ÑÂ{‡ƒ‡I%$00$#1 ÿÿ 
  f%&¶  ˜ÿeÿ @ 		AG¹á ) +q+5ÿÿ –şhø%&·  ˜ È   3@#@>C4#@374#@4ÿ#p#¸ÿ£·#A¹â ) ++]q+++5 ÿÿ (  ‚1&¸  ˜¸ @
 A¹á ) ++5  dÿã*% ! . À@Z/0ÍËËÚÚ¤¤ªª»»yŒ‰‰›™jjurtvHHY\Zh+15==1"¸Ó@((!ù!%¸Ó@o,,, 0! ¸Æµ0  !¹Å /öı22öí9/]ı9/]í ?<<?í9/39/í10]]]]]]]2653326673#"&2#"&&546&jªÀQ¯”¶…{°T+À$lşõÓ»ı}#10$%0%¬ş÷fj”ş²UXbIl‚u¹«ÇşwİşÚ¶µP%ş1##1'#1 ÿÿ (ÿø“1&º  ˜†ÿ£ @ )°) )"A¹á ) ++]5  ›  ^F   2» Ó İ´
¸Ó³¸È²  ¹Ç öıæ9/í ???í10#2#"&&546^Ã`%&%0%ûÛ%!&&&#1ÿÿ 2  )K&¡  › †   $@@4 à A¹İ ) ++]+5ÿÿ PÿğVK&«  ›d  @
 A¹İ ) ++5ÿÿ sÿğK&´  › ¼   #´@""¸ÿÀ@	4 "#A"¹İ ) +++]5   <  dº  À@Slqs	'4K KWoŠ‚
 	


   	 
ù	¸`·€    ¸Ê@
u  ¹É öí3/ı<ä<2öí3/]í93332 ?<<<í?<<<9‡.+}Ä<<‡Ä< /10] ]!##7'#3366773dìşk]+Æ+²†¼¾xT>2Ælg=3›ş‘o Z¼5şkş%)mpÕÛœ¯>  ÿÜşí $	  ´ «/í //10#$H	ùä  ÿ%şí Û… @MMåå¸ÿÀ³	4¸Ø@
å	å	@	4¸Ø¶@??4¸ÿÀ@44@4@[\4@&)4@4"	4å
å	@+-4 ¸Ö@		@+-4 		ºÖ ÿŞ@+34«åå¸ÿÀ¶+-4ºÖ ÿÀ¶+-4¸Ö·"+34/3/+ä]+ä]+ììı2/+ä]+ä]+ìì /+3/++++<<3/++ı+<ììı+ì<ì/10 ]r#'7'77'$H†1««1ªª1««1†şímˆ1©¨1««1¨©1ˆ ÿÜşí®… 
 _@6
å	r  år« r«
å	å	è"()4@	4¥«/ıö++<ô<ìì<íí /<ı<ôä9/ôä/10'7!#!'7®Ù1‰şöGQ‰1®Ö1‚úbå‚1  şQşí #… 
 z@.@	
4år		år«	«	
r	«  
ååè		¸ÿŞ³()4¸ÿÀ@	4¥«
@	
4
¹Ù õ+ıö++<ô<ìì<íí /<íıôä9/ôä/10+#!'7!#Gşö‰1ÙÙ1‰Qşí‚1Ö×1‚   «íŒ  C±
¸ÿÀ³4
¸ÿÀµ4

¸ì·

  ¸ÿÀµ4  ¸…/3/+9/9/3 ?3/++310#"&54767íP?MfX+V!;7Ù¡5Tk•p7=76(G660   âà   ]±
¸ÿÀ³4
¸ÿÀ@4

¼î ì í@

  ¸ÿÀµ4  ¸…/3/+9/9/33/í ?ı2/]3/++310#"&54767#"&54632âP?MfX+V!;7ÙC00GF11Bõ5Tk•p7=76(G660ş"/EE/0DB  Cœ± ' 3 ƒ¹ ÿÌ³4¸ÿà@
4@4@	4ºñ %ò·@	41¼î +ì ñ¶(.

 ¸í@@4€""(ºí .$…/í3/3/]3/+í9/9/í ?ı2/+?í9/++10++#"&54654&#"'4774'&'&54632#"&54632œ$)@2Bn@4AS*@*
=J~K´…x¨¶I41HI43F¹>/5B,DD"*I51Lt"izBR
48BpYo‡²‰ül3IJ24IJ  y “è3 $ —µ 4!¸ÿà@4@4# ºï ÿÀ·	4#
¸ï²#¸ïµ


¸ë@##  &¸ÿÀ@	
44ºó …/í9/+3+3/3/9/9/9/ ?3/9ı2/í9/+í9/+910++'6767'&54767632&'&#"6è0˜bq]t3(0>PQK1(4%='0h</_‹¤&/6W.'"B"( TdCV+	.ƒ'6")&"C   %îÓ  ½ ï ë  ğ±/ä ?í10!5!îşî%®   F×œ=   D¹  õ²¸õ@	@	4¸õ²ºõ ô´ ¸$…/<3/< ?í3/í3/+í3/ı10476476œ3[È,S×\È,S=.+%P+(#>0%P+(#   F×åZ / : ­@	9	%#-ºõ 3ÿÀµ4339¸õ¶%%#¸õ²#ºõ ô@9	0%5)# ºö 0ÿÀµ	
4005¸ö@)@	4))ºö ÿÀ³4¸ÿÀ³4/++ı2/93/+ı2/+í9/99999 ?ı2/í9/9/ı2/+í9/9910'#67654&#"6763267&'&5476324&#"6åV.:GW(."&E?'+5&G%A"
/)C6$B	%
#F7B*/ //4&U&   Fşöœ [   E¹ õ²

ºõ ÿÀ¶	4 ¸õ²ºõ ÷´ ¸$…/<3/< ?í3/í3/+ı2/í10%476476œ4ZÈ,S×4ZÈ,S[/,#Q,(";/-#R+*#  Fbœ1  #¹  õ²ºõ ô²  ¸$…/3/ ?í3/ı10476œ4ZÈ,S1.-#Q,(#   H×­Š  ( Šµ'ºõ !ÿÀ@
4!!'	'¸õ²	¸ô@ '$  ¸ö³$¸ö²		ºö $ÿÀ³4$¸ÿÀ³4$¸ÿÀ³4$¸…/+++ı2/í3/ı2/99 ?3/í9/3/+í9910'##6767&'&54632'4&#"6­S2J2I5G@!M-*K&
,}$27H83'Be8()7]."   FÿÕœ ¤  #¹  õ²ºõ ø²  ¸$…/3/ ?í3/í10%476œ4ZÈ,S¤0,#P+("  F×± ( ‡@%&!&@	
4&&!¸õ²ºõ ô· &¸ù´%%¸ù²ºù ÿÀ³4¸ÿÀ³4/++í3/ı23/ı299 ?í9/í3/]3/+9/999910#"&'#"&54677327677327657±3 #**+&ÅK06$ 922 	$#8K12(+/   F×Q   -¹ 	õ²¼õ ô  ö²ºú …/í3/í ?ı2/í10#"&546324&#"326Q\C66P;6J<N$!1"w>b<6MwZWD-# |ÀÁ  @


 4
  /3/99+ /3/10&'&'667ÁU0 U#"89&èWle0"D[v_1,  .%»  ;²¼ò ë ÿğ@	4@4¹û /í3/+9/9+ ??9/10#474'&'&'7":-O(J`O0D#*ÇZw´sÔ¸~@ZØ_Qs€˜   ·%!È   p±¸ï@@4¼ò ò ëµ@4	¸ÿô³	4¸û³¸ÿÖ@4@4¹û /í3/+9/9+3/í++ ???9/9/+ı910#"'#'&&'7327677!49h8&L0ƒƒBC4_jp+ nBHP/OÔ²CU¦÷¤Ê_.TK)k#]   %ÄÈ ) –· 4¸ï³$$	¸ï@&A	ò  ò ò ë  û³!!'ºû &ÿÀ@4&&€		@
4ºû ÿÀ³	4/+í3/+9/9]33/+í9/í ????9/9/]í9/ı910+#"&'##4'&'73276733273Ä_c9T"hI%(8D4ƒI4<CRU0) 84i!c}„$%89I'G q?u™Ü…eÁíV,1:2\\J¦I ,%.µ + e³„¸ÿÀ³4 ¸ÿÀ·
4  ¾ï ò  ï ë¶  "¸ü³(¸ü²ºü (.…/ı9/í3/í9/32/3 ?í?í9/9+10+]"'&'&5476767&'&5476767.?ZSnCR#>!\UUeJ9mL]o%XKFGLD??D‰YïÊ")=9<3B#W !-.LdMbDGÀ)+$ !HBAM)0   ¾ú€ù  ! @@@4 4@	4¸ï²»ï   ş²ºı 4…/í3/í /ı2/í10++ +#"'&547676324'&'&#"326€gu×yFP,2FV\vöJPCe]/B,$E?|zœ™­q*0[Q‡˜bxîÜ9B7-)ZIHR&#I  ¯@G¯ ( o¹ (ÿà³4'¸ÿè¶	4¸ÿ³ ¸ÿÀ¶4  ¼ò ë û¶¸ş@#@4##  /3/3/+ı993/í ??9/+9/ı9910++&'&'&54767#"'&5465732767G&A!8$0J/œ0&$.jOcU.$ä+%=[o£:=¶	 N!„"7%g3WA¡nWH   %¬¯  i@  4&44	4 @4@
4	 ºò 	òµ 	4ºÿ ë@	  	¸G…/333/3/333 ?í+??9/++9/10+++#'376¬”®)@Ç£$›eb?
'YV¯şá—ş^şÎ3„’=µÑËşøÙÒ   š1Æ»  o@T4&44	4 ¸ÿÀ³4 ¸ÿÀµ
4  ¼ë ë ÿà³	4ºÿ ò@ ¸G…/333/3/333 ?í+??9/++9/10+++&'#6763Æ$”Ş1+ *<?nYV23?;PBsşÄ™Èıár—v|ˆ…ÕÏCî”nZ   Û%MÌ  ' j¹ ÿà@4	
4% ¸ÿÀ¶4  ¸ï³%%¾ï ò ë ı²""ºı ıµ  /3/3/íı2/í ??í9/í9/+9910++&'&#"&547676324'&#"326M=d DD!m&@RoS+#"®P<pbFVúÕ=v-ZT>[tG[WF‹V¨æ])
[/@Z'*.   … ¬´8    P@	4¸î³		¸î³¸í²¸ ³ ¸í²¹  /í9/í3/ı9/í /3/í/3/í10]+#"&54632%##"&54632´L76ML77L ı>m¼DL87JK66N¹7NO65JHGú†zú÷6LL66ON   Á 0×"  9¹ ÿÀµ4¸ÿÀ¶4¸ì@	  /3/9/9/3 ?33/+3/+10'6765&'&54632×&;"J*E)1%)K69VšUI;9!777-( $<6MP  ³:dô g s¹ ÿà³4#¸ÿà@24#0qe6kY 4B 4YBGN,9ak*qFU;`kG¼û û qÿÀµ
4qqTºû GûµkkkN¸ò@
 4\ 4
\_   QahKn?¸ÿà³4&¸ÿà@4?&,P333FGTUn`ah;*n,ºû aû·h@
4hh9¼û ,û n@…/åå3/+åå999992/q99++99993/q99++ ?3/]åå3/+åå9992/99++999999++10#"''#"'#"&5467'#"&54767&'#"&5463267&'&546327&'&5463267632676324&#"326d,!5JJ
vV%4j		! !$"!.0$VqC!;+!+*",k3=<V$/.(! !%?..$UI.
A!<+#*şÏ–$:/6'ÏD"<,('-n3	@?P&6.7
#$%-6(PL4	CQ1+*-m2
zQ(5-$"#            !!%!!  ü Àü@ û  À           !!%!!  ü Àü@ û  À   6
q   P@	 4¸ï²ºï ë@	¸ı³  !ºı (…/í3/í9/999 ?ı2/ì99+10#"'&54767'74'&'326.G½I07# !=µ#xWn/6-	908„LGn!=F\NO©_T§&?1'#39?          !!%!!  ü Àü@ û  À   -¤Ã , ·¹ ÿà¶4¸ÿà@	4 ¸ÿÀ@
	4¸ïµ ¸ò³  'ºò 'ë@
$&  ¸û´& ¸û@ & ' @4  &¸û³0''/]í3/+9/92/í9/í999/3 ??9/?9/]í9/9/+9999+9910+76632&'&#"3267#"&'#4'&'&KZJG_[=1-1!1.]q3IRr>›z;E(*	3#'"D6Ëğ¢`*£‘<it8K“š`A2kéÛ´Ÿq   ˜F‡ª  , {@# 4 4! *	 @4 ¼ÿ ò ÿ²		*ºÿ ë@!*4 ¸ş³.'ºü ,…/í3/í9/39/+399 ?í9/í?í+9910++7#"&'#"'&54732654'&'326®BÒi\AJk0,Y/_=A¢ÄPM(0AWP)0@'1D=+GÏÛÑĞ¶—xiw%47_qäıÔ 3'J‡|+CYRgJ@J  Ë-{½ # yµ 4
¸ÿà¶4¸ï¶¸ï³ ºò  ë@@4@4##¸ó²#ºû  "…/í3/í3/39/39++ ??9/í9/9/í9910++47"&54676632&&#"3267XGQ•NK;v-5sK
IM1}•l_V{-b^hDM-«.…?>/‘YJRV_
C26<"8¿"Xa‡˜´          !!%!!  ü Àü@ û  À           !!%!!  ü Àü@ û  À           !!%!!  ü Àü@ û  À           !!%!!  ü Àü@ û  À           !!%!!  ü Àü@ û  À   F×±W   : Î¹  õ²¸õ@	@	4¸õ²¸õ@@	4$*783./#*//$88$$*3¸õ²*ºõ ô´ ¸ÿÁ@4/.'$#8¸ù´77/#¸ù²$$/ºù .ÿÀ³4.¸ÿÀ³4.¸$…/++í3/ı23/ı299/+<3/< ?í9/í3/2/9/99993/+í3/í3/+í3/í10476476#"&'#"&547677327677327657œ3[È,S×\È,Sì3! #)++	&W.+%P+(#>0%P+(#¢L06" 91$$#8K1 2)-1          !!%!!  ü Àü@ û  À           !!%!!  ü Àü@ û  À           !!%!!  ü Àü@ û  À           !!%!!  ü Àü@ û  À           !!%!!  ü Àü@ û  À           !!%!!  ü Àü@ û  À           !!%!!  ü Àü@ û  À           !!%!!  ü Àü@ û  À    %WÓ  ½ ï ë  ğ±/ä ?í10!5!Wú©W%®           !!%!!  ü Àü@ û  À           !!%!!  ü Àü@ û  À           !!%!!  ü Àü@ û  À   €ş™ûÀ    $ ( îµ$4¸ÿğ³4(¸ÿğ³4¸ÿÀ@444!#"¸µ$$%'&¸´((¸@o ß   
	A	 ï  ï ë²"$!¸µ##% ¸´&('¸·%%A
 @  ğ * 
û   	ÿÀµ	4		º *…/ı2/+íôı2/9/9/ı993/í993/í99 ?í?í?93/]qı993/ı993/ı9910+++++!"'&547673!54&'7'7'7''7ûüFÀr*9|oªO6AM,	DşEJ¤L€J£M"K¥N%CT³]a#b..G8vA:p2£7pÖş‘T‘şŸ’V’ZU ÿÿ €ş™ûÀ    ÿış™;¦     Âµ4¸ÿğ³4¸ÿğ@444¸µ
	¸´ ¸@
oß¾ï  ï ë²¸µ ¸´	
¸@@	
4½ ğ  *…/õı2/9/9/+ı993/í993/í99 ?í?í3/]qı993/ı993/ı9910++++%'7'7''7%!5!4'&'7ÑJ¤L€J£M"K¥NğıÆñKNH8‘T‘şŸ’V’ZUô®v>+Q£[3M² ÿÿÿış™;¦ !            !!%!!  ü Àü@ û  À           !!%!!  ü Àü@ û  À           !!%!!  ü Àü@ û  À           !!%!!  ü Àü@ û  À   6şN u , 0 4 8 öµ44.¸ÿğ³48¸ÿğ@4) 
4*
4y*¸ÿ¶µ	4132¸µ44.576¸´88-/.º 0ÿÀ@
400ºï  ´ ¸ï²ºï ²241¸µ335.0-¸´//687¸@5@
455   :º '*…/í3/3/33/999]9/+ı993/í993/í99 ?í9/í99?í999/+ı993/ı993/ı9910+]+++++"&#"676323263!3#"'&'&547676'7'7''7äL@P4Z(#K±BÌ_Ep%Ó”Ü{™àÃF¸â:Ø«XdO<s#J¤L€J£M"K¥N¸q"J©$.Dbz¦×l^Ÿ(0jyÇ¨†f[ó‘T‘şŸ’V’ZU  6şN{i > B F J'µF4@¸ÿğ³4J¸ÿğ@4 
4*
4y¸ÿ¢µ	4GIH¸´JJA?B¸´@@CEF¸@ĞDDD84=)%ºï ´03"4-¸ï²%%3¾ï 4 =ï ë²DFC¸µEEAHJI¸´GG@BA¸@?@4_????83¸@99""3433 ¸ğ³L))º *…/í3/ä3/33/999]9/ı999/]+ı992/ı993/í99 ?í?í9/í99?í99999/]í992/ı992/ı9910+]+++++#"&54767!3#"'&'&5476767&&#"67632326733'7'7''7{Ïyf
«W XoàÃF¸â:Ø«XdUB%©(Y$e?n"%S±aâM3a5()4!:2KÏşUJ¤L€J£M"K¥N%Zh':$4%DVlŠ×l^Ÿ(0jyÇ«€dSZ	b&T%ª	8RÛ‘T‘şŸ’V’ZU   ş™yk    " ±µ4¸ÿğ³4"¸ÿğµ4¸µ! ¸´""¸µ¸ï³		ºï ë²¸µ "!¸´¸@T	4 ¸ğ±$/ä9/+9/9/í993/í993/í99 ?ı<2/í93/í993/ı993/ı9910+++!5!&'&'&#"676323'7'7''7yû‡%fFWHQS34/Dhf‹Eœy+<ş…J¤L€J£M"K¥N%®O,7J-Ad2Œm	şe‘T‘şŸ’V’ZU ÿÿ  ş™yk )    ÿF/É  " & * é@*4$4 ¸ÿğ@4*	4*4¸ÿà³	4¸ÿà³	4¸ÿÖ@	444!"¸µ  *#%&¸´$$')*¸@	(((ºï 	²:º
 ² "!¸µ%(*)¸´''$&#¸·%%º  ğ²,¸…/3ôı2/9/3/í993/ı993/ı99 ?ıä?í93/]í993/í993/í9910+++++++++#"'&'&'73276654'&'7'7'7'7/^RztKEP=UHGB:€‹~².%C9R',ßM JhN¢KAL¢J%nvhKH (RKå\OWFJLLVj[’V’şøV¯‘T‘ ÿÿ ÿF/É +    Z%Åß , º¹ ÿÀ@4	 4;k	 	4*¸ÿà³4¸ÿè³4¸ÿÜ³4¸ÿğ@

4,Aï  % $	  ,ï ë³ ¸ó¶@( A	  ğ . %û   $ÿÀµ	4$$(º  *…/ı2/+íõí3/9/í99 ?ı<?9?í9+++10++]++&&''&54767%!"'&547673QF´™!v>TN¿Ñ}Mb@()˜qzJûUïel/*""sV¦Ój[Z4¬bZHn­F)"+0s~‡‘®9=“XpTNT&m,!  Z%¼ß E ı¹ *ÿÖ³4!¸ÿğ³4/¸ÿà³4,¸ÿà³40¸ÿà³4.¸ÿà@4;k‰= 	4 4¸ÿà³4(¸ÿà³4(¸ÿÜ³4(¸ÿğ@
4A(#Aï " 	 	 7 ï 8  ë³¸ó@(_(((##8¸´@AA8¾ğ G 	û   ÿÀµ	4º *…/ı2/+íå9/í9/9/]í99 ?<ı<?9?í9+++10+++]++ ++++"'&547673!27654'&''&54767%33#"'&'&'&'#ïel/*""sV¦ªŸl1H!v>TN¿Ñ«F;@()XG=5!I/-=-ƒ{RZ,Q13owë%9=“XpTNT&m,!)1YC.&Z4¬bZHn­F:#0CA8<%Z9&3®T)i?1²dk    %mß  ¡¹ ÿÀ@4 4;k 	4¸ÿè³4¸ÿÜ³4¸ÿğ@

4
¿ï   ï ë³
¸ó@@o/_ ¾     ğ  *…/ôí3/9/]]]í99 ?ı<?í9+++10+]++!5!&&''&54767%mü“ùF´™!v>TN¿Ñ}Mb@()˜qzJ%®j[Z4¬bZHn­F)"+0s~‡‘   %dß 6 Ü¹ /ÿÖ³4&¸ÿğ³44¸ÿà³41¸ÿà³45¸ÿà³43¸ÿà@4T+T2D+D2; k ‰$ 	4 4-¸ÿà³4-¸ÿÜ³4-¸ÿğ@
4 -"-(A	ï '  ï  ë³"¸ó@---((¸³»ğ 8 *…/å9/í9/9/]í99 ?<ı<?í9]+++10++]]]++ ++++33#"'&'&'&'##5327654'&''&54767%/-=-ƒ{RZ,Q13owëglŸl1H!v>TN¿Ñ}Mb@()XG=5!e9&3®T)i?1²dk®)1YC.&Z4¬bZHn­F)"+0CA8<%  Z%Åğ , 7 ñ@04/ 
46 
4¸ÿÀ@4	 4;k	 	4*¸ÿà·432-¸ï¶...¸ÿè³4¸ÿÜ³4¸ÿğ@

4,Aï  % $	  ,ï ë@	.22 ¸ó¶@( A	  ğ 9 %û   $ÿÀµ	4$$(º  *…/ı2/+íõí3/9/í993/< ?ı<?9?í9+++3/]í3910++]++ +++&&''&54767%!"'&54767356676QF´™!v>TN¿Ñ}Mb@()˜qzJûUïel/*""sV¦JØ¸£] À†–Ój[Z4¬bZHn­F)"+0s~‡‘®9=“XpTNT&m,!©OYN?j$~FO  Z%¼ğ E P3@I4H 
4O 
4*¸ÿÖ³4!¸ÿğ³4/¸ÿà³4,¸ÿà³40¸ÿà³4.¸ÿà@4;k‰= 	4 4¸ÿà·4L#K"F¸ï¶GGG"(¸ÿà³4(¸ÿÜ³4(¸ÿğ@
4A(#Aï " 	 	 7 ï 8  ë@	G#KK¸ó@(_(((##8¸´@AA8¾ğ R 	û   ÿÀµ	4º *…/ı2/+íå9/í9/9/]í993/< ?<ı<?9?í9+++3/]í3910+++]++ +++++++"'&547673!27654'&''&54767%33#"'&'&'&'#56676ïel/*""sV¦ªŸl1H!v>TN¿Ñ«F;@()XG=5!I/-=-ƒ{RZ,Q13owë¥Ø¸£] À†–%9=“XpTNT&m,!)1YC.&Z4¬bZHn­F:#0CA8<%Z9&3®T)i?1²dkË©OYN?j$~FO   %m  ( Ò@È!  
4' 
4¸ÿÀ@4 4;k 	4$#¸ï³¸ÿè³4¸ÿÜ³4¸ÿğ@

4
¿ï   ï ë@	##

¸ó@@o/_ ¾     ğ * *…/õí3/9/]]]í993/< ?ı<?í9+++3/í3910+]++ ++]!5!&&''&54767%56676mü“ùF´™!v>TN¿Ñ}Mb@()˜qzJaØ¸£] À†–%®j[Z4¬bZHn­F)"+0s~‡‘/©OYN?j$~FO    %d 6 A³È:A¸ÿà@4? 49 
4@ 
4/¸ÿÖ³4&¸ÿğ³44¸ÿà³41¸ÿà³45¸ÿà³43¸ÿà@#4T+T2D+D2; k ‰$ 	4 4=(<'7¸ï³88'-¸ÿà³4-¸ÿÜ³4-¸ÿğ@
4 -"-(A	ï '  ï  ë@	8(<<""¸ó@---((¸³»ğ C *…/å9/í9/9/]í993/< ?<ı<?í9]+++3/í3910++]]]++ ++++++++]33#"'&'&'&'##5327654'&''&54767%56676/-=-ƒ{RZ,Q13owëglŸl1H!v>TN¿Ñ}Mb@()XG=5!:Ø¸£] À†–e9&3®T)i?1²dk®)1YC.&Z4¬bZHn­F)"+0CA8<%C©OYN?j$~FO   2ÿ§Ù² ; ™¹ &ÿÖ@4)44*44!' A	 ï 9 'ï ÿÀ³	4¾ ï 0ë 3@	

,$  ,¸ı´@=!»û    ÿÀµ	4  $º 9…/ı2/+í3/í3/99/í ?í?+í?í?9910+++&&#"332!"'&54767673276654&##"&54767632Ù#a2W`X+5PHE`ÛÉş©²^f".<*?C©xŸˆÚê+B7<UfgBL  C-4e]7AûƒxEK—hrW_qpÃKzz0)r>1Cs}TeP   jÿû 6 ¹  ÿà@	455¸ÿÀ@
	
4,,"ºï ÿÀ³	4¾ 5ï ë &³ /¸´@ ¾ğ 8 û   ÿÀµ	4º 9…/ı2/+íä9/í9/í ?í?+ı9/9/+3/910+#"32!"'&54767327654&#&&#"&54767633û¯š›])0Q0{†şË×‡@b(&%9€zÕm†#s?6I<eLT¯%!		%»U]INt‚/šA@nF{@=/!!|O@           !!%!!  ü Àü@ û  À           !!%!!  ü Àü@ û  À           !!%!!  ü Àü@ û  À           !!%!!  ü Àü@ û  À           !!%!!  ü Àü@ û  À           !!%!!  ü Àü@ û  À           !!%!!  ü Àü@ û  À           !!%!!  ü Àü@ û  À           !!%!!  ü Àü@ û  À           !!%!!  ü Àü@ û  À           !!%!!  ü Àü@ û  À           !!%!!  ü Àü@ û  À           !!%!!  ü Àü@ û  À           !!%!!  ü Àü@ û  À           !!%!!  ü Àü@ û  À           !!%!!  ü Àü@ û  À   0×Ïw - V b@	a
#		!+ºõ ZÿÀµ4ZZa¸õ¶##!¸õ²!¸õ@K5F2STOJK?FKK@TT@@FO¸õ²22Fºõ 9ô@	a
W#]'! ºö WÿÀµ	
4WW]¸ö@'@	4''¸ö@
5KJC@?.T¸ù´SSK<?¸ù²@@Kºù JÿÀ³4J¸ÿÀ³4J¸$…/++í3/ı23/ı2993/ı2/93/+ı2/+í9/99999 ?í9/í3/2/9/99993/ı2/í9/9/ı2/+í9/9910'#7654&#"6763267&'&54767#"&'#"&546773276773276574&#"6ÊV.:GW$."&E@ 	%.2&3 #**+&)/#+C6$<%&,G7C*#!. /-7&ştK06" 822!$#8L12),1$&   F×±= ) 1 9 Ì@&'"''"¸õ²¸õ@	@	40*¸õ²,,0¸õ@	.@	4..82¸õ²448ºõ 6ô@*22.6@%(46 '¸ù´&&¸ù²ºù ÿÀ³4¸ÿÀ³4¸$…/++í3/ı23/ı299/+<3/< ?í3/í3/+í3/í3/+í9/í3/2/9/999910#"&'#"&547677327677327657476476±3! #**+	&4YÉ+T×3ZÉ+TçL05"81$$!8I1 2)-,Ö.,#R,)"#/-$Q+)#   F×±¹  1 ­¹  õ²¸õ@@	4./*%&!&&//!*¸õ²!ºõ ô²  ¸ÿÀ@4&%/¸ù´..&¸ù²&ºù %ÿÀ³4%¸ÿÀ³4%¸$…/++í3/ı23/ı299/+3/ ?í9/í3/2/9/99993/+í3/ı10476#"&'#"&547677327677327657¢4YÉ-Ræ3! #**+&¹..#P*)"›K06" 82$$#8L12),1  @Ù±.   J V ì·T ºõ NÿÀ@
4NNT  T¸õ@@	44(:%GHC>?3:??4HH44:C¸õ²%%:ºõ ,ô@	TKQ  ¸öµKKQ¸ö@
QQ(?>743!H¸ù´GG?/3¸ù²44?ºù >ÿÀ³4>¸ÿÀ³4>¸$…/++í3/ı23/ı2993/ı2/3/ı2/999 ?í9/í3/2/9/99993/+3/í9/3/+í99910"'&'#"&'6767&'&54632#"&'#"&547677327677327657'4&#"66±#'#9<8L0:G-/
 
3! #**+	&Q#1	
1&	"!+U)#¡K06" 82$$#8K22)-1ò(	   F×±Ó ) 1 ±@&'"''"¸õ²¸õ@@4@		40*¸õ²,,0ºõ .ô@**.@%(4. '¸ù´&&¸ù²ºù ÿÀ³4¸ÿÀ³4¸$…/++í3/ı23/ı299/+3/ ?í3/í3/++í9/í3/2/9/999910#"&'#"&547677327677327657476±3 #**+&3ZÉ,S}K/5" 82#		$!7J12),1è/-$P+(#          !!%!!  ü Àü@ û  À           !!%!!  ü Àü@ û  À  ÿÜşí¯Ò  µ /İÆ //Í10#!$HÓ‹úbåG  şQşí $Ò  µ /ÍÆ //Í105!#şQÓH‹Gú ÿşí ê…  !@	
 
 
/ÖÍİÖ< //İ<ÖÍ10###!!!êÆHÆÔşrØûë­Gşá ÿşí ê…  !@		/ÖÀİÖÍ //İÀÖÍ10!!5!###êşrÔÆHÆGşSûë ÿşí ê…  @/  /ÆİÆ //<Í]10###!êÆHÆÔØûë­  ÿşí ê…  
 @@	
@4


  	/ÖÍİÖÍ9=/<< //<İŞ+Í9=/<<<10#'77'$HÆêêÆb†††şí¶××¶¶yyx  ÿşí ê…  #@ 
/ÀÖÀİÀÎ //ÀİÀÖÍ103#5!3###êÆÆÆÆHÆGşšGûë ÿşí ê…  )@	 

/ÀÖÀİÀÖÀ //ÀİÀÖÀİÀ103#5!#3###êÆÆÔÆÆÆHÆGGşáGûë ÿşí ê…   !@  
	
 
/ÖÍİÖÍ //İ<ÖÍ10!!!##¤Hş¸FÔÆHşš­şSûë  ÿşí ê…  · /ÆİÆ //<Í10#!$HÆÔÆşí,lş” ÿşí ê…  @/ÆİÆ9=/ //<Í10##$HÆêêØûë­şS  ÿÜşW $'   @/<İ< //9/9/10##$HHH'ü8Èúøü8È  ÿşW ê'  @
 	 /İÀİİÀ /İÀ/İÀ1053#5!#3êÆÆÔÆÆşWGBGG÷¾G ÿÜşW à'  ¶  /İÎ //İÍ10#à¼HnøwĞ ÿ şW $'  @ /ÎÍ //İÍ10 ]#'$H¼'÷0‰ ÿÜşW ê'  µ/İÍ /Í/103!$Æşò'÷wGĞ   J ë!À  ' ½@/) 	!¼¢ ¸ ¸²)¸iµ.¼¢ ¸ ¸@%)	.0@‚>")>
>¸i@)!?O>> >8HÏ¸şµ(y+ ?Nô]Määô]<íıääíô]< Míääô]<ıíääô]<9999999910]'76327'#"''7&5432654&#"Õ‹s‹jƒ„i‹t‹GG‹t‹i„ƒj‹s‹G£˜kk˜—lk˜Áˆw‹HH‹wˆn}~nˆwŒIIŒwˆn~}}l˜˜lk˜˜       Á  	    # . 4 8 D H L R Y ` hş@ÿ§·w‡—z&S%c%#%3%C%Y=i=)=9=I=YAiA)A9AIAV;f;&;6;F;VCfC&C6CFCÆfÅhÊbÉdV`f`Y[i[¥*µ*c*µ*Å*Õ*õ*u*…*•*3*C*S*cBB(-Wo]?]O]_]]]'VP(/(?(O((/OGG23/3g<^P''O'_'Ÿ' '0'@''RF"OM7K R6JMap9€99@9P9`999'W0^^'¿''_'o'Ÿ@f'ß'ï''$U-e-%-5-E--SŸ++_oZP$$o!6	5# #! 
#j0eeo??????O??IJN/MMN1EQ2FN/ÀÀİÀÀİ]ÀÔÀİÀ/]qÍrĞÀÀİÀÀÔ]ÀÔÀİÀÖq]ÍÔ]ÍÆ]ÔqÍ3]]Ô]qİrÀÖ]]]Í /À<<İÀ<<ÔÀÖÀÖ]]q]ÍÔÀİĞÆ/À<<İÀ<<İÀÖ]ÀÖ]qÍ9/qqÍ9ÄÀÍ10]]q]]qq]]]]]]]]]]]]]]q]]#5#5!!5!#3#"'73253!5!!5353!#32##!!5!#"&54632#3!5!!334##324##32%#"32 dßCıÁş½C?ddşöÓV4I(_tüŒş½C~ş½ßdışîğëùYwû´ßdC~ş½Cı•¤™™¡¡™™¤ıddş½CıÁş½dßº£Ye—«o|ıÇÉÆÆÉ~ßdddü~Cşáñ-OŠädú?dßÑÄº[6.”ßCú?d{­ÀÀ­¯ÀÀş±Cü~ddCßcÂÏmÜÿşóşõ          !!%!!  ü Àü@ û  À           !!%!!  ü Àü@ û  À           !!%!!  ü Àü@ û  À           !!%!!  ü Àü@ û  À           !!%!!  ü Àü@ û  À           !!%!!  ü Àü@ û  À           !!%!!  ü Àü@ û  À           !!%!!  ü Àü@ û  À           !!%!!  ü Àü@ û  À           !!%!!  ü Àü@ û  À           !!%!!  ü Àü@ û  À           !!%!!  ü Àü@ û  À           !!%!!  ü Àü@ û  À           !!%!!  ü Àü@ û  À           !!%!!  ü Àü@ û  À           !!%!!  ü Àü@ û  À           !!%!!  ü Àü@ û  À           !!%!!  ü Àü@ û  À           !!%!!  ü Àü@ û  À           !!%!!  ü Àü@ û  À           !!%!!  ü Àü@ û  À           !!%!!  ü Àü@ û  À           !!%!!  ü Àü@ û  À           !!%!!  ü Àü@ û  À           !!%!!  ü Àü@ û  À           !!%!!  ü Àü@ û  À           !!%!!  ü Àü@ û  À           !!%!!  ü Àü@ û  À   şS0H  H¹ ÿà³4¸ÿô³4¸ÿà´
4 ¸²¸ú²¸ú²  ¹ÿ /í3/ì<ı /3?310+++&'&'&4767670,h3g9JJ:f5d.l8<"8ş€-}N®äúà±Sy*îêùòôÂ–K ÿÿ ]şSH W|  À @           !!%!!  ü Àü@ û  À   %Ó   / | ‡O@# %-.)$%!%%...@	4!)¸õ²!¸õ@c‚~…9W=@C~~…IIPPwcc……WCk¸ï²55W¸ï²==C¸ë²¸ù¶  %$.¸ù´--%¸ù²$¸ù·@%%c9Zg_¸@ccwPgg0T‚‚FI~}@TL¸²PPT¸ÿÀ³4T¸ÿÀ@
	
4TTF5n0s¸¶ ww00‰F¸…/3/3/ı999/++3/ı99/9/9/ı993/ı2/ı23/ı293/ı2/ ?<í<í9/2/<9/9/9/9993/í9/í3/+2/]9/99993/3/9910&'&'632#"&'#"&5467732677327677"'&'#"&'#"&5467&&547673267&'&547673267&'&54767'326ı36	%%»5)% !** /&"wL=.(80?A{(p5p„ä¤ C9.3'; 	$ 'B#:$üîX.4#72<Q=5-*$9*jHk6--0#U(()&ü£%2&#;DL<;M!TÕL4"*"&RR{j70< '#*"%3wr¬I&.-'*
)"+%"‡¤To #8	
!ÿÿ y “è3 ï    
¦  + Œ@ @?4¸ÿÀ¶?4¸ñ²¸ñ@@	4'$¼ï ' @	  $¸¶''¹ /í9/39/ı2/33//3/ ??ä93/+í3/í9/+99/+910#"'&#"'67632327'6654'&'667¦)02-c&	d2!54F2!31v !$	 û PK(W
LhuË{€,f-rştŸÆ  "%  - @+-@?4--'+#"¸ÿÀ¶?4""'¸ñ²+¸ñ·@	4¾ï  ï ë@--""##@	4¸² ¹ğ /õ2/ı9/2/+3/33//3/ ?í?ì3/+í3/í9/+99/+910#"'&&'.'&'733#"'&#"'67632327ŒD)$%
'{'

"!Œb)02-c&	d2!54%70¾‹qî{'0$Âx§hş|²2*£ !$	    V
n
  4 ›¹ ÿà³4¸ÿàµ4%$-ºï 0ÿÀ@	*400 ¸ÿÀ¶4¼õ  $@  ¸²-¸¶00(%$$ º (;…/í9/39/ı9/ı2/3/9/99 ??ı2/3+/9993}/+ä910 ++47&'&547632&#"326'6654'&'667n*ºd5;-$+]!2!31f@.#8>4ûÊPK(W
LhuË{€,f-rştŸÆ  V%
  6 œ¹ ÿà³4,ºï -ÿÀ@	*4-- ¸ÿÀ¶4¾õ  6ï !ë@  ¸@-,@	4,,--&¸²11 ºğ 8;…õ2/ı9/2/+9/ı2/3/9/99 ?í?ı2/3+/9993}/+ì10 +47&'&547632&#"326#"'&&'.'&'733n*ºd5;-$+]!ÌŒD)$%
'{'

"!Œf@.#8>4úË70¾‹qî{'0$Âx§hş|²2*  xÿc»q   * J Í¹ -ÿà@	4@4¸ÿà@4@	4@+B2H0:¸õ@BBH@4HH0@	400
¸ï²%%!ºï ë²

º
 @@2==E++E006¸²EE¸ı³((
!¼   ğ²L
¸ÿÀ³	4
¸;…/+3ôíí9/ı2/ı2/3/9/99 ?ı2/?ı2/í93/+3/+3/í99910+++ +#"'&'&'73276767"'&547632&'&#"47&'&547632&#"326»zˆ²BF3RAA8{1zmUU+O‡CL08VW&?')XM*ºd5;-$+]!a¥£¶#>1]/j+1pgXfeO`% %13ÿ@.#8>4ÿÿ xÿc»q …    -ÿ@Rì  4 Ÿ¹ ÿà@
4 ¸õ@
@4¸ÿÀ¶4 ¸ÿÀ·	4%$-ºï 0³/$$¸@	  ¸³(-¸¶00(%$$ º (;…/í9/39/í3/í3/2/9/99 ?]?ä93/+]+3/+3/í99910 +47&'&547632&#"326'6654'&'667E*ºd5;-$+]!+2!317@.#8>4gPK(W
LhuË{€,f-rştŸÆ   Yÿ@ì  6 ©¹ ÿà@
4,.4&¸õ@..4@444¸ÿÀ¶	4¾ï  ï ë@,))11"¸@1@41@	
411@	4¸² ºğ 8;…ô2/ı9/2/+2/++ı2/3/9/99 ?í?ì3/+]3/+3/í99910 +#"'&&'.'&'73347&'&547632&#"326ŒD)$%
'{'

"!Œ¥*ºd5;-$+]!%70¾‹qî{'0$Âx§hş|²2*ıö@.#8>4   2ÿ§Ùq ; [ ğ¹ >ÿà³4&¸ÿÖ@4)44*44Q<SCYAK¸õ@SSY@4YYAAA !' A	 ï 9 'ï ÿÀ³	4¼ ï 0ë@QCNNV<<VAAG¸³VV$3¸@	

,$  ,¸ı´@]!»û    ÿÀµ	4  $º ;…/ı2/+í3/í3/99/í3/ı2/3/9/99 ?í?+í?í?993/]3/+3/í99910+++ +&&#"332!"'&54767673276654&##"&54767632%47&'&547632&#"326Ù#a2W`X+5PHE`ÛÉş©²^f".<*?C©xŸˆÚê+B7<UfgBLü‘*ºd5;-$+]!  C-4e]7AûƒxEK—hrW_qpÃKzz0)r>1Cs}TePk@.#8>4   jÿûî 6 V á¹ 9ÿà³4 ¸ÿà@
4L7N>T<F¸õ@NNT@4TT<<55¸ÿÀ@
	
4,,"ºï ÿÀ³	4¼ 5ï ë@L>IIQ77Q<<B¸³QQ&¸³ /¸´@ ¾ğ X û   ÿÀµ	4º ;…/ı2/+íå9/í9/í3/ı2/3/9/99 ?í?+ı9/9/+3/93/3/+3/í99910+ +#"32!"'&54767327654&#&&#"&5476763347&'&547632&#"326û¯š›])0Q0{†şË×‡@b(&%9€zÕm†#s?6I<eLT¯ü«*ºd5;-$+]!%!		%»U]INt‚/šA@nF{@=/!!|O@w@.#8>4   %:Y  , ¹ ÿà@444"$*¸õ@$$*@4**¾ï  ï ë@"''¸·''½  ğ . ;…/õı2/9/9/ı2/3/9/99 ?í?í3/3/+3/í99910+ +!5!4'&'747&'&547632&#"326:ıÆñKNHl*ºd5;-$+]!%®v>+Q£[3M²œ@.#8>4 ÿÿ  %:Y ‹    “
Rì  3²¾ï   ¶ ¹ /í9/39/í ??ä910'6654'&'667R2!31$PK(W
LhuË{€,f-rştŸÆ   Y%ì  <¿ ï  ï ë@
@	4¸² ¹ğ ô2/ı9/2/+ ?í?ì10#"'&&'.'&'733ŒD)$%
'{'

"!Œ%70¾‹qî{'0$Âx§hş|²2*   €ÿ¡ûÀ    ‘¹ ÿÀ@444¸µ  
	A	 ï  ï ë² ¸·A
 @  ğ " 
û   	ÿÀµ	4		º *…/ı2/+íôı2/9/9/í99 ?í?í?93/ı9910++!"'&547673!54&'7'7ûüFÀr*9|oªO6AM,	DıÃN¢J%CT³]a#b..G8vA:p2£7pÖıı‘T’ ÿÿ €ÿ¡ûÀ      ÿ¡:¦   ]·44¸³¾ï  ï ë²¸·½  ğ  *…/ôı2/9/9/í99 ?í?í3/í9910+!5!4'&'7'7:ıÆñKNHfN¢J%®v>+Q£[3M²ş‘T’ÿÿ  ÿ¡:¦ ‘     
,     ' ² ¸´¸@ 4%¸ï²%ºï ë² ¸´¸@""¸ı³)"ºı (…/í3/í9/9993/ı993/í99 ?ı2/ì99+3/]í993/í9910'7'7#"'&54767'74'&'326ÔN¢KAL¢Jâ.G½I07# !=µ#xWn/6-	908„ËV¯‘T‘ı‡Gn!=F\NO©_T§&?1'#39?  =%F%   & / ´µ ¸´¸@@	4'+(.¸
²((.¸ïµ&ºï 	ë² ¸´¸@@+#('¸ş· +½ğ 1 + …/íå9/]ı999/ı993/í99 ?ı2/]ı2/ı2/9993/+í993/í9910]'7'7#"'&'#"&5467&&5476733'32IN¢KAL¢J‡H7)\3s™à¨
!ş£Wd"81<ĞV¯‘T‘û[{\‘8>VÑND"*"$>t>¬DhmC7	
  €%û   $ ´¹ ÿÀ@444 ¸´¸@@	4 A	 ï   ï 	ë² ¸´¸·  A
 @ ğ & û   ÿÀµ	4º *…/ı2/+íõı2/9/9/ı993/í99 ?í?í?93/+í993/í9910++'7'7!"'&547673!54&'7%N¢KAL¢J`üFÀr*9|oªO6AM,	D±V¯‘T‘üzCT³]a#b..G8vA:p2£7pÖÿÿ €%û •     %:V    {·44 ¸´¸µ¾ï  
ï 	ë² ¸´¸·	½ ğ  	*…/õı2/9/9/ı993/í99 ?í?í3/]í993/í9910+'7'7!5!4'&'7ùN¢KAL¢JËıÆñKNHV¯‘T‘ü*®v>+Q£[3M² ÿÿ  %:V —    €%û¹    ( ê@44¸ÿğ³4¸ÿÀ@4"44 ¸µ¸´
¸@	@	4		$A	 #ï $ ï ë²¸µ  ¸´	
¸·$$##A
 @ ğ * û   ÿÀµ	4º *…/ı2/+íõı2/9/9/ı993/í993/ı99 ?í?í?93/+í993/í993/í9910+++++'7'7'7!"'&547673!54&'7`M JhN¢KAL¢J`üFÀr*9|oªO6AM,	Dc’V’şøV¯‘T‘üzCT³]a#b..G8vA:p2£7pÖÿÿ €%û¹ ™     %:	     ²@44¸ÿğ@444 ¸µ¸´
¸µ			¾ï  ï ë²¸µ  ¸´	
¸·½ ğ  *…/õı2/9/9/ı993/í993/ı99 ?í?í3/]í993/í993/í9910++++'7'7'7!5!4'&'74M JhN¢KAL¢JËıÆñKNH³’V’şøV¯‘T‘ü*®v>+Q£[3M²ÿÿ  %:	 ›    6şN u  0 œ@- 
4*
4y.¸ÿ¶µ	4 º ÿÀ@
	
4#"ºï $´¸ï²ºï ²¸@  "$##2º +*…/í3/3/33/999]9/ı99 ?í9/í99?í999/+ı9910+]++'7"&#"676323263!3#"'&'&547676UM}L@P4Z(#K±BÌ_Ep%Ó”Ü{™àÃF¸â:Ø«XdO<s#—Z‘]q"J©$.Dbz¦×l^Ÿ(0jyÇ¨†f[   6şN{i > B Ì@ 
4*
4y¸ÿ¢µ	4A?@º BÿÀ@4BB84=)%ºï ´03"4-¸ï²%%3¾ï 4 =ï ë²@BA¸·??83¸@99""3433 ¸ğ³D))º *…/í3/å3/33/999]9/ı999/ı99 ?í?í9/í99?í99999/+í9910+]++#"&54767!3#"'&'&5476767&&#"67632326733'7{Ïyf
«W XoàÃF¸â:Ø«XdUB%©(Y$e?n"%S±aâM3a5()4!:2KÏşDM¡M%Zh':$4%DVlŠ×l^Ÿ(0jyÇ«€dSZ	b&T%ª	8Rşæ’U’    ÿ¼yk   \²¸µ¸ï³		ºï ë²¸@T	4 ¸ğ±/å9/+9/9/í99 ?ı<2/í93/í9910!5!&'&'&#"676323'7yû‡%fFWHQS34/Dhf‹Eœy+<şK£N%®O,7J-Ad2Œm	şyT’ ÿÿ  ÿ¼yk Ÿ    6şN u , u@) 
4*
4y*¸ÿ¶¶	4ºï  ´ ¸ï²ºï @   .º '*…/í3/3/33/999] ?í9/í99?í9910+]++"&#"676323263!3#"'&'&547676äL@P4Z(#K±BÌ_Ep%Ó”Ü{™àÃF¸â:Ø«XdO<s#¸q"J©$.Dbz¦×l^Ÿ(0jyÇ¨†f[   6şN{i >  @ 
4*
4y¸ÿ¢@	484=)%ºï ´03"4-¸ï²%%3¾ï 4 =ï ë³83¸@99""3433 ¸ğ³@))º *…/í3/å3/33/999]9/ı99 ?í?í9/í99?í999910+]++#"&54767!3#"'&'&5476767&&#"67632326733{Ïyf
«W XoàÃF¸â:Ø«XdUB%©(Y$e?n"%S±aâM3a5()4!:2KÏ%Zh':$4%DVlŠ×l^Ÿ(0jyÇ«€dSZ	b&T%ª	8R    %yk  <²¸ï³		ºï ë@T	4 ¸ğ±/å9/+9/ ?ı<2/í910!5!&'&'&#"676323yû‡%fFWHQS34/Dhf‹Eœy+<%®O,7J-Ad2Œm	 ÿÿ  %yk £    6şN   0 “@- 
4*
4y.¸ÿ¶µ	4 ¸¶#"ºï $´¸ï²ºï ²¸@  "$##2º +*…/í3/3/33/999]9/ı99 ?í9/í99?í993/í9910+]++'7"&#"676323263!3#"'&'&547676¤M¡KL@P4Z(#K±BÌ_Ep%Ó”Ü{™àÃF¸â:Ø«XdO<s#È‘T’ı›q"J©$.Dbz¦×l^Ÿ(0jyÇ¨†f[  6şN{  B Â@" 
4*
4y#¸ÿ¢µ	4 ¸@1<8A-)ºï ´47&81¸ï²))7¾ï 8 Aï ë²¸·  <7¸@==&&7877¸ğ³D--º  *…/í3/å3/33/999]9/ı999/ı99 ?í?í9/í99?í99993/í9910+]++'7#"&54767!3#"'&'&5476767&&#"67632326733¨M¡KvÏyf
«W XoàÃF¸â:Ø«XdUB%©(Y$e?n"%S±aâM3a5()4!:2KÏÈ‘T’üZh':$4%DVlŠ×l^Ÿ(0jyÇ«€dSZ	b&T%ª	8R    %y   \² ¸µ¸ï³ºï ë² ¸@T	4¸ğ±/å9/+9/9/í99 ?ı<2/í93/í9910'7!5!&'&'&#"676323šL¢Jƒû‡%fFWHQS34/Dhf‹Eœy+<È‘T’ü®O,7J-Ad2Œm	 ÿÿ  %y §    ¥%ùj  J¶f¸ï²ºï ëµº  ğ²ºù *…/í3õí9/9/ ?ı2/í9/10]!"&546733!4'&'7ùş@9[*ƒ2>‘­H:%B-&>%)³mˆ-ÂUº–òÿÿ ¥%ùj ©    ¥%ù   mµf ¸¶¸ï²ºï ë² ¸@
º ğ²ºù *…/í3õí9/9/9/í99 ?ı2/í9/3/í9910]'7!"&546733!4'&'7ïN I¯ş@9[*ƒ2>‘­H:½‘V‘ûB-&>%)³mˆ-ÂUº–ò ÿÿ ¥%ù «    ÿF/p  r@*	4*4¸ÿà³	4¸ÿà³	4¸ÿÖ@	444ºï 	²:º
 ´º  ğ² ¸…/3ôı2/9/ ?ıä?í910++++++#"'&'&'73276654'&'7/^RztKEP=UHGB:€‹~².%C9R',%nvhKH (RKå\OWFJLLVj ÿÿ ÿF/p ­    ÿF/  " ’@*	4*4¸ÿà³	4¸ÿà³	4¸ÿÖ@	444 ¸µºï 	²:º
 
²¸·  º ğ²$¸…/3ôı2/9/3/ı99 ?ıä?í93/í9910++++++'7#"'&'&'73276654'&'7™M¡K9^RztKEP=UHGB:€‹~².%C9R',È‘T’ünvhKH (RKå\OWFJLLVj ÿÿ ÿF/ ¯    „ÿlØW F ùµ@ 4¸ÿà@4! 4&44AAB:45,BB(55'ºï (	²º :ï²  ,¾ï 	ë ï ³A14ºú 5ÿÀ@	455A	((''''#» , 	ÿÀ@	4		ABB?AAA=A
 @  ğ H û   ÿÀµ	4¸³ ¸*…/]ı2/+íõı2/]9/9/+<ı2/]9/9/+ô99 ?í?í<í?9?ı9/9/99/10++++#"&'###"'&546767327654'&'7327654&'732654'&'7ØO<[/*!/Z{,9u“İÈjt*$6(F-±¤À—¼%5S2{_(#(%)K&C/
%!$&\WqBSFMŸV°Y6p¦E|CS•dZGAÍR?Yš4;#<ab+029**mM?x ÿÿ „ÿlØW ±     %…5 ; ª@5 4)*"6**7667º	 /ï²  "¸ï²		ºï ë¶2*&)ºú *ÿÀ·	4**6ºú ÿÀ@	
46776@4662º  ğ±=/õı2/+9/9/+ô99/+ô999 ?í<í<í?9/9/9/999910+#"&'##"'&'##5327654&'73327654&'732654'&'7…M@\&/#3YA44"20PZÁÁQ#:) &.@CK$(*'":!)*A)%# %$®E:$<\*I%-9:"<^o+&!8>
7m>-Dqÿÿ  %…5 ³    „ÿlØ¹    Ro@44¸ÿğ@	4L 4*¸ÿà@4- 4244 ¸µ¸´
¸@		4MMNF@A8NN4AA3ºï 4	²%+$º Fï²8¾ï ë +ï ²¸µ  ¸´	
¸·IM=@ºú AÿÀ@	4AAM443333/» 8 ÿÀ@	4M(NN?MMMIA
 @ ğ T %û   $ÿÀµ	4$$(¸³ ¸*…/]ı2/+íõı2/]9/9/+<ı2/]9/9/+ô999/ı993/í993/ı99 ?í?í<í?9?ı9/9/99/3/í993/í993/í9910+++++++'7'7'7#"&'###"'&546767327654'&'7327654&'732654'&'7ÄM JhN¢KAL¢JÙO<[/*!/Z{,9u“İÈjt*$6(F-±¤À—¼%5S2{_(#(%)K&C/
c’V’şøV¯‘T‘üz!$&\WqBSFMŸV°Y6p¦E|CS•dZGAÍR?Yš4;#<ab+029**mM?x ÿÿ „ÿlØ¹ µ     %…¹    G@44¸ÿğ@4A 4 ¸µ¸´
¸@		C56.&''B66CBBCº	 ;ï².¸ï²ºï ë²¸µ  ¸´	
¸@
5>6'25ºú 6ÿÀ·	466B#&ºú 'ÿÀ@	
4''BCCB@4BB>º ğ±I/õı2/+9/9/+ô99/+ô9999/ı993/í993/ı99 ?í<í<í?9/9/9/99993/í993/í993/í9910++++'7'7'7#"&'##"'&'##5327654&'73327654&'732654'&'7gM JhN¢KAL¢JãM@\&/#3YA44"20PZÁÁQ#:) &.@CK$(*'":!)*A)c’V’şøV¯‘T‘üz# %$®E:$<\*I%-9:"<^o+&!8>
7m>-Dqÿÿ  %…¹ ·    „ÿl	W 1 > ­¹ ÿÖ@444445¸ï²--ºï 	²º <ï²  "¾ï ë ï ·;2¸¶""2A
ü @  ğ @ û   ÿÀµ	4º 	*…/ı2/+íõí9/3/ı2/9/9 ?í?í<í?9?ı9/í10+++!!"'&546767327654'&'73276767676324&#"!26	û\rşİÈjt*$6(F-±¤À—¼%5S2wfXa”RAJY‰D?¢{RHY?aIHÍ`r%ĞhFMŸV°Y6p¦E|CS•dZGAÍR?Yš&!Gg4OI„17 2&&' ÿÿ „ÿl	W ¹     %> % 0 [·
	!¸ï²))-ºï ï²
ºï 	ë´-&¸ú³	&ºü  ğ±2	/õí9/ô999 ?í<íı2/í9/9910!"'&'##5327654&'73276767676324&#"!26ûN61%2*T\ÁÁQ#:)#=AXTqzX QBJXˆE@£zQdqpÍmd%$®E;#<ˆJO&)?f4OI„17C99& ÿÿ  %> »    „ÿl	¹  5 B Ì¹ ÿÖ@444 44 ¸³"9¸ï²11!ºï "	²º @ï²&¾ï ë ï 	²¸@
  ?6""!!¸¶&&6A
ü @ ğ D û   ÿÀµ	4º *…/ı2/+íõí9/3/ı2/9/99/ı99 ?í?í<í?9?ı9/í3/í9910+++'7!!"'&546767327654'&'73276767676324&#"!26uL¢J>û\rşİÈjt*$6(F-±¤À—¼%5S2wfXa”RAJY‰D?¢{RHY?aIHÍ`rd‘T’ülĞhFMŸV°Y6p¦E|CS•dZGAÍR?Yš&!Gg4OI„17 2&&'ÿÿ „ÿl	¹ ½     %¹  ) 4 z² ¸@%	%¸ï²--1ºï ï²ºï ë²¸¶  1	*¸ú³*ºü ğ±6/õí9/ô9999/ı99 ?í<íı2/í9/993/í9910'7!"'&'##5327654&'73276767676324&#"!26L¢J ûN61%2*T\ÁÁQ#:)#=AXTqzX QBJXˆE@£zQdqpÍmdd‘T’ül$®E;#<ˆJO&)?f4OI„17C99&ÿÿ  %¹ ¿     %íY - 9 ¹ ÿğ@4%17)½ï   )ï´1177ºï ë@%!7
¸²!¸³

.ºü  ğ±;/õí9/í3/í3/2/9/9999 ?ı<3/í?3í9999910+!5727676654'&'&''667&''676324&#"!2íû™D;DV>9/I

#-¯1”j‡C=ibI_NXAE³ì%®5,e/k^B_<p4/g8)	u÷TGWAeFOH…35 ."+ÿÿ  %íY Á  ÿÿ  %íY Á  ÿÿ  %íY Á     %íY  1 = µ¹ #ÿğµ4 ¸@-)5;-"½ï   -ï´55;;ºï ë²¸@ @	4  2)%;"¸²""%¸³2ºü ğ±?/õí9/í3/í3/2/9/99999/+ı99 ?ı<3/í?3í999993/í9910+'7!5727676654'&'&''667&''676324&#"!2İM¢Jµû™D;DV>9/I

#-¯1”j‡C=ibI_NXAE³ìÈ‘T’ü®5,e/k^B_<p4/g8)	u÷TGWAeFOH…35 ."+ÿÿ  %íY Å  ÿÿ  %íY Å  ÿÿ  %íY Å    *şN F 7 §³€+¸ÿà³41¸ÿÌ³40¸ÿà@	4 4ºï #ÿÚ·4##( 7¼ï  ï²'ºï (@44#' .'7  ('¸ÿÀ¶4''9¸².º …/í3/í3/+33/<9/999+ ?ı2/í?í99/+í+10+++]"'&'&5476767&'&547632"67673267 ıĞrÅk‡&:F`%RYf‘AI1Jbg…Rdsa{d_jr*Ğ\ºcj\³Ü/^/şõ§WmÌ|cQH"E0#Mvjfu&: '9=7.6&*œQ+X\v‡QF   6şNãs 4 ±@	è 41¸ÿº³	40¸ÿÌ@	4

(# 4ºï µ¸ÿÀµ4#ºï %ë@4 .($¸ÿÀ@	4  $»ğ 6 ù².º …/í3/íõ2/9/+9/9/999 ?ı2/+9/9/?í9910]+++ ]"'&'&5476767&&#"#6763233#"&'3ãÊ»kÂn5*T(k
%8€V>E&#8gM¢¢™©3I;P-8©‚ãxÉşî YsÏ‰u]^-d" #i(`*/K1"C8®\j/2DAQK©]G   %	Ç  n¹ ÿà·4 ¸ï³/º  ï¶ ¼ï ï ë@44
  ¸ ²

/3/í3/33/9+99 ?íí9/]í?]í9/910+##53&&54632&&#"66	E—şs§ùğ$Å›{P"QEn;ŠcN¤Ò]¶7K®/w8v <b=21y//    %mX ( j@$( ¸ÿÀµ4(¸ï²  ºï 
ë@$$$P €    »ğ * ù²
/3/íô2/]9/9/9 ?í<ı2/+9/9/99910#"'&'##532767'&#"#54763233m“ACP$CVi†ZZTHRO* (:5ƒqG]%H[“%%B<!)®.6&;n)%'Q+."<    *şN å  ; Å³€/!¸ÿà³45¸ÿÌ³44¸ÿàµ4 ¸@	 4ºï 'ÿÚ·4'',;¼ï  ï²+ºï ,²¸@  44'+#2+;,+¸ÿÀ¶4++=#¸²2º …/í3/í3/+33/<9/999+9/ı99 ?ı2/í?í99/+í+3/í9910+++]'7"'&'&5476767&'&547632"67673267òQœQÊıĞrÅk‡&:F`%RYf‘AI1Jbg…Rdsa{d_jr*Ğ\ºcj\³Ü/^/S’ù§WmÌ|cQH"E0#Mvjfu&: '9=7.6&*œQ+X\v‡QF   6şNã  8 Ô@	è	 45¸ÿº³	44¸ÿÌ@	4 ¸@,#'8ºï µ¸ÿÀµ4'ºï )ë²¸@  #82,#(##¸ÿÀ@	4##(»ğ : ù²2º …/í3/íõ2/9/+9/9/9999/ı99 ?ı2/+9/9/?í993/í9910]+++ ]'7"'&'&5476767&&#"#6763233#"&'3WL¢K/Ê»kÂn5*T(k
%8€V>E&#8gM¢¢™©3I;P-8©‚ãxÉÈ‘T’ùÑ YsÏ‰u]^-d" #i(`*/K1"C8®\j/2DAQK©]G    %	  ! ‘¹ ÿàµ4 ¸@¸ï³/º ï¶ 
¼ï 
ï 	ë²¸@  44#¸ ²	/3/í3/33/9+999/ı99 ?íí9/]í?]í9/93/]í9910+'7##53&&54632&&#"66eK£LFE—şs§ùğ$Å›{P"QEn;ŠcN¤ÒÈ‘T’ı@¶7K®/w8v <b=21y//   %m  , Š² ¸@ (	,  ¸ÿÀµ4  ,¸ï²ºï ë²¸@  $	(((P$€$$$»ğ . ù²/3/íõ2/]9/9/99/ı99 ?í<ı2/+9/9/9993/í9910'7#"'&'##532767'&#"#54763233L¢Kø“ACP$CVi†ZZTHRO* (:5ƒqG]%H[“È‘T’ü%B<!)®.6&;n)%'Q+."<    m%•s  # . ¯µ	 4¸ÿÌ³4¸ÿàµ4 ¸³$¸ÿÀ@	4$$(A	 (ï  ï ë²¸¶  +$¸ó²++$A
 @ ğ 0 û   ÿÀµ	4º *…/ı2/+íõı2/í9/9/ı99 ?í?í?99/+3/í9910+++'7!"'&'&54767!!&'&547632'4'&#"ÎR¢ShükÓšOV3%(+ :áu7?>FUc,%h/"!)”X’û²HN†YwQ(W[%„~ *0G]jwubµW/8)%1ÿÿ m%•s Ñ     %jÏ   % t² ¸@		#¸ï²#¸ï²ºï ë²¸@   4	¸³!!º ğ±'/õí9/í99+9/ı99 ?ı2/ı2/í993/í9910'7!5!4'#"'&547632&'&#"326åM¡J)ı–4.#I.528ZzB7£*&#X4y’V’ûV®YN%*O‹ht¿Õ$%2-P   %`§   ! j@ 4 ¸²¸ïµ
ºï ë²¸¶  
¸³º ğ±#/õí9/í99/ı99 ?ı2/93/ı2/í9910+]'7!5!267&'&547632'&'&#"	XŒSèı W>W3¬3s7>Yf5*Z):(OK`Œû~®	2xi]i‚gŒP'K,L	  Œÿgíw   5 B Ñ³T
	¸ÿà³4¸ÿà@4!@
4 ¸´¸²1¸ï²::)¸ï³@@¼ ï ² ¸´¸@6 4&6#-¸ı³==#A
 @ ğ D û   ÿÀµ	4¸³ ¸*…/]ı2/+íõí9/í99+9/ı993/í99 ?í?99/í3/ı2/í993/í9910+++]'7'7!"'&54767327654&'#"'&547632'&'&#"326xN¢KAL¢Jÿ¾«şåßz„&#A*nfÇÕ ¹	&M'X7C:AYuD:Ÿ*0-:%-"V¯‘T‘ûÖÆh]PW«v‚xxF6J5C?‚>9FQŠ3-(0aqgt ˆ³±>).#$ ÿÿ Œÿgíw Õ     %jì    ) –² ¸´¸@@	4"'¸ï²""'¸ï²
ºï 	ë² ¸´¸@ 4¸³%%	º ğ±+	/õí9/í99+9/ı993/í99 ?ı2/ı2/í993/+í993/í9910'7'7!5!4'#"'&547632&'&#"326JN¢KAL¢Jªı–4.#I.528ZzB7£*&#X4—V¯‘T‘û”®YN%*O‹ht¿Õ$%2-P   %`Ğ    % †@ 4 ¸´¸²¸ïµ
ºï 	ë² ¸´¸¶"¸³""	º ğ±'	/õí9/í99/ı993/í99 ?ı2/93/ı2/í993/í9910+]'7'7!5!267&'&547632'&'&#"5U}ViO{S‡ı W>W3¬3s7>Yf5*Z):(O†R…ˆQ†û“®	2xi]i‚gŒP'K,L	   s%3 ( I¹ 8ÿà³4¸
@	/H#¸
¶/&&&H¸ñ@@	42:=<DG2H¸ï²A@D¿ 3 2	 :ï *ë@@4 @	46¸ı@	 @	
4  6 »ı @ ÿÀ·	4=6A¸û@ @@==<GHDD<¸µHHH;¿ )ğ K 3û 2ÿÀµ	4226º .ÿÀ³	
4.¸$…/+ı2/+íõí3/]í3/93/3/í9/+í9/+í9/+99/+9 ?í?9?33í9999/+í9/]ı999/]í10+#"'&'7232654&#""&546732772!"'&547673!'467'§’„=J-W"Os¥"F#¯`E%< 64*nıïel/*""sV¦}}4Hl0vˆmx
C.Tê ƒ#16ıY9=“XpTNT&m,!PEy9:(.r üğÿÿ s%3 Ù  ÿÿ  %mß /  ÿÿ  %mß /     S3 7  ¹ ÿà³45¸ÿğ³4¸ÿÌ@4 4$#.12¸ï²'&.A	  	 ï  'û@
&&$$#12..#¸²22¿  ğ 9 û ÿÀµ	4º 
%…/ı2/+íõí3/í3/93/3/å /í?9?33í99910++++#"'&5476767327654'&/473'SKC‚n©Ájt+5 %!³Ÿ©#!.7%
9¡ ^S$GN›V]O^D`C5G8D@{~:@Yaè²ÜÂ†n&%	
F@:³Ñ‚Ğ ÿÿ  S3 İ     %î3  q¹ ÿğ@
4¸ï²	¿ ï @ ë 	û@ ¸²½  ğ  %…/õí3/í3/93/3/í ?í?33í999910 +!5!'467'îş‰w4A230v%®PEy9:2rüğÿÿ  %î3 ß    işNúÛ * ˆ¹ ÿà³4¸ÿø@4‹‹ @	4$¸ï@	@4*¾ï ï ë ³ ¸ú³   ¸ğ¶,		¸ı³/]í3/9/ä9/ı9/ ??íí3/+í9/+910]++#"&'&'&546767&'&#"'67632úw¦|-/0$koX±?34!".&?V>>353%'IB–š@&>2SSQ€€‰!@('K-J.&D!O ÿÿ işNúÛ á     %mI  # v@ 4 4!¸ÿà³4¸
² ¸ï´
	#¸ï²  
ºï 	ë· 	 ¸ÿà¶4  	º   ğ±%	/õí9/+99/9 ?í<í9/ı2/í10+++#"'&'##5327676767'&'&'mhCTaJ:ytœ™[G7-=YPCE)7s&0!$ƒ:%#=G7®.$AXA:iTrG:8/2!2'>ÿÿ  %mI ã    ‹ÿl{v  $ ¦¹ ÿà³4¸ÿÖ@4 4 4 ¸² A
ï !	   ï ²º  ÿÀ@
4  !!  A
 @ ğ & û   ÿÀµ	4º *…/ı2/+íõı2/9/9/+ı99 ?í?9?í3/í9910++++'7!"'&546767327654'&'7KœHƒşÆÈjt*$6(F-±¤½’µ0S5($V‹ü¯ßiqFMŸV°Y6p¦E|CS•fXN:ÍQ¨‹ÿÿ ‹ÿl{v å     %:   [·
44 ¸²¾ï  ï ë² ¸·½ ğ  *…/õı2/9/9/í99 ?í?í3/í9910+'7!5!4'&'7êL¢JôıÆñKNHÂ‘T‘ü®v>+Q£[3M²ÿÿ  %: ç  ÿÿ 6
q     =%F©  ' n@# &¸
²  &¸ï²»ï @ ë·  ¸ş· # ½ğ ) # …/íå9/]ı99 ?ı2/ı2/ı2/99910]#"'&'#"&5467&&5476733'32FH7)\3s™à¨
!ş£Wd"81<%{\‘8>VÑND"*"$>t>¬DhmC7	
    Zp ( 5 C §@: 4:-=2-#¸ÿÀ·4##--2¸ï´A¾ï ë ï ë@=:2)# 	40##)¸ ³00)¸ı@	:@	4::6¸ ³  E¸…/3/í9/+í9/í9/9+99999 ?í?í9/ı2/3/+9/999+10#"'&'##53267&'&54677667&54767%4'&#"6764'&'326Z$'')pgGt5C[ZZ)LAc!E,@a{G^ş ..Pz+ñ8#3)%<=2Î:GM40.B®­#/S7=t’s˜…+=+)CÇ#J/51U    ÿ‚mo  ) 4 Šµ&".¸ï³""	¸ï³22¸ï²  ºï ë@
*. &.&¸².¸´* ¸ı²¸ı³** »ğ 6 …/ä9/í9/í9/í3/í999 ?í<í3/í3/í9910!#"'&57#536767632!%4#"6764'&'326mş’@-9@xdxİı#*5:C;/.‡¸şµ(+<5[>H(t_\5@#%7EQN/;Sd¤H®]Pe@Jl=X7!C©_^-i&,ıøOI<nGV  xÿc»   * uµ@4¸ÿà@4@	4
¸ï²%%!ºï ë²

¼
  ı³((
!¼   ğ²,
¸ÿÀ³	4
¸…/+3õíí9/í ?ı2/?ı2/í910+++#"'&'&'73276767"'&547632&'&#"»zˆ²BF3RAA8{1zmUU+O‡CL08VW&?')Xa¥£¶#>1]/j+1pgXfeO`% %13 ÿÿ xÿc» í  ÿÿ 2ÿ§Ù² 5  ÿÿ jÿû 6    2şVÙ² ; ? C Õ¹ &ÿÖ@4)44*44<>?¸´==@BCº Aµ!' A	 ï 9 'ï ÿÀ³	4¼ ï 0ë²=?<¸´>>ACB¸³@@$3¸@	

,$  ,¸ı´@E!»û    ÿÀµ	4  $º 9…/ı2/+í3/í3/99/í9/ı993/í99 ?í?+í?í?99?í993/í9910+++&&#"332!"'&54767673276654&##"&54767632'7'7Ù#a2W`X+5PHE`ÛÉş©²^f".<*?C©xŸˆÚê+B7<UfgBLş‡N¢KAL¢J  C-4e]7AûƒxEK—hrW_qpÃKzz0)r>1Cs}TePûßV¯‘T‘   jşNû 6 : >µ†3–3 ¸ÿà@4:44–§,¸ÿÀ¶./4,,"¸ï@ï>79Ÿ::¸·88;=Ÿ>>º <³5ºï ë²8:7¸´99<>=¸³0;;¸ÿÀ·	
4;;/&º ÿÀ¶	
4 /¸@
@@	
4 ¾ğ @ û   ÿÀµ	4º 9…/ı2/+íä9/+í9/+í9/+]ı993/í99 ?ı2/9?í]993/í]993/]ı9/+9/10]+++ q#"32!"'&54767327654&#&&#"&54767633'7'7û¯š›])0Q0{†şË×‡@b(&%9€zÕm†#s?6I<eLT¯şb]pZ\[t]%!		%»U]INt‚/šA@nF{@=/!!|O@üÑVG^OVG^    ÿr:¦    }·44¸´¸¶ ¾ï  ï ë²¸´¸·½  ğ  *…/ôı2/9/9/ı993/í99 ?í?í3/]í993/ı9910+!5!4'&'7'7'7:ıÆñKNHN¢KAL¢J%®v>+Q£[3M²şDV¯‘T‘ÿÿ  ÿr:¦ ó    @ ¢ D N e0@TVJOce@?4ee_c[WZ¸ÿÀ¶?4ZZS_¸ñ²WWc¸ñ@'SS.<; K.7 4H7#K##@	4##.K¸ï³  K?¿ò .ò ï @ Kë@eeOZOZ[[#*7HK@¸û@ ??<<;  ;¸²º ÿÀ@		
4*E¸@@4@	4g@**¸…/]3/++í9/9/+ı2/í3/93/3/í9999993/33//3/ ?í??9/í9/+]99+99993/í3/í9/+99/+910 ]'#656767&'&'&'&#"#"'&'&&5476326765'4674&'276#"'&#"'676323270;"%P&jñrªuF #T!/)-$)NEUKIf-/C9,Kğw:v2UşÎ)02-c&	d2!54F´[†~Š‡F(?A%4#LA[‘„7<+#,'9.=+>#5NFreu¤J^‡Šxº!Bk,+$ü+/6'f$  !$	   @ ò  > UH¹ ÿà³4¸ÿà³4¸ÿÖ³4)¸ÿÖ³4(¸ÿà@	4[‰+"¸ÿà@%	
4+*	4*J	4)T	4(@	4?SU@?4UUOSKGJ¸ÿÀ¶?4JJCO¸ñ²GGS¸ñ@CC
@
4

  0@	4>¾ò 0ï 3ò 'û²&&>ºï ë@UU?J??JKK
 ¸ÿÀ¶ 4¸ÿÀ@
4 7-00¸²33-¸²77¸ğ³W&&¸…/3/õ2/í3/í]99/+]+3992/33//3/ ?í3/í?í?9/+9/9/+92/í3/í9/+99/+910+++++] +++++&'&#"#"'&'&5432#"'&54&5!5$767654&'76733#"'&#"'67632327'8nzF:I,;)H™«täƒT3=`KY¢Šş´„Õn…!$ƒüÍ)02-c&	d2!540}…“4#,:NX?[e‡¥ıW[nß6şõct& Q;^{”ËbªYT1"§s„¢c~6$£ !$	    & ¢
 D N n@¹ Qÿà@,4TVJ<; K.7 4H7#K##@	4##.K¸ï´  ?K.¸ÿÀ¶	4..T?¸ò¶OdfVlTT¸ÿÀ¶4Tllf¸õµ^@	4^¼ ï Kë@dVaaiOOiTTZ¸@@ii#*7HK@¸û@ ??<<;  ;¸²º ÿÀ@		
4*E¸@@4@	4p@**¸;…/]3/++í9/9/+ı2/í3/93/3/í9999993/ı2/3/9/99 ?í?+ı2/3+/999?3/+9/í9/+]99+999910 ]+'#656767&'&'&'&#"#"'&'&&5476326765'4674&'27647&'&547632&#"3260;"%P&jñrªuF #T!/)-$)NEUKIf-/C9,Kğw:v2Uş4*ºd5;-$+]!F´[†~Š‡F(?A%4#LA[‘„7<+#,'9.=+>#5NFreu¤J^‡Šxº!Bk,+$ü+/6'f$@.#8>4   0 ò
  > ^R¹ Aÿà³4)¸ÿÖ³4(¸ÿà@4…††Ç[‰+"¸ÿà@/	
4+*	4*J	4)T	4(@	4 

@
4

@	4>  >0¼ï 3ò 'û²&&>¼ï ë ÿÀ³4¸ÿÀ@	4DT?VF\DD¸ÿÀ¶4D\\V¸õµN@	4N¸@TFQQY??YDDJ¸µYY
 ¸ÿÀ¶ 4¸ÿÀ@
4 7-00¸²33-¸²77¸ğ³`&&¸;…/3/õ2/í3/í]99/+]+3992/ı2/3/9/99 ?+ı2/3+/9993/++?í3/í?í9/9/+9/+]910+++++] ]+++&'&#"#"'&'&5432#"'&54&5!5$767654&'7673347&'&547632&#"326'8nzF:I,;)H™«täƒT3=`KY¢Šş´„Õn…!$ƒü=*ºd5;-$+]!0}…“4#,:NX?[e‡¥ıW[nß6şõct& Q;^{”ËbªYT1"§s„¢c~6$“@.#8>4  SÿË D N n@¹ Qÿà@4TVJdOfVlT^¸õ@ffl@4ll@TTT¸ÿÀ@*4TT<; K.7 4H7#K##@	4##.K¸ï³  K?¾ò .ò ï Kë@dVaaiOOiTTZ¸@@ii#*7HK@¸û@ ??<<;  ;¸²º ÿÀ@		
4*E¸@@4@	4p@**¸;…/]3/++í9/9/+ı2/í3/93/3/í9999993/ı2/3/9/99 ?í??9/í9/+]99+99993/+]3/+3/í99910 ]+'#656767&'&'&'&#"#"'&'&&5476326765'4674&'27647&'&547632&#"3260;"%P&jñrªuF #T!/)-$)NEUKIf-/C9,Kğw:v2U›*ºd5;-$+]!F´[†~Š‡F(?A%4#LA[‘„7<+#,'9.=+>#5NFreu¤J^‡Šxº!Bk,+$ü+/6'f$şP@.#8>4  AÿŞ  > ^_¹ Aÿà³4¸ÿà³4¸ÿà³4¸ÿÖ³4)¸ÿÖ³4(¸ÿà@	4[‰+"¸ÿà@	
4+*	4*J	4)T	4(@	4T?VF\DN¸õ@
VV\@4\\D¸ÿÀ³4D¸ÿÀ@	4DD&
@
4

  0@	4>¾ò 0ï 3ò 'û²&&>ºï ë@TFQQY??YDDJ¸·YY-&
 ¸ÿÀ¶ 4¸ÿÀ@
4 7-00¸²33-¸²77¸ğ³`&&¸;…/3/õ2/í3/í]99/+]+3999/ı2/3/9/99 ?í3/í?í?9/+9/9/+93/++3/+3/í99910+++++] ++++++&'&#"#"'&'&5432#"'&54&5!5$767654&'7673347&'&547632&#"326'8nzF:I,;)H™«täƒT3=`KY¢Šş´„Õn…!$ƒüÅ*ºd5;-$+]!0}…“4#,:NX?[e‡¥ıW[nß6şõct& Q;^{”ËbªYT1"§s„¢c~6$ıÓ@.#8>4   S ¢Ë D N à@)TVJ<; K.7 4H7#K##@	4##.K¸ï³  K?¿ò .ò ï @ Kë@#*7HK@¸û@ ??<<;  ;¸²º ÿÀ@		
4*E¸@@4@	4P@**¸…/]3/++í9/9/+ı2/í3/93/3/í999999 ?í??9/í9/+]99+999910 ]'#656767&'&'&'&#"#"'&'&&5476326765'4674&'2760;"%P&jñrªuF #T!/)-$)NEUKIf-/C9,Kğw:v2UF´[†~Š‡F(?A%4#LA[‘„7<+#,'9.=+>#5NFreu¤J^‡Šxº!Bk,+$ü+/6'f$   A òŞ  > ù¹ ÿà³4¸ÿà³4¸ÿÖ³4)¸ÿÖ³4(¸ÿà@	4[‰+"¸ÿà@-	
4+*	4*J	4)T	4(@	4
@
4

  0@	4>¾ò 0ï 3ò 'û²&&>ºï ë³
 ¸ÿÀ¶ 4¸ÿÀ@
4 7-00¸²33-¸²77¸ğ³@&&¸…/3/õ2/í3/í]99/+]+399 ?í3/í?í?9/+9/9/+910+++++] +++++&'&#"#"'&'&5432#"'&54&5!5$767654&'76733'8nzF:I,;)H™«täƒT3=`KY¢Šş´„Õn…!$ƒ0}…“4#,:NX?[e‡¥ıW[nß6şõct& Q;^{”ËbªYT1"§s„¢c~6$           !!%!!  ü Àü@ û  À           !!%!!  ü Àü@ û  À ÿÿ Fbœ1 ô  ÿÿ F×œ= ñ            !!%!!  ü Àü@ û  À           !!%!!  ü Àü@ û  À           !!%!!  ü Àü@ û  À ÿÿ F×Q ø  ÿÿ F×± ÷            !!%!!  ü Àü@ û  À           !!%!!  ü Àü@ û  À ÿÿ H×­Š õ  ÿÿ F×åZ ò            !!%!!  ü Àü@ û  À           !!%!!  ü Àü@ û  À           !!%!!  ü Àü@ û  À ÿÿ F×±¹ I  ÿÿ F×±W   ÿÿ F×±Ó K  ÿÿ F×±= H  ÿÿ @Ù±. J  ÿÿ 0×Ïw G            !!%!!  ü Àü@ û  À ÿÿ FÿÕœ ¤ ö  ÿÿ Fşöœ [ ó            !!%!!  ü Àü@ û  À           !!%!!  ü Àü@ û  À           !!%!!  ü Àü@ û  À           !!%!!  ü Àü@ û  À           !!%!!  ü Àü@ û  À           !!%!!  ü Àü@ û  À           !!%!!  ü Àü@ û  À           !!%!!  ü Àü@ û  À           !!%!!  ü Àü@ û  À           !!%!!  ü Àü@ û  À           !!%!!  ü Àü@ û  À           !!%!!  ü Àü@ û  À           !!%!!  ü Àü@ û  À           !!%!!  ü Àü@ û  À           !!%!!  ü Àü@ û  À           !!%!!  ü Àü@ û  À           !!%!!  ü Àü@ û  À           !!%!!  ü Àü@ û  À           !!%!!  ü Àü@ û  À           !!%!!  ü Àü@ û  À           !!%!!  ü Àü@ û  À           !!%!!  ü Àü@ û  À           !!%!!  ü Àü@ û  À           !!%!!  ü Àü@ û  À           !!%!!  ü Àü@ û  À           !!%!!  ü Àü@ û  À           !!%!!  ü Àü@ û  À           !!%!!  ü Àü@ û  À           !!%!!  ü Àü@ û  À           !!%!!  ü Àü@ û  À           !!%!!  ü Àü@ û  À           !!%!!  ü Àü@ û  À           !!%!!  ü Àü@ û  À           !!%!!  ü Àü@ û  À           !!%!!  ü Àü@ û  À           !!%!!  ü Àü@ û  À           !!%!!  ü Àü@ û  À           !!%!!  ü Àü@ û  À           !!%!!  ü Àü@ û  À           !!%!!  ü Àü@ û  À           !!%!!  ü Àü@ û  À           !!%!!  ü Àü@ û  À           !!%!!  ü Àü@ û  À           !!%!!  ü Àü@ û  À           !!%!!  ü Àü@ û  À           !!%!!  ü Àü@ û  À           !!%!!  ü Àü@ û  À           !!%!!  ü Àü@ û  À           !!%!!  ü Àü@ û  À           !!%!!  ü Àü@ û  À           !!%!!  ü Àü@ û  À           !!%!!  ü Àü@ û  À           !!%!!  ü Àü@ û  À           !!%!!  ü Àü@ û  À   ÊÉ·   >¹ ò·@	
4¼î ì ñ´ ¸í²¹í /í3/í9/í ?ı2/+?10#4'&'&54632#"&54632É+9
%F79IH42HH42HCvÃ’ˆ~™:¶~-=]\ü72HH23JJ   ÇÏ"  ¾ 	î ì  í /í ?í10#"&54632ÏO76LM58N6ON76ON   ÆÍW   *¹ 	î²¼î ì  í²¹í /í3/í ?ı2/í10#"&54632#"&54632ÍN85LJ78NO75LK68NÒ8NN87NNı”6ON76ON          !!%!!  ü Àü@ û  À           !!%!!  ü Àü@ û  À           !!%!!  ü Àü@ û  À           !!%!!  ü Àü@ û  À           !!%!!  ü Àü@ û  À           !!%!!  ü Àü@ û  À           !!%!!  ü Àü@ û  À           !!%!!  ü Àü@ û  À           !!%!!  ü Àü@ û  À           !!%!!  ü Àü@ û  À           !!%!!  ü Àü@ û  À           !!%!!  ü Àü@ û  À           !!%!!  ü Àü@ û  À           !!%!!  ü Àü@ û  À           !!%!!  ü Àü@ û  À           !!%!!  ü Àü@ û  À           !!%!!  ü Àü@ û  À           !!%!!  ü Àü@ û  À           !!%!!  ü Àü@ û  À           !!%!!  ü Àü@ û  À           !!%!!  ü Àü@ û  À           !!%!!  ü Àü@ û  À           !!%!!  ü Àü@ û  À           !!%!!  ü Àü@ û  À    %FÓ  ½ ï ë  ğ±/å ?í10!5!FşºF%®    %FÓ  ½ ï ë  ğ±/å ?í10!5!F÷ºF%®    %:Ó  ½ ï ë  ğ±/å ?í10!5!:ïÆ:%®   cÿç¬Ô  , Šµ4'¸ÿà@4' 	
4
 	4 	4¸ÿà³	4¸ÿà@"	4(%	(,,&&¸ÿÀ@4  & !!c-ö]í/]+í3/í9/99 ?í?í?í9/910+++++++3276'&#"%53#"$576!2676'+ŠÛà‰íu‘ßƒ•ÀÁ&4µş·¿Îş¹¨Ä¿;ã_I[%Çşü˜š r–I ùÑ¥|B[Llyàş¡µÇ[ÁhÔÎ÷Ğ18-V   Dÿè @  , y@Y' 4
 4¸ÿà³4¸ÿà@64)%(,,&$   $ @$%4!?!!1-ö]+í/]í3/í9/99 ?í?í?í9/910++++]327654'&#"%53#"'&763266'ıYTŒŒSYZTŠSYBÁ&1‚ğv‹ä…‰¤‰ÅÛ‹iD;ÅlffmÊ¿kfel—Ñ¥|BVHşŒ…A”'vm¬*ZU   ¡ÿç‚º % Zµ44¸ÿà@4&! ¸»@	%%&& &¸ÿÀµ4]&ö+í/<í3/í9/ ?í???í9/910]++53# &53327636765ÁÁ$cÙ24€ƒÔşgs8Â$"®}ÛV[ÂœFéÑ¥>­
şèá~ƒPR†éOü²½]YcafNşl*v  ƒÿè& $ uµ4¸ÿà@,4 	
4
  	
$$&	3%%¸ÿÀ@364ğ  ĞàN%ö]q+í/<ıä3/í9/ /í????í9/9910++ +53#5#"&&'&533266536765\Á$\½¡|Õ]£P´#­S:´?UÑ¥> şœ´GnO6r’ı³/˜Tˆ9şa*v ıÜÿE+  ,· 4€º  S·†@Ğ¹` /í]ıí }?Í10+#'3»‚çâ  ü/ı˜+  ,· 4€º  S·†@Ğ¹` /í]ıí }?Í10+#'3ı˜‚çâ ü¦ş#  Sµ 4¸ÿÀ@	
4‡//Ÿ¯¿@	4 ¸S·†@Ğ¸`µp°/]í]ıí /+]qrí+10+#3ş‘çñ şTÿ½+  A¹ ÿà³4¸ÿàµ4€ º ÿô³	4¸S·†O ß  ¹` /í]ıí+ }?Í10++3#şÛâç‚+  ü×ş@+  8¹ ÿàµ4€ º ÿô³	4¸S·†O ß  ¹` /í]ıí+ }?Í10+3#ı^âç‚+ ısşë#  T³™¸ÿà³4¸ÿÀ@	
4‡//Ÿ¯¿@	4¸S·†O ß  ¹` /í]ıí /+]qrí+10+]3#ıúñç‘#şè  ş)èÿŞ,  ‹¹ ÿÀ@		4
	¸ÿÀ@4¸ÿÀ³	4¸ÿÀ³%4¸ÿÀ@
794@SZ4º @É	

W¸ÿÀ@	4 p/]+í3/93/í }?í}Ô++++]qrİ+Í9910+ 7676'&#"'6#5şí5*[?'i{NVºp^^'*Ce2p şmÿ¡,  q¹ ÿÀ@*	 4
@@|Š4@RU4@KL4@<>4@&64€¼  ÿÀ@4ø
/í3/93/í+ }?íÜq+++++Í9/9910+ 7676'&#"'6#5ş¿1'T<$b¬]¦	AZ?7 ıèşÆ,  ‹¹ ÿÀ@		4
	¸ÿÀ@4¸ÿÀ³	4¸ÿÀ³%4¸ÿÀ@
794@SZ4º @É	

W¸ÿÀ@	4 p/]+í3/93/í }?í}Ô++++]qrİ+Í9910+ 7676'&#"'6#5ıÕ5*[?'i{NVºp^^'*K]2p ügmıû,  q¹ ÿÀ@*	 4
@@|Š4@RU4@KL4@<>4@&64€¼  ÿÀ@4ø
/í3/93/í+ }?íÜq+++++Í9/9910+ 7676'&#"'6#5ı1'T<$b¬]¦	AZ?7 ıI ;0  _µ 	4¸ÿà@7	4 	4  ïEïE	ß			@	4?	¿		
v		 v@o/]í3/í /]+qr3/í]9/í]2/10+++&6323273#"'&#"ıq[>k;#=‚¾?gCNIf~6Wä8$_  ûõ|ş“+  Ù³K¸ÿà@
4 
4  ¸@@@^5@OS4@CE4@+-4o€¸@a	ï		/	O	_		Ÿ		_	o		¿	ğ		@‹5	@jl4	@a5	@\]4	@WY4	@MQ4	@DI4	@:5	@144	@.B4	@',4	@%4	€
4	
¸²		 ¹ /í3/í }/+++++++++++++]qr3/íİ]q++++í3/10++]&6323273#"'&#"ûöq[>k;D=a¾?gCCN|R[,F¬,L  ürÿò  sµ 	4¸ÿà@	4 	4  ïE¸ÿÀ@4!&4ïE	/	?	/			@	4	@6>4?	¿		
v		 v@o/]í3/í /]++qr3/í]9/+í]2/10+++&6323273#"'&#"üsq[>k;#=‚¾?gCNf~6Wä8$_  şÕÔf  =¹ 
ÿğ³4¸ÿğ´4¸ÿÀ@#(4€ğ€€€/í3/í ?íqİ+À10 ++&'3327673#"'&üN;@AC@;OIMp#v#%H$& şÕÔ9O  9@ € ¸ÿÀ³4¸ÿÀµ4/ÍÖ++Í9 ?ÍrÀ910#73#ƒ¯ÑÃĞ¯C{{ ÿş»ÿÏÿˆ  (@ <PĞ <@  ¸ÿÀ³	
4 /+qí /qrí1053şÍş»ÍÍ    ö‰º  $ ( ¤@€‰†.&.'¸ÿÀ@	4''"‘@
4"‘¸ÿÀ@
4 
 ¸ÿÀ@
4%% ¸@
 


*&&¹ /í3/3/]<ı<3/<9/+9/9 ?3/+í3/+í9/993/+í9/<ı<10 ]]#53533##5#"'&54763232654&#"!5!¦^^}fftG‰¿W)”J\‚Jş{o[[km_\hhıé\QQ\ü­]o»Wrô`1gşâ‚š“~Œœ–ıC[  kÿÇ–Ó   0 ±@?   "!!)¸a³¼a % a@	/â 	èº£ @
â)!)"")¸(@+)'')++2 
)Ë/æí9993/ı9/íıí3/í9/9999 ?<ôíôı9?<öíıí9/ì99/99/9‡.+}Ä1035673732654#"#754#"'663 # äMû³6fzœilU’ +;FWŸ)œwe))}xŠ­OTş÷9ùô*Q {2‰ııÊ;M8nnhYfkS»x(*•aAE   ÿÇŒÓ  ' B Ğ@?   	 ¸a³	¼a  	a@&â 	4330A@¼a B 0a@6â ))¸(@"))""D @¸ÿà@4@.(B:.):¿(3)4'(/ôíıíä9+993/ı9/íıí3/í9/9999 ?<ôíıí9/9?<öíıí9/ì99/99/9‡.+}Ä103%732654#"#754#"'663 # 6767654#"'632!äMû³¦’ +;FWŸ)œwe))}xŠ­OTş÷ûÆğ%ŠC@—8úNF;*£P&‚9ùôà;M8nnhYfkS»x(*•aAE‚¯h)+n0BØ;6ZUJ5v:'y  ş¶ª .Â  B³™¸ÿà³4¸ÿÀ@	
4‡@	4¸S·†O ß  ¹` /í]ıí /+qí+10+]3#Ãñç‘Âşè ısªşëÂ  B³™¸ÿà³4¸ÿÀ@	
4‡@	4¸S·†O ß  ¹` /í]ıí /+qí+10+]3#ıúñç‘Âşè  şªÿ€Â  Aµ 4¸ÿÀ@	
4‡@	4 ¸S·†@Ğ¸`µp°/]í]ôí /+qí+10+#3€‘çñª  ü¦ªşÂ  Aµ 4¸ÿÀ@	
4‡@	4 ¸S·†@Ğ¸`µp°/]í]ôí /+qí+10+#3ş‘çñª şSª   Y¹ ÿÀ·	4
	¸³4¸ÿÀ´	4¸Ã@É	

W¸ÿÀ@	4 p/]+í3/93/í ?İ+ıÔí9910+7676'&#"'6#5é5*[?'i{NVºp(&f'*K|2x  ıªşÆ  Y¹ ÿÀ·	4
	¸³4¸ÿÀ´	4¸Ã@É	

W¸ÿÀ@	4 p/]+í3/93/í ?İ+ıÔí9910+ 7676'&#"'6#5ıÕ5*[?'i{NVºp(&f'*K|2x ûÈIşf0  kµ 	4¸ÿà@A	4 	4  ïEïE	ß	O		@	4?	O	¿		
v		 v€@ĞàP/]]qí3/í /]+qr3/ı]9/ı]2/10+++&6323273#"'&#"ûÉq[>k;#=‚¾?gCNIf~6Wä8$_  úôIı’0  kµ 	4¸ÿà@A	4 	4  ïEïE	ß	O		@	4?	O	¿		
v		 v€@ĞàP/]]qí3/í /]+qr3/ı]9/ı]2/10+++&6323273#"'&#"úõq[>k;#=‚¾?gCNIf~6Wä8$_  ú¯IıM0  kµ 	4¸ÿà@A	4 	4  ïEïE	ß	O		@	4?	O	¿		
v		 v€@ĞàP/]]qí3/í /]+qr3/ı]9/ı]2/10+++&6323273#"'&#"ú°q[>k;#=‚¾?gCNIf~6Wä8$_  ürÃÿª  i¹ ÿà@2	4 	4 	4  ïEïEß@	4v v¸ÿÀ³4¸ÿÀ¶4o/]++í3/í /+]r3/ı]9/ı]2/10+++&763232673#"'&#"üs:9Y>k;# "‚mT?gC"Ãh>>6#4rr8$/ ûªÃşHª  i¹ ÿà@2	4 	4 	4  ïEïEß@	4v v¸ÿÀ³4¸ÿÀ¶4o/]++í3/í /+]r3/ı]9/ı]2/10+++&763232673#"'&#"û«:9Y>k;# "‚mT?gC"Ãh>>6#4rr8$/ ûjÃşª  i¹ ÿà@2	4 	4 	4  ïEïEß@	4v v¸ÿÀ³4¸ÿÀ¶4o/]++í3/í /+]r3/ı]9/ı]2/10+++&763232673#"'&#"ûk:9Y>k;# "‚mT?gC"Ãh>>6#4rr8$/ÿÿüñş»ı¾ÿˆ}ıï  ÿÿü}ş»ıJÿˆ}ı{  ÿÿûİş»üªÿˆ}üÛ  ÿÿüÁş»ıÿˆ}ı¿  ÿÿû˜ş»üeÿˆ}ü–   ıêÿb#  Sµ 4¸ÿÀ@	
4‡//Ÿ¯¿@	4 ¸S·†@Ğ¸`µp°/]í]ıí /+]qrí+10+#3‘çñ  ş„ÿü#  T³™¸ÿà³4¸ÿÀ@	
4‡//Ÿ¯¿@	4¸S·†O ß  ¹` /í]ıí /+]qrí+10+]3#õñç‘#şè ıÂÃ `ª  i¹ ÿà@2	4 	4 	4  ïEïEß@	4v v¸ÿÀ³4¸ÿÀ¶4o/]++í3/í /+]r3/ı]9/ı]2/10+++&763232673#"'&#"ıÃ:9Y>k;# "‚mT?gC"Ãh>>6#4rr8$/ÿÿüñş»ı¾ÿˆ}ıï  ÿÿı_ş»ş,ÿˆ}ş]  ÿÿşvş»ÿCÿˆ}ÿt  ÿÿş¼ş»ÿ‰ÿˆ}º ÿÿüëş»ı¸ÿˆ}ıé  ÿÿılş»ş9ÿˆ}şj  ÿÿıXş»ş%ÿˆ}şV  ÿÿüş»ı]ÿˆ}ı  ÿÿış»ıâÿˆ}ş  ÿÿü,ş»üùÿˆ}ı*   ü|ş°+  n³K¸ÿà@
4 
4  ¸@@@^5@OS4@CE4@+-4o€¸²	º 
²		 ¹ /í3/í }?3/íİ]q++++í3/10++]46323273#"'&#"üp[>k;D=a¾?gC@Q|R[,F¬,L  üIş°0  kµ 	4¸ÿà@A	4 	4  ïEïE	ß	O		@	4?	O	¿		
v		 v€@ĞàP/]]qí3/í /]+qr3/ı]9/ı]2/10+++&6323273#"'&#"üq[>k;#=‚¾?gCNIf~6Wä8$_  û–|ş4+  n³K¸ÿà@
4 
4  ¸@@@^5@OS4@CE4@+-4o€¸²	º 
²		 ¹ /í3/í }?3/íİ]q++++í3/10++]&6323273#"'&#"û—q[>k;D=a¾?gCCN|R[,F¬,L û–Iş40  kµ 	4¸ÿà@A	4 	4  ïEïE	ß	O		@	4?	O	¿		
v		 v€@ĞàP/]]qí3/í /]+qr3/ı]9/ı]2/10+++&6323273#"'&#"û—q[>k;#=‚¾?gCNIf~6Wä8$_   ˆ  <&  C@5O °Àßğ p€Ÿ°Àßàÿ
 
%    à  /]í ??10]rq33ˆ´&ûÚ ÿÿÿış»Yº& $  }4    ±¸ÿÀ³5<4¸ÿÀ²4¸ÿì´A+++5ÿÿ Jş»>& D  }È   @
9 9:/7A+]5ÿÿÿı  Y,& $  t¬   @
# #"A+]5ÿÿ Jÿè& D  …4   &@LpL€LPL`L L°LàLğLL¸ÿÊ±H++]qr5ÿÿÿı  Y+& $   '| qß   0·Ğ ¸ÿÀ@*4 H+ A@(4 /+5+5++]q5ÿÿ Jÿè#& D   ' Ö Ş  “K   Z´_BB¸ÿÀ@=4B; H+Ÿ: :0:p:€:: :°:à:ğ::@.24 :=A>/>ğ>_>>@	4> /+]qr5++]qr5++]5ÿÿÿı  Y+& $   '| n±   '@ß H+ A@(4 /+5+5+]q5 ÿÿ Jÿè#& D   ' Ö Ş  ’-   Y@E?@&34?@4?< H+Ÿ: :0:p:€:: :°:à:ğ::@.24 :=A>/>ğ>_>>@	4> /+]qr5++]qr5+++5 ÿÿÿı  Y,& $   '| uÔ   1±)¸ÿÀ@4°) ) )(A A@(4 /+5+5+]q+5 ÿÿ Jÿè,& D   ' Ö Ş  tH   b@
€SOSSS¸ÿÀ@>4 SR;<AŸ: :0:p:€:: :°:à:ğ::@.24 :=A>/>ğ>_>>@	4> /+]qr5++]qr5++]q5ÿÿÿı  Y+& $   '| Ÿ<   0@"@ 4@4  A A@(4 /+5+5+]++5ÿÿ Jÿèò& D   ' Ö Ş  zt   T@A ?O? ?I:=AŸ: :0:p:€:: :°:à:ğ::@.24 :=A>/>ğ>_>>@	4> /+]qr5++]qr5+]5ÿÿÿış»Yh& $   '| }4   5±¸ÿÀ³5<4¸ÿÀ²4¸ÿì@A A@
(4 /+5+5+++5 ÿÿ Jş»Â& D   ' Ö Ş  }È   C@0@ @A/7AŸ: :0:p:€:: :°:à:ğ::@.24 :=A>¹" ) +++]qr5+]5 ÿÿÿı  Y+& $   '{«  qß   4±#¸ÿÀ³AB4#¸ÿÀ@95ÿ##H+ A @-4  /+5+5+q++5ÿÿ Jÿè#& D   ' Ù õ  “H   7@`HpH H[HH¸ÿà@4HCH+Ï<<h+<¹" ) ++]5++]q5 ÿÿÿı  Y+& $   '{«  n±   ?@#@894#@)14#@	4@#o#ß#ï##¸ÿõ@H+ A @-4  /+5+5+q+++5 ÿÿ Jÿè#& D   ' Ù õ  ’\   *·IPIIC¸ÿò@H+Ï<<h+<¹" ) ++]5+]5ÿÿÿı  Y,& $   '{«  uÔ   ;@	°6À6Ğ66¸ÿÀ³*246¸ÿÀ@!(4 65A A @-4  /+5+5+++r5 ÿÿ Jÿè,& D   ' Ù õ  t\   B@0PZ`ZZ Z ZZ0ZpZ€Z Z€ZÀZĞZ ZYAÏ<<h+<¹" ) ++]5+]qr5ÿÿÿı  Y+& $   '{«  ŸP   ,@Ï#ß#ï#/# #-A A @-4  /+5+5+]q5ÿÿ Jÿèò& D   ' Ù õ  zœ   +±F¸ÿÀ@
4 FP?9AÏ<<h+<¹" ) ++]5++5 ÿÿÿış»Yf& $   '{«  }4   5±$¸ÿÀ³5<4$¸ÿÀ²4¸ÿì@$%A A @
-4  /+5+5+++5 ÿÿ Jş»¸& D   ' Ù õ  }È   &@G GH/7AÏ<<h+<¹" ) ++]5+]5ÿÿ ¢ş»èº& (  }\   @
   A+]5ÿÿ Kş»>& H  }Ú   µP`¸ÿØ´ A+]5ÿÿ ¢  è,& (  tÔ   ¶ A+5 ÿÿ Kÿè& H  …*   @ 222À2Ğ2 21

A+]q5ÿÿ ¢  è& (   ×|j @
 A¹! ) ++5ÿÿ Kÿèª& H   × ğ   @
 *

A¹Ã ) ++5ÿÿ ¢  è+& (   '|« qı   0·Ğ ¸ÿÀ@*4 H+ A@(4 /+5+5++]q5ÿÿ Kÿè#& H   ' Ö ß  “L   K´_((¸ÿÀ@/4(! H+ @;5 @-24 Ÿ   #

A / ğ _  @	4  /+]qr5+r++5++]5 ÿÿ ¢  è+& (   '|« nÏ   4@%@:5ßÿ H+ A@(4 /+5+5+]qr+5ÿÿ Kÿè#& H   ' Ö ß  ’.   J@7%@&34%@4%" H+ @;5 @-24 Ÿ   #

A / ğ _  @	4  /+]qr5+r++5+++5ÿÿ ¢  è,& (   '|« uè   1±&¸ÿÀ@ 4°& & &%A A@(4 /+5+5+]q+5 ÿÿ Kÿè,& H   ' Ö ß  tH   Q@	O99ï99¸ÿÀ@04 98!"A @;5 @-24 Ÿ   #

A / ğ _  @	4  /+]qr5+r++5++]5 ÿÿ ¢  è+& (   '|« ŸP   $@° A A@(4 /+5+5+q5ÿÿ Kÿèò& H   ' Ö ß  zt   E@3 %O% %/ #A @;5 @-24 Ÿ   #

A / ğ _  @	4  /+]qr5+r++5+]5 ÿÿ ¢ş»èh& (   '|« }\   $@   A A@
(4 /+5+5+]5ÿÿ Kş»Â& H   ' Ö ß  }Ú   9µP&`&¸ÿØ@&'A @;5 @-24 Ÿ   #

A$¹" ) ++r++5+]5 ÿÿ c  ,& ,  t:   ¶ A+5 ÿÿ   Ô&£  …Ì   @	O"H++q5 ÿÿ ºş»‡º& ,  }¸   ¶  A+5 ÿÿ |ş»Iº& L  }z   @	@mo4O	 	
A+q+5ÿÿ cş»İÔ& 2  }¬   ¶ A+5 ÿÿ Dş»'>& R  }Æ   ¶ A+5 ÿÿ cÿçİ,& 2  t8   @p00°0À0 0/A+]q5ÿÿ Dÿè'& R  …*   @ ... .-A+]q5ÿÿ cÿçİ+& 2   '| qn   0·Ğ& &&¸ÿÀ@*4& H+ ! A@(4 /+5+5++]q5ÿÿ Dÿè'#& R   ' Ö à  “M   D´_$$¸ÿÀ@)4$ H+@.24Ÿ  A/ğ_@	4 /+]qr5+r+5++]5ÿÿ cÿçİ+& 2   '| n@   4@%#@:5##ß#ÿ###  H+ ! A@(4 /+5+5+]qr+5ÿÿ Dÿè'#& R   ' Ö à  ’/   C@1!@&34!@4! H+@.24Ÿ  A/ğ_@	4 /+]qr5+r+5+++5 ÿÿ cÿçİ,& 2   '| u`   1±6¸ÿÀ@ 4°6 6 65!A ! A@(4 /+5+5+]q+5 ÿÿ Dÿè',& R   ' Ö à  tH   L@O55ß5ï55¸ÿÀ@*4 54A@.24Ÿ  A/ğ_@	4 /+]qr5+r+5++]5ÿÿ cÿçİ+& 2   '| ŸÈ    @ #-!A ! A@(4 /+5+5+5ÿÿ Dÿè'ò& R   ' Ö à  zt   >@- !O! !+A@.24Ÿ  A/ğ_@	4 /+]qr5+r+5+]5ÿÿ cş»İh& 2   '| }¬    @ $%A ! A@
(4 /+5+5+5ÿÿ Dş»'Â& R   ' Ö à  }Æ   )@ "#A@.24Ÿ  A ¹" ) ++r+5+5 ÿÿ cÿç¬,&j   Çj @ 0o0ğ00%H+-¹! ) ++]q5 ÿÿ Dÿè Â&k    ô   !@ 0O0_000%1H+-¹" ) ++]q5 ÿÿ cÿç¬,&j   CÃj  @	.ÿ..%¸ÿâ´H+-¹! ) ++]q5ÿÿ Dÿè Â&k   C Ş   !@_.o. .0..% H+-¹" ) ++]q5 ÿÿ cÿç¬E&j  t8  @PAAA°AÀA A@%%A+]q5ÿÿ Dÿè &k  …*   @ AAÀAĞA A@%%A+]q5ÿÿ cÿç¬û&j   ×ËQ @
 -9%%A-¹! ) ++5ÿÿ Dÿè ª&k   × à   @
 -9%%A-¹" ) ++5ÿÿ cş»¬Ô&j  }¬   @
 . ./A+q5ÿÿ Dş» @&k  }Æ   ¶ ./A+5 ÿÿ ¡ş»"º& 8  }p   @
O A+q5ÿÿ ƒş»à&& X  }¨   @P`p A+]5ÿÿ ¡ÿç",& 8  tè   @
Ğ % A+]5ÿÿ ƒÿèà& X  …   2@P-- -°- --P-`-p-- -°--¸ÿÀ@	4 -,A++]q5ÿÿ ¡ÿç‚,&l   ˆj )±'¸ÿÀ@95p'/'_'''H+&¹! ) ++]r+5 ÿÿ ƒÿèÂ&m    ç   @O(((<H+%¹" ) ++q5 ÿÿ ¡ÿç‚,&l   C…j !@)o)Ÿ)) H+'¹! ) ++]qr5 ÿÿ ƒÿèÂ&m   C Ş   @à&&H+&¹" ) ++q5 ÿÿ ¡ÿç‚,&l  tè   @/0€0Ğ0 06A+]5ÿÿ ƒÿè&m  …   @P9 99 99¸ÿç±H++]q5ÿÿ ¡ÿç‚û&l   ×™Q @
 &2A&¹! ) ++5ÿÿ ƒÿèª&m   × æ    @ï%%@ST4 %1A%¹" ) +++q5ÿÿ ¡ş»‚º&l  }p   @
O' '(A+q5ÿÿ ƒş»&&m  }¨   @P&`&p& &'A+]5ÿÿ ş»Fº& <  }4   ¶  A+5 ÿÿ !şQî&& \  }¬   ¶ A+5 ÿÿ   F,& <  t¶   @Ğà 	A+]5ÿÿ !şQî& \  …ø   #@/p// //¸ÿÀ´+04/¸ÿÉ±H+++]q5 ÿÿ   Fû& <   ×hQ @
 	A¹! ) ++5ÿÿ !şQîª& \   × ¾   @
 'A¹" ) ++5ÿÿÿı  Y!6 $   ß6_ @
 A¹! ) ++5ÿÿ JÿèÂ6 D   ß õ   @`=à= =:A<¹Ã ) ++]q5ÿÿÿâ  [!6 ,   ßÿº_ @ 	 	A¹! ) ++]5ÿÿÿ°  )Â6£   ßˆ  @
 	A¹Ã ) ++5ÿÿ cÿçİ!6 2   ßÂ_ @
 !A ¹! ) ++5ÿÿ Dÿè'Â6 R   ß Ò   @
 A¹Ã ) ++5ÿÿ ¡ÿç"!6 8   ß_ @
 A¹! ) ++5ÿÿ ƒÿèàÂ6 X   ß Ü   @
 
A¹Ã ) ++5ÿÿ ¡ÿç"36 8  î   @ A /555+555 ÿÿ ƒÿèàÑ& X   '  Ü   Ø Ür 4@  !$ Ap AÀ!!?!! ¹" ) +/]]5+]55+5ÿÿ ¡ÿç"46 8  î   @ A /555+555 ÿÿ ƒÿèà4& X   '  Ü    çr =¹ ÿğ@!!Ap A!¸ÿÀ@4!@
4!¹" ) +/++5+]55+5 ÿÿ ¡ÿç"46 8  î   @ !A! /555+555 ÿÿ ƒÿèà4& X   '  Ü   ß Ür 6@" %$ Ap A`%€%%@4%¹" ) +/+]5+]55+5ÿÿ ¡ÿç"46 8  î   @ A /555+555 ÿÿ ƒÿèà4& X   '  Ü   C Ír :@!!Ap A"¸ÿÀ@4"@
4"¹" ) +/++5+]55+5 şşØ3    l@K
@#%4@4 @ˆ‰4@Os4@>E4@.34@$)4/@4ğ@4@	4 /+]+]+q+++++İŞ]<İ++</Şİ<İ<10!5!#53#53ıü‡‡şƒ‡‡¾uş¥“““ şşØ4    œ³ ¸ÿÀ³4 ¸ÿÀ@%4 @4?@4
@#%4@4
¸ÿÀ@9
4 @ˆ‰4 @Os4 @>E4 @.:4  @$%4/  @4ğ  @4  @	4  /+]+]+q+r++++İ+Ö<İ++</ÍÆ+Ş]+İÆ++9910#7#53#53ıç‚‡ç‡‡şƒ‡‡4²²ş¤“““ şşØ4  
  å²	
¸ÿÀ³044¸ÿœ·4¸ÿÀ@#%4@4
@144
d4
@#%4¸ÿÀ@4@4@4?¸ÿÀ@4@#%4@4@+,4	¸ÿÀ@:	4@ˆ‰4@Os4@>E4@.:4@$%4/@4ğ@4@	4 /+]+]+q+r++++<İ+9Ö+<İ++</+Ş]++İÖ++Í++İÖ++99Í++910#53'#'37#53‡‡¢Šœ•QOÌ‡‡Ø“É±±bbş¤“  şşØ4    –@@4
¸ÿÀ@4@4?	@#%4@4¸ÿÀ@9
4@ˆ‰4@Os4@>E4@.:4@$%4/@4ğ@4@	4 /+]+]+q+r++++İ+Ö<İ++</Ş]+ÍÆ+İÆ+9910#53'#'3#53‡‡–‚çâ`‡‡Ø“²ş¤“  ÿı  Uº  4@  	]
 ??í9/ÀıÀöÎÀıÀÀ9/10!!!##53!Uı‘şoÂ¤¤´ş„ıe›„›     ë&  4@ %	N
++
 ??í9/ÀıÀöÎÀıÀÀ9/10!3###53!ëşQçç´||c‘şõ„ış„    şi[» F í@‡817$G$E)9$&& ) )

 EDEEDBDE1// ?=??=?=+6  E+ 
&/1$,76*?=*DF,B)
*EF
 ?ÎÀÀĞıÀ?9/À99ı99À99Ôí9Ôí9/ıÀÔİíÄ99‡+}Ä99‡+}ÄÔÆÀ99‡+}Ä99‡+}Ä10]]]]]##&'&##"7#67&'&'&&56323276767632"&#"3[¬Eô].Z|Ç`IBj÷ñ.Šd:$6?\WNe¸])>M$D˜Ç–F%L>']³_3g9 36#:dŠÃkşi—˜.ZıR®2-­şnèß')T3ˆR¨Š<’´(M‚ı~O*²‘;Œ¨G&€‡3S+'ßşÅ  ÿûşÓP& B Û@y#h$&&%)%)

0//%;9;;9;9,5%BA%A?A??>,A,	%
9;5+0$&/,4*+*?A,>)+
*
BA+

 ?ÎĞıÀĞÀ?9/À9ı99À9ĞíĞ9í9/ıÀÔ99‡+}ÄİíÆ99‡+}ÄÔÆÀ99‡+}Ä99‡+}Ä10]]##&'&##"#67&'&'&&#"532332767633'&3P”"Á0"5I¸J4 1ÁÆÅovZ-808(j)9.)91c¸d0q%:vB1L'%&NuomIşÓ-IQ 1şë0Sş·I¹)L3•K bˆBËş5A'=•)c_$2$¹µ  ¡şi¢» ' —@V%‰‰ &$&&$g$&$#'    7  ') 
]( $&#	&	 ?ÎĞí?9/9í99Ô99í99öıÀÖíÆ99]‡+}Ä9]‡+}Ä10]]]]##&'&##3276767632"&#"3¢¬Eõ\,ZwÂÂF%J>']´p4g9 37"9eŠÃkşi—–.\ıRºı~R+®‘;Œ¨G'‹1S)'ßşÅ  †şÓv& & Œ@O%%#%%#F#"#%&%% &&(% 
 

N'+#%"+	%+	
 ?ÎĞí?9/9í99Ğ99í99ö]ıÀÖ]íÆ99‡+}Ä9]‡+}Ä10##&'&##327676767633'&3v”À/#5I´´d0:(,:+_$2K
'%&Muom>şÓ-IQ 1ş&ş5A‹` I•(d^%2$¹µ  ¡  ¢» + ³@f&&$& IYi†$$*  *  * )	  -	  ],&$	!*)					
 
 ?ĞÀ?99//9í9/999Ô9í99ö]ıÀÖ]Æ9/ÀÍ29‡+‡}ÄÀ99]]‡+‡}Ä]10!#&'#&##3273676767632"&#"¢ñõ:/x3EÂÂG1x&/76NHYp4g9 37"9eŠ_<şÆ§ıRºı~“şÚAn‚*X,(¨G'‹1S)'ß   †  & ( ¿@pi#!#%¿!ë!Ÿ!ß!!'% '  ' &	¯¿Ï  *	%  0N)#!	+' &	+				
 

 ?ĞÀ?99//9í9/999Ğ9í99ö]ıÀÕrÆr9/ÀÍ29‡+‡}ÄÀ99]]r‡+‡}Ä10]!#&'#&##3273676767633'&ÆÀc#+´´-!c(,:+_$2K
')")6jpIÖ7ş&ş5
DÑ+9` I•(dh(0¼   ¤şi¨º  8@   
 ]	 ?ÎĞí?À9/íöıÀÔİíıÀ10##!#3!33¨¬œıÂÂúÂ†şi—³ıMºı¦Zúó  ˆşÓW&  >@"%% 
%  N+	+ ?ÎĞí?À9/íö]ıÀÔİíıÀ10##!#3!33W””ş´´ó´tşÓ-×ş)&şFºün ÿı  mº  W@1		    	 o   	&6 ??À9/]9ÀĞÀ/ıÍİ]‡+}Ä‡+}Ä10#367mş$´ş È"09ºü¸ırHıüUE9jû  şií&  S@1		%   	% %	 $4Dt„
 /?]À?ÀÀÀ9/ıÍİ‡+}Ä‡+}Ä10#367íşn´şmÂİ.1İ&ûÚşi—&ı™wm‰g ÿı  mº  h@6     
 	  	  ??ÀÀÀ9/ÀıÀ9/ıÜÆ39ÜÆ‡+}Ä9‡+}Ä910!!#!5!367mşkUşd´şaUşjÈ"09ºı9”ı¡_”ÇıüUE9jû   şií&  i@?&Fv†&Fv†%   %

	
 %

 +

 /?ÀıÀ?ÀÀÀ9/ÀıÀİÆİÆ‡+}Ä‡+}Ä10 ]]!!#!5!367íşnBş¾´ş½CşmÂİ.1İ&ûÚ„şí„&ı™wm‰g  	şiIº  ˆ@ViDt„I		

   		 



	
	 /?ÀĞí?ÀÀÀ9/İÆÍ‡+‡}ÄÖİí‡+‡}Ä10]]]]##&'#36733I¬Dş'4şé7şç
T"-G'Óıı®}şi—$>Vşü¾şˆw=I^…ıMı¦  şÓñ&  ƒ@Q				%% %_o 	+
 /?ÀĞí?ÀÀÀ9/]333İÆÍ]‡+‡}ÄÖİí‡+‡}Ä10###367733ñ”IşìşéÚ„ş™á£* #.³×ş‘$gşÓ-£ş](şù@74Aûşşb   W  ´º  `@5dEU6   ]				 ??À99//333í2229/ö]íÔíÀ9/ÀİÀ10]]]!###"'&'&53733673´Â¢ŠxŠt€,(Â±yx‘›ÂO<şé
>Fyo±¯şcï™ÂşG>É  E  £&  e@9t„e%  %O_+
 ??99//333í22À9/Ö]íÔ]]íÀ9/ÀİÀ10]]!##5#"'&'&533673£´ndcY^d$!´	?,;cW{´¬"ÖĞ7;bYkÉt+T/!şë
)á  ¡  şº  8@g[J 	 ]		 ?À?9/3í2öıÀÔí10]]]!#4'&#"#3$32şÂ8G«ÍâÂÂÄ‹s,'¸\s[ı7ºı±a>Ezm³  ˆ  æ&  F@+‹zh%  0
%  N
+
 ?À?9/3í2ö]ıÀÔ]í10]]]!#54'&'&#"#3632æ´A:Zf¢´´¦o\c%!Éx(S0+6ş&şT46:dYk  cÿç°Ó  ! ‚@VŠ m \  J bUD†w9I„vj
& \#&& c"/			 ?í?í99//]3íö]íÔíöıÅ10]]]]]]]]]]]]]]]! '&5!&'&# '67632!32©¥ªş¥ş¦ªŸuu|ØşÃS¾8 ™ÜÈŸ£RGÅüLüÓÓüíş³ÙààÒT^Ü~„şÍ2Ğpkbc´šşŞöşâ   Uÿè(>    |@T8HUeŠy\lJ(8l[cU$ "$$
?
O

4!+ ?í?í99//]3íö]íÖíşí210]]]]]]]]]]]#"'&547!&'&#"'!2!3276({…ğê‚w	LV–ÊNº]võ†Äı¯8V‰ƒSOö™¥£–ğ œ`mÚW˜‘ş˜†ChXT   `ÿçÚÔ   # w@PY""V„uTFVŠy\IYxY& \%& 

c$  	 ?í?í9/íö]ıÅöıÀ10]]]]]]]]]]]]]]]]!"'&'&576! &'&#"!3276Ú¹Âş¾Ï§®OJ²¿MEÀ·ÌuŒÛ×váüwˆäÛ†~Ûş¹ÑÜgjº¯©TÔâİÒòÛƒœ“xï¬Ï‹ “ˆ  Dÿè'>   ! @Y\ l ScdU7G[kH9iXf
fUZj$ 7#$?O4"+  ?í?í9/]íö]ıÅöıÅ10]]]]]]]]]]]]]]#"'&57632&'&#"!3276'ğuŒò…{¤‰Åë†€¿BY†‡YBjı‘IT““SH"şŒ…AŸ”ø'v›“—JeeJ”šano`        ÿ' –                    (         	 
                        ! " # $ % & ' ( ) * + , - . / 0 1 2 3 4 5 6 7 8 9 : ; < = > ? @ A B C D E F G H I J K L M N O P Q R S T U V W X Y Z [ \ ] ^ _ ` a b c d e f g h i j k l m n o p q r s t u v w x y z { | } ~  €  ‚ ƒ „ … † ‡ ˆ ‰ Š ‹ Œ     ‘ ’ “ ” • – ˜ ™ š œ     ¡ ¢ £ ¤ ¥ ¦ § ¨ © ª « ­ ® ¯ ° ± ² ³ ´ µ ¶ · ¸ ¹ º » ¼ ¾ ¿ À Á Â Ã Ä Å Æ Ç È É Ê Ë Ì Í Î Ï Ğ Ñ Ó Ô Õ Ö × Ø Ù Ú Û Ü İ Ş ß à á â ã ä å æ ç è é ê ë ì í î ï ğ ñ ò ó ô õ ö ÷ ø ù ú û ü ı ş ÿ 	
 !"#$%&'()*+,-./0123456789:;<=>?@ABCDEFGHIJKLMNOPQRSTUVWXYZ[\]^_`abcdefghijklmnopqrstuvwxyz{|}~€‚ƒ„…†‡ˆ‰Š‹Œ‘’“”•–—˜™š›œŸ ¡¢£¤¥¦§¨©ª«¬­®¯°±²³´µ¶·¸¹º»¼½¾¿ÀÁÂÃÄÅÆÇÈÉÊËÌÍÎÏĞÑÒÓÔÕÖ×ØÙÚÛÜİŞßàáâãäåæçèéêëìíîïğñòóôõö÷øùúûüışÿ 	
 Ÿ !"#$ —%&'()*+,-./0123456789:;<=>?@ABCDEFGHIJKLMNOPQRSTUVWXYZ[\]^_`abcdefghijklmnopqrstuvwxyz{|}~€‚ƒ„…†‡ˆ‰Š‹Œ‘’ ›“”•–—˜™š›œŸ ¡¢£¤¥¦§¨©ª«¬­®¯°±²³´µ¶·¸¹º»¼½¾¿ÀÁÂÃÄÅÆÇÈÉÊËÌÍÎÏĞÑÒÓÔÕÖ×ØÙÚÛÜİŞßàáâãäåæçèéêëìíîïğñòóôõö÷øùúûüışÿ 	
 !"#$%&'()*+,-./0123456789:;<=>?@ABCDEFGHIJKLMNOPQRSTUVWXYZ[\]^_`abc ½defghijklmnopqrstuvwxyz{|}~€‚ƒ„…†‡ˆ‰Š‹Œ‘’“”•–—˜™š›œŸ ¡¢£¤¥¦§¨©ª«¬­®¯°±²³´µ¶·¸¹º»¼½¾¿ÀÁÂÃÄÅÆÇÈÉÊËÌÍÎÏĞÑÒÓÔÕÖ×ØÙÚÛÜİŞßàáâãäåæçèéêëìíîïğñòóôõö÷øùúûüışÿ 	
 !"#$%&'()*+,-./0123456789:;<=>?@ABCDEFGHIJKLMNOPQRSTUVWXYZ[\]^_`abcdefghijklmnopqr      stuvwxyz{|    }~€    ‚ƒ„…†‡ˆ‰Š‹Œ‘’“”•–—˜™š›œŸ ¡¢£¤¥¦§¨©ª«¬­®¯°±²³´µ¶·¸¹º»¼½¾¿ÀÁÂÃÄÅÆÇÈÉÊËÌÍÎÏĞÑÒÓÔÕÖ×ØÙÚÛÜİŞßàáâãäåæçèéêëìíîïğñòóôõö÷øùúûüışÿ 	        
 !.nullnonmarkingreturnmu1pi1OhmEurodmacron	overscoremiddotAbreveabreveAogonekaogonekDcarondcaronDslashEogonekeogonekEcaronecaronLacutelacuteLcaronlcaronLdotldotNacutenacuteNcaronncaron	Odblacute	odblacuteRacuteracuteRcaronrcaronSacutesacuteTcedillatcedillaTcarontcaronUringuring	Udblacute	udblacuteZacutezacuteZdotzdotGammaThetaPhialphadeltaepsilonsigmatauphiunderscoredbl	exclamdbl	nsuperiorpeseta	arrowleftarrowup
arrowright	arrowdown	arrowboth	arrowupdnarrowupdnbse
orthogonalintersectionequivalencehouserevlogicalnot
integraltp
integralbtSF100000SF110000SF010000SF030000SF020000SF040000SF080000SF090000SF060000SF070000SF050000SF430000SF240000SF510000SF520000SF390000SF220000SF210000SF250000SF500000SF490000SF380000SF280000SF270000SF260000SF360000SF370000SF420000SF190000SF200000SF230000SF470000SF480000SF410000SF450000SF460000SF400000SF540000SF530000SF440000upblockdnblockblocklfblockrtblockltshadeshadedkshade	filledbox
filledrecttriaguptriagrttriagdntriaglfcircle	invbullet	invcircle	smilefaceinvsmilefacesunfemalemalespadeclubheartdiamondmusicalnotemusicalnotedblIJijnapostropheminutesecond	afii61248	afii61289H22073H18543H18551H18533
openbulletAmacronamacronCcircumflexccircumflexCdotcdotEmacronemacronEbreveebreveEdotedotGcircumflexgcircumflexGdotgdotGcedillagcedillaHcircumflexhcircumflexHbarhbarItildeitildeImacronimacronIbreveibreveIogonekiogonekJcircumflexjcircumflexKcedillakcedillakgreenlandicLcedillalcedillaNcedillancedillaEngengOmacronomacronObreveobreveRcedillarcedillaScircumflexscircumflexTbartbarUtildeutildeUmacronumacronUbreveubreveUogonekuogonekWcircumflexwcircumflexYcircumflexycircumflexlongs
Aringacute
aringacuteAEacuteaeacuteOslashacuteoslashacute	anoteleiaWgravewgraveWacutewacute	Wdieresis	wdieresisYgraveygravequotereversed	radicalex	afii08941	estimated	oneeighththreeeighthsfiveeighthsseveneighthscommaaccentundercommaaccenttonosdieresistonos
AlphatonosEpsilontonosEtatonos	IotatonosOmicrontonosUpsilontonos
OmegatonosiotadieresistonosAlphaBetaDeltaEpsilonZetaEtaIotaKappaLambdaMuNuXiOmicronPiRhoSigmaTauUpsilonChiPsiIotadieresisUpsilondieresis
alphatonosepsilontonosetatonos	iotatonosupsilondieresistonosbetagammazetaetathetaiotakappalambdanuxiomicronrhosigma1upsilonchipsiomegaiotadieresisupsilondieresisomicrontonosupsilontonos
omegatonos	afii10023	afii10051	afii10052	afii10053	afii10054	afii10055	afii10056	afii10057	afii10058	afii10059	afii10060	afii10061	afii10062	afii10145	afii10017	afii10018	afii10019	afii10020	afii10021	afii10022	afii10024	afii10025	afii10026	afii10027	afii10028	afii10029	afii10030	afii10031	afii10032	afii10033	afii10034	afii10035	afii10036	afii10037	afii10038	afii10039	afii10040	afii10041	afii10042	afii10043	afii10044	afii10045	afii10046	afii10047	afii10048	afii10049	afii10065	afii10066	afii10067	afii10068	afii10069	afii10070	afii10072	afii10073	afii10074	afii10075	afii10076	afii10077	afii10078	afii10079	afii10080	afii10081	afii10082	afii10083	afii10084	afii10085	afii10086	afii10087	afii10088	afii10089	afii10090	afii10091	afii10092	afii10093	afii10094	afii10095	afii10096	afii10097	afii10071	afii10099	afii10100	afii10101	afii10102	afii10103	afii10104	afii10105	afii10106	afii10107	afii10108	afii10109	afii10110	afii10193	afii10050	afii10098	afii00208	afii61352sheva
hatafsegol
hatafpatahhatafqamatshiriqtseresegolpatahqamatsholamqubutsdageshmetegmaqafrafepaseqshindotsindotsofpasuqalefbetgimeldalethevavzayinhettetyodfinalkafkaflamedfinalmemmemfinalnunnunsamekhayinfinalpepe
finaltsaditsadiqofreshshintav	doublevavvavyod	doubleyodgeresh	gershayimnewsheqelsign
vavshindotfinalkafshevafinalkafqamats
lamedholamlamedholamdageshaltayinshinshindot
shinsindotshindageshshindotshindageshsindot	alefpatah
alefqamats	alefmapiq	betdageshgimeldageshdaletdageshhedagesh	vavdageshzayindagesh	tetdagesh	yoddageshfinalkafdagesh	kafdageshlameddagesh	memdagesh	nundageshsamekhdageshfinalpedageshpedageshtsadidagesh	qofdagesh
reshdagesh
shindageshtavdagesvavholambetrafekafrafeperafe	aleflamedzerowidthnonjoinerzerowidthjoinerlefttorightmarkrighttoleftmark	afii57388	afii57403	afii57407	afii57409	afii57440	afii57451	afii57452	afii57453	afii57454	afii57455	afii57456	afii57457	afii57458	afii57392	afii57393	afii57394	afii57395	afii57396	afii57397	afii57398	afii57399	afii57400	afii57401	afii57381	afii57461	afii63167	afii57459	afii57543	afii57534	afii57494	afii62843	afii62844	afii62845	afii64240	afii64241	afii63954	afii57382	afii64242	afii62881	afii57504	afii57369	afii57370	afii57371	afii57372	afii57373	afii57374	afii57375	afii57391	afii57471	afii57460	afii52258	afii57506	afii62958	afii62956	afii52957	afii57505	afii62889	afii62887	afii62888	afii57507	afii62961	afii62959	afii62960	afii57508	afii62962	afii57567	afii62964	afii52305	afii52306	afii57509	afii62967	afii62965	afii62966	afii57555	afii52364	afii63753	afii63754	afii63759	afii63763	afii63795	afii62891	afii63808	afii62938	afii63810	afii62942	afii62947	afii63813	afii63823	afii63824	afii63833	afii63844	afii62882	afii62883	afii62884	afii62885	afii62886	afii63846	afii63849uni202Auni202Buni202Duni202Euni202Cuni206Euni206F;uni206Auni206Buni206C;uni206DuniF00AuniF00BuniF00CuniF00DuniF00EuniFFFC	afii63904	afii63905	afii63906	afii63908	afii63910	afii63912	afii62927	afii63941	afii62939	afii63943	afii62943	afii62946	afii63946	afii62951	afii63948	afii62953	afii63950	afii63951	afii63952	afii63953	afii63956	afii63958	afii63959	afii63960	afii63961	afii64046	afii64058	afii64059	afii64060	afii64061	afii62945	afii64184	afii52399	afii52400	afii62753	afii57411	afii62754	afii57412	afii62755	afii57413	afii62756	afii57414	afii62759	afii62757	afii62758	afii57415	afii62760	afii57416	afii62763	afii62761	afii62762	afii57417	afii62764	afii57418	afii62767	afii62765	afii62766	afii57419	afii62770	afii62768	afii62769	afii57420	afii62773	afii62771	afii62772	afii57421	afii62776	afii62774	afii62775	afii57422	afii62779	afii62777	afii62778	afii57423	afii62780	afii57424	afii62781	afii57425	afii62782	afii57426	afii62783	afii57427	afii62786	afii62784	afii62785	afii57428	afii62789	afii62787	afii62788	afii57429	afii62792	afii62790	afii62791	afii57430	afii62795	afii62793	afii62794	afii57431	afii62798	afii62796	afii62797	afii57432	afii62801	afii62799	afii62800	afii57433	afii62804	afii62802	afii62803	afii57434	afii62807	afii62805	afii62806	afii57441	afii62810	afii62808	afii62809	afii57442	afii62813	afii62811	afii62812	afii57443	afii62816	afii57410	afii62815	afii57444	afii62819	afii62817	afii62818	afii57445	afii62822	afii62820	afii62821	afii57446	afii62825	afii62823	afii62824	afii57447	afii62828	afii57470	afii62827	afii57448	afii62829	afii57449	afii62830	afii57450	afii62833	afii62831	afii62832	afii62834	afii62835	afii62836	afii62837	afii62838	afii62839	afii62840	afii62841	glyph1021afii57543-2afii57454-2afii57451-2	glyph1025	glyph1026afii57471-2afii57458-2afii57457-2afii57494-2afii57459-2afii57455-2afii57452-2	glyph1034	glyph1035	glyph1036afii62884-2afii62881-2afii62886-2afii62883-2afii62885-2afii62882-2afii57504-2afii57456-2afii57453-2	glyph1046	glyph1047afii57543-3afii57454-3afii57451-3	glyph1051	glyph1052afii57471-3afii57458-3afii57457-3afii57494-3afii57459-3afii57455-3afii57452-3	glyph1060	glyph1061	glyph1062afii62884-3afii62881-3afii62886-3afii62883-3afii62885-3afii62882-3afii57504-3afii57456-3afii57453-3	glyph1072	glyph1073afii57543-4afii57454-4afii57451-4	glyph1077	glyph1078afii57471-4afii57458-4afii57457-4afii57494-4afii57459-4afii57455-4afii57452-4	glyph1086	glyph1087	glyph1088afii62884-4afii62881-4afii62886-4afii62883-4afii62885-4afii62882-4afii57504-4afii57456-4afii57453-4	glyph1098	glyph1099	glyph1100	glyph1101	glyph1102	glyph1103	glyph1104	glyph1105	glyph1106	glyph1107	glyph1108	glyph1109	glyph1110	glyph1111	glyph1112	glyph1113	glyph1114	glyph1115	glyph1116	glyph1117	glyph1118	glyph1119	glyph1120	glyph1121	glyph1122	glyph1123	glyph1124	glyph1125	glyph1126afii57440-2afii57440-3afii57440-4OhornohornUhornuhornf006f007f009combininghookabovef010f013f011f01cf015combiningtildeaccentf02cdongsignonethird	twothirdsf008f00ff012f014f016f017f018f019f01af01bf01ef01ff020f021f022combininggraveaccentcombiningacuteaccentf01dcombiningdotbelowf023f029f02af02bf024f025f026f027f028f02df02ef02ff030f031	Adotbelow	adotbelow
Ahookabove
ahookaboveAcircumflexacuteacircumflexacuteAcircumflexgraveacircumflexgraveAcircumflexhookaboveacircumflexhookaboveAcircumflextildeacircumflextildeAcircumflexdotbelowacircumflexdotbelowAbreveacuteabreveacuteAbrevegraveabrevegraveAbrevehookaboveabrevehookaboveAbrevetildeabrevetildeAbrevedotbelowabrevedotbelow	Edotbelow	edotbelow
Ehookabove
ehookaboveEtildeetildeEcircumflexacuteecircumflexacuteEcircumflexgraveecircumflexgraveEcircumflexhookaboveecircumflexhookaboveEcircumflextildeecircumflextildeEcircumflexdotbelowecircumflexdotbelow
Ihookabove
ihookabove	Idotbelow	idotbelow	Odotbelow	odotbelow
Ohookabove
ohookaboveOcircumflexacuteocircumflexacuteOcircumflexgraveocircumflexgraveOcircumflexhookaboveocircumflexhookaboveOcircumflextildeocircumflextildeOcircumflexdotbelowocircumflexdotbelow
Ohornacute
ohornacute
Ohorngrave
ohorngraveOhornhookaboveohornhookabove
Ohorntilde
ohorntildeOhorndotbelowohorndotbelow	Udotbelow	udotbelow
Uhookabove
uhookabove
Uhornacute
uhornacute
Uhorngrave
uhorngraveUhornhookaboveuhornhookabove
Uhorntilde
uhorntildeUhorndotbelowuhorndotbelow	Ydotbelow	ydotbelow
Yhookabove
yhookaboveYtildeytildeuni01CDuni01CEuni01CFuni01D0uni01D1uni01D2uni01D3uni01D4uni01D5uni01D6uni01D7uni01D8uni01D9uni01DAuni01DBuni01DCuni0492uni0493uni0496uni0497uni049auni049buni049cuni049duni04a2uni04a3uni04aeuni04afuni04b0uni04b1uni04b2uni04b3uni04b8uni04b9uni04bauni04bbuni018funi0259uni04e8uni04e9     \   		N  $ÿ  7ÿÛ  <ÿÛ ñÿ ùÿ ûÿ ÿ 	ÿÛ 
ÿÛ ÿÛ  ÿh $ ÿ $ 7ÿh $ 9ÿh $ :ÿ´ $ <ÿh $ YÿÛ $ ZÿÛ $ \ÿÛ $ ¶ÿh ) ÿ ) ÿ ) $ÿ / ÿ´ / 7ÿh / 9ÿh / :ÿh / <ÿh / \ÿ´ / ¶ÿ 3 ÿÛ 3 şø 3 şø 3 $ÿh 5 7ÿÛ 5 9ÿÛ 5 :ÿÛ 5 <ÿÛ 7 ÿÛ 7 ÿ 7 ÿ 7 ÿ 7 ÿ 7 ÿ 7 $ÿh 7 2ÿÛ 7 Dÿ 7 Fÿ 7 Hÿ 7 Lÿ´ 7 Rÿ 7 Uÿ´ 7 Vÿ 7 Xÿ´ 7 Zÿ 7 \ÿ 9 ÿD 9 ÿ 9 ÿD 9 ÿ´ 9 ÿ´ 9 $ÿh 9 Dÿh 9 Hÿ 9 LÿÛ 9 Rÿ 9 Uÿ´ 9 Xÿ´ 9 \ÿ´ : ÿ : ÿÛ : ÿ : ÿÛ : ÿÛ : $ÿ´ : Dÿ´ : HÿÛ : L   : RÿÛ : UÿÛ : XÿÛ : \ÿî < ÿÛ < şø < ÿD < şø < ÿ < ÿ{ < $ÿh < Dÿh < HÿD < Lÿ´ < RÿD < Sÿh < TÿD < Xÿ < Yÿ I IÿÛ I ¶ % U ÿ U ÿ U ¶ L Y ÿh Y ÿh Z ÿ Z ÿ \ ÿh \ ÿh µ µÿÛ ¶ ÿ´ ¶ VÿÛ ¶ ¶ÿÛ Ä-ÿ` Ä6ÿ` ÄLÿ` ÄQÿ¼ ÄTÿ¼+ ÿ+ ÿ+ø ¤+ùÿD+ûÿD+ÿD+ÿ¨+' X,ùÿÛ,ûÿÛ,ÿÛ,
ÿ¾,ÿ¾-ùÿÅ-
ÿ¾-ÿ¾/2ÿã/ÿÙ/$ÿÉ/Œÿã2.ÿã2/ÿã21ÿã23ÿã2ÿã2ÿã2 ÿã2"ÿã2&ÿã2+ÿã32ÿã3ÿÙ3$ÿÉ3Œÿãñ,ÿÕñ-ÿÅñÿÕñ	ÿhñ
ÿhñÿhñÿÛñÿÛñ$ÿÛõ
ÿ¾ö,ÿö-ÿö.ÿFö1ÿFö3ÿFöø ªöùÿhöûÿhöÿhöÿöÿöÿhöÿ´öÿhöÿ´öÿhöÿhö ÿFö' bö)ÿF÷
ÿÑ÷ÿÑù ÿù ¶ÿhù,ÿÕù-ÿÅùÿÕù	ÿhù
ÿhùÿhùÿÛùÿÛù$ÿÛû ÿû,ÿÕûÿÕû	ÿ‰û
ÿhûÿh ,ÿÁ -ÿ .ÿç /ÿç 1ÿç 3ÿç ÿÁ ÿç ÿç ÿç ÿç  ÿç &ÿç )ÿç +ÿç ÿ,ÿÕÿÕ	ÿh
ÿhÿhùÿÛûÿÕÿÛ
ÿ¾ÿ¾ ÿÛ şú şúùÿhûÿhÿh2ÿŒÿ	 ÿÛ	 ÿ	 ÿ	 ÿ	 ÿ	,ÿÛ	-ÿÛ	.ÿ	0ÿ	1ÿ	3ÿ	ø ¼	ùÿh	ûÿh	ÿh	ÿÛ	ÿÛ	ÿ	ÿ	ÿN	ÿN	ÿj	ÿ´	ÿj	ÿ	 ÿ	#ÿP	$ÿ	%ÿj	' ¼	(ÿN	)ÿ	*ÿN
 ÿÛ
 şú
 ÿF
 şú
 ÿ
 ÿ
,ÿ
-ÿ
.ÿF
1ÿF
3ÿF
ø ¼
ùÿh
ûÿh
ÿh
ÿ
ÿ
ÿh
ÿ´
ÿ
ÿh
ÿ´
ÿh
ÿh
 ÿF
' y
)ÿF.ÿ²/ÿ²1ÿ²3ÿ²ÿ²ÿÙ ÿ²&ÿ²)ÿ²+ÿ²
ÿÑÿÑ ÿÛ,ÿ-ÿ.ÿF1ÿF3ÿFø ªùÿhûÿhÿhÿÿÿhÿ´ÿhÿ´ÿhÿh ÿF' b)ÿF.ÿw/ÿ´1ÿw2ÿª3ÿwÿwÿÛÿªÿÛÿÿÛÿÛÿª ÿw&ÿw)ÿw+ÿwŒÿªÿÙ.ÿç/ÿç1ÿç3ÿçÿçÿçÿçÿç ÿç"ÿç&ÿç)ÿç+ÿç.ÿá/ÿá1ÿá3ÿÛÿáÿá ÿá"ÿÑ#ÿÏ&ÿá)ÿá*ÿÏ+ÿá.ÿÉ/ÿÉ1ÿÉ3ÿÉÿÉÿÉÿÉ ÿÉ"ÿÉ)ÿÉ 2ÿã ÿÙ $ÿÉ Œÿã!2ÿã!ÿÙ!Œÿã$.ÿÉ$/ÿÉ$1ÿÉ$3ÿÉ$ÿÉ$ÿÉ$ ÿÉ$"ÿÉ$&ÿÉ$)ÿÉ$+ÿÉ&2ÿã&ÿÙ&$ÿÉ&Œÿã)2ÿã)ÿÙ)$ÿÉ)Œÿã+2ÿã+ÿÙ+$ÿÉ+Œÿã. ÿ. ÿ. ©ÿw. ªÿw. ²ÿÓ4 ¶ÿ`5 ¶ÿw: ¶ÿ:> D:Aÿé:E -:HÿÓ:Iÿé:KÿÓ:Lÿ`:Mÿ¦:Nÿ¼:Qÿ`:WÿÓ:Z :lÿÓ:mÿé:n :w -;:ÿÓ;Aÿé;Hÿé;Kÿé;Lÿ¤;MÿÑ;Nÿé;OÿÓ;Qÿ¤;Tÿ¼;Wÿé;Yÿé;eÿé;mÿÓ<:ÿ¼<>ÿÓ<@ÿÓ<Aÿ¼<Eÿé<Hÿ¼<Kÿ¼<Lÿw<Mÿ¼<Nÿ¼<Oÿ¦<Qÿ¤<Tÿ<Yÿ¼<^ÿé<fÿé<lÿ¼<mÿé<oÿé<qÿ¼<yÿé= ÿ= ÿ= ©ÿw= ªÿw= ²ÿÓ=:ÿw=>ÿw=AÿÓ=Eÿ=FÿÑ=Hÿ=Kÿ¤=Yÿ¼=Zÿ=\ÿ=^ÿw=_ÿw=bÿ=eÿ=fÿ=gÿ=hÿw=jÿ=mÿw=uÿ=vÿ=xÿ=yÿw>M >NÿÓ>Qÿº>a D>h >m -?AÿÓ?kÿé@Aÿé@HÿÓ@Kÿé@L @M -@T -@Z @_ÿç@hÿé@mÿéAEÿéAHÿéAKÿéALÿÓAMÿéANÿéAQÿÓAYÿéDAÿéDHÿéDKÿéDM DNÿºENÿéE[ Em FNÿéFQÿéFZ F_ Fh Fk Fm FqÿéFw H:ÿÓH>ÿÓH@ÿÓHEÿéHMÿÓHOÿ¤HQÿÓHYÿÓH^ÿÓHeÿéHoÿéJ ş}J ş}J ÿÓJ ÿÓJ ªÿJ:ÿwJ>ÿwJ@ÿéJAÿÓJEÿJFÿéJHÿÓJKÿéJLÿ¤JMÿÓJNÿéJOÿ¤JYÿÓJZÿ¼J^ÿ`J_ÿ¦Jhÿ¦JwÿÓJyÿ¼K:ÿÓK>ÿÓKAÿéKEÿ¼KFÿéKHÿÓKLÿ¼KMÿ¼KOÿKQÿ¼KTÿºKWÿéKZ K` -KqÿéL ÿL ÿL ©ÿ¦L ªÿ¦L ²ÿÓL:ÿ¼L>ÿ¼L@ LAÿéLEÿÓLHÿ¤LNÿ¼LYÿÓLZÿ¤L\ÿ¦L_ÿLbÿ¦Ldÿ¦Leÿ¤Lfÿ¦Lhÿ`Liÿ¦LjÿLkÿLmÿLoÿ¦Lsÿ¦Luÿ¦Lvÿ¦Lxÿ¦LyÿM şğM şğM ÿÓM ÿÓM ©ÿ¦M ªÿ¤M ²ÿéM:ÿwM>ÿ¤MAÿÓMEÿ¼MHÿ¼MNÿ¼MWÿÓMYÿÓM[ÿÓM\ÿM]ÿ¤M^ÿ`M_ÿwM`ÿ¼MaÿMbÿ¤Mcÿ¼Mdÿ¤MeÿwMfÿ¤Mgÿ¤MhÿwMiÿ¤Mjÿ¤MkÿwMoÿ¤Mpÿ¤Mrÿ¤Msÿ¤Mxÿ¤MyÿwN:ÿÓN>ÿ¼NEÿ¼NLÿNMÿ¤NQÿÓNYÿºNeÿ¼OAÿÓOHÿ¼OKÿ¼ONÿ¼OWÿºOhÿéOmÿÓPHÿÓPZ -SZ Sm -T ¶ÿwTYÿ¼V ¶ÿ`V:ÿÓV>ÿÓV@ÿ¼VAÿéVEÿºVFÿÓVHÿÓVKÿÓVLÿ3VOÿ¤VQÿ`VWÿéVYÿ¤W>ÿ¼W@ÿçWAÿéWEÿ¼WOÿºWYÿÓW^ÿ¼W` Weÿ¼WfÿéWyÿéX:ÿ¼X>ÿ¦X@ÿÓXEÿ¤XHÿéXKÿéXLÿXOÿ¤XQÿ¼X^ÿ¤Xeÿ¤XfÿéZaÿéZlÿÓZmÿéZqÿÓ[ZÿÑ[^ÿ¤[_ÿé[`ÿé[aÿÓ[eÿ¤[fÿÓ[kÿé[mÿÓ[nÿé[oÿ¼[qÿ¼[tÿ¼[wÿé[yÿÓ\Zÿé\[ÿé\^ÿé\_ÿé\`ÿé\aÿé\eÿÑ\fÿé\hÿé\kÿé\lÿÓ\mÿÓ\nÿé\qÿ¤\tÿ¼\yÿé] ÿ] ÿ]ZÿÓ]^ÿ¤]_ÿÓ]aÿé]eÿÓ]hÿÓ]kÿÓ]yÿé^tÿÓ^w _[ÿé_^ÿÓ_`ÿé_aÿÓ_eÿ¼_lÿ¼_mÿé_oÿÓ_qÿ¼`[ `m `qÿé`t -a[ÿéa^ÿÓa_ÿéaaÿéaeÿéahÿéakÿéamÿéanÿéaqÿ¼atÿÓdZ -d[ -d_ da de dh dk dl dm dw eh eqÿÓf[ÿéfaÿéfm h^ÿÓh`ÿéhaÿéheÿÓhlÿÓhmÿéhoÿéhqÿÓj^ÿÑjaÿéjeÿºjlÿÓjmÿéjoÿéjqÿÓjyÿék` kh kqÿékw l ÿl ÿlZÿél^ÿ¼l_ÿél` DleÿÓlhÿélkÿélm m ÿ3m ÿ3m ª mZÿém[ m^ÿ¼m_ÿém` meÿÓmfÿémhÿçmjÿémkÿémnÿémwÿémyÿén[ÿén^ÿÓneÿÓnlÿÓnmÿénqÿÓnyÿéoZÿéo[ÿéo_ÿéoaÿéohÿéokÿéolÿéonÿéoqÿÓp_ÿépaÿéphÿépkÿés_ÿéshÿésm vlÿ`vqÿww^ÿÓw_ waÿéweÿÓwh wlÿÓwoÿéwyÿéx^ÿÓx`ÿéxeÿÓxfÿéxlÿÓxoÿéxqÿÓ† ÿ3† ÿ3ˆ ÿˆ ÿˆ ÿÓˆ ÿÓˆ ©ÿ`ˆ ªÿ`ˆ ²ÿÓŒ.ÿãŒ1ÿãŒ3ÿãŒÿãŒÿãŒ ÿãŒ"ÿãŒ&ÿãŒ+ÿã   M¿"9&  @Úº  M Arial         ÿÿÿÿ ?ÿşARLR00  @               èğ ñø ù  
   " '6 GK |}  €€ Œ ô õü ÿ   	   LN gi       
 $ X arab      ÿÿ       init medi  fina &liga ,                     Ö>      > !)/3ó‹‘—›Ÿ£§³·»¿ÃÇËÏÓ×Ûßãçëó  '-15‰•™¡¥±µ¹½ÁÅÉÍÑÕÙİáåéñ      > "*04ôŒ’˜œ ¤¨´¸¼ÀÄÈÌĞÔØÜàäèìô  '-15‰•™¡¥±µ¹½ÁÅÉÍÑÕÙİáåéñ      ` - (,.26‚„†ˆŠ”–š¢¦ª¬®°²¶º¾ÂÆÊÎÒÖÚŞâæêîğòöøúü  -'+-15ƒ…‡‰“•™¡¥©«­¯±µ¹½ÁÅÉÍÑÕÙİáåéíïñõ÷ùû  	    X  
 6       & àêõ ‚÷ „ù ˆû   
   ö ‚ø „ú ˆü   ßà      :         & , ñG òH óI ôJ õK ö  ÷      arab       ğghi            —         0‚‹	*†H†÷ ‚|0‚x10*†H†÷ 0`
+‚7 R0P0,
+‚7¢€ < < < O b s o l e t e > > >0 0*†H†÷ :.[nã¨ùÑîøx¶½L~ ‚Ï0‚@0‚©Ç7Û’(ß<»­‚úg0	*†H†÷ 0a10UInternet10U
VeriSign, Inc.1301U*VeriSign Commercial Software Publishers CA0960409000000Z040107235959Z0a10UInternet10U
VeriSign, Inc.1301U*VeriSign Commercial Software Publishers CA0Ÿ0	*†H†÷  0‰ ÃÓieR”T«(Æb³TUÅD‡EJ;Â~ØÓ×È€†ØñœÌk©)²vs’ÈÅb¦<íuğ lMÔ˜¾is¸bN1ÑüÉë}¿®´GQìoÎd5Ö}gwâÙQ×û—¼>×wÆCİòİßÊ£ƒ‹ËAÁ="HH¦ 0	*†H†÷  µ¼°uj‰¢†½dxÃ§2urª&`0LãH4¹RJQ€şS-{Õ1ŒÅe™AA/ò®czès™z‹AĞ:ĞÍ84DĞuøêqÄ85J®Å>2æ!¸À“áÇ8\Ø÷“8díTÎÊÓÓĞ_ï›Ş‚İˆ)±ÃO¥Íqd1<<0‚ä0‚M  ü¤¥Ÿ,À¹˜3{TT0	*†H†÷ 010U
VeriSign Trust Network10UVeriSign, Inc.1,0*U#VeriSign Time Stamping Service Root1402U+NO LIABILITY ACCEPTED, (c)97 VeriSign, Inc.0991116000000Z040106235959Z0²10U
VeriSign, Inc.10UVeriSign Trust Network1F0DU=www.verisign.com/repository/RPA Incorp. by Ref.,LIAB.LTD(c)981.0,U%VeriSign Time Stamping Service CA SW10‚"0	*†H†÷ ‚ 0‚
‚ Ô˜èg’Ám³ªø§ÏÈ*2ÆêòÌ,¦ÒŸ ç¾/O_àĞ¸rÏ©EAì/Ã@Ë’æ-–Mb—¥¯/3Ô@¥İÕ°ô¸mÕ†ûOÖ_IŞ·ä
NeE#
ÇÿŸ’);7’FĞ´›X#`RÍ÷³²Ïv
pˆ#a¹‡ÍÂÜ²Îp±ãb²õ
èHrÉ‡²7	ÆS,)•›¿ŒH2&¯¬,4ƒPNJJ0b¥…ê+Gq™îSŞEQÍô2¥ïæüñËøÙ2“Ÿwö0ò¹…’R× I9êç´Â3æ‰”`™Y¢VBø%ìç˜ş˜ˆ› £‡0„0U%0
+0OU H0F0D`†H†øE0503+'https://www.verisign.com/repository/RPA0U0ÿ 0UÀ0	*†H†÷  |êó”‘C£!ºÛó†ó{Xyˆú²Kl?Ì!^×Ã5Ë“ˆôQCí-©,¡qÇÇµ1%éÉû$ŠsâÙLÃGûu‚ ;íë§•O`fc†HdŞ(r®_XäÀ‹iU·(4«¯2PÔ[<Eô+ŒTF‰ÌÈ¨¤¥¥ÌsN&t0‚
Ÿ0‚
 uòø¨ûêmR—•Ke\0	*†H†÷ 0a10UInternet10U
VeriSign, Inc.1301U*VeriSign Commercial Software Publishers CA0000404000000Z010417235959Z0‚]10UInternet10U
VeriSign, Inc.1301U*VeriSign Commercial Software Publishers CA1F0DU=www.verisign.com/repository/RPA Incorp. by Ref.,LIAB.LTD(c)981>0<U5Digital ID Class 3 - Microsoft Software Validation v210	UUS10U
Washington10URedmond10UMicrosoft Corporation10UMicrosoft Corporation00	*†H†÷ ‹ 0‡ ÕIéÿ¾™&8b¬«U’•»ÂR¢¡ı«DFãÜ3›aÑ²¼g@<Pw¸³î¹§sDUµîÄ$ø³"äøX”ŸgStÎ2ós€%ß»úÀ'tÃÑ¨ÄH-]²9>6@“­ŒÜĞYQ©mÄQt+n©]nü:	¨ë;ƒQ]N«£‚Z0‚V0	U0 0U 0”UŒ0‰€{–äÑCıh˜ó8Ìn;ò‚¡c0a10UInternet10U
VeriSign, Inc.1301U*VeriSign Commercial Software Publishers CA‚Ç7Û’(ß<»­‚úg0!Uÿ000
+‚7€ 0U
0@0‚6
+‚7
ÿ‚#0‚ )€'https://www.verisign.com/repository/CPS¡‚¸‚´This certificate incorporates by reference, and its use is strictly
subject to, the VeriSign Certification Practice Statement (CPS)
version 1.0, available in the VeriSign repository at:
https://www.verisign.com; by E-mail at CPS-requests@verisign.com; or
by mail at VeriSign, Inc., 2593 Coast Ave., Mountain View, CA 94043
USA Copyright (c)1996 VeriSign, Inc.  All Rights Reserved. CERTAIN
WARRANTIES DISCLAIMED AND LIABILITY LIMITED.

WARNING: THE USE OF THIS CERTIFICATE IS STRICTLY SUBJECT TO THE
VERISIGN CERTIFICATION PRACTICE STATEMENT.  THE ISSUING AUTHORITY
DISCLAIMS CERTAIN IMPLIED AND EXPRESS WARRANTIES, INCLUDING WARRANTIES
OF MERCHANTABILITY OR FITNESS FOR A PARTICULAR PURPOSE, AND WILL NOT
BE LIABLE FOR CONSEQUENTIAL, PUNITIVE, AND CERTAIN OTHER DAMAGES. SEE
THE CPS FOR DETAILS.

Contents of the VeriSign registered nonverifiedSubjectAttributes
extension value shall not be considered as accurate information
validated by the IA.
£6€4https://www.verisign.com/repository/verisignlogo.gif0‚U‚0‚0‚0‚
`†H†øE0‚ù‚§This certificate incorporates by reference, and its use is strictly subject to, the VeriSign Certification Practice Statement (CPS), available at: https://www.verisign.com/CPS; by E-mail at CPS-requests@verisign.com; or by mail at VeriSign, Inc., 2593 Coast Ave., Mountain View, CA 94043 USA Tel. +1 (415) 961-8830 Copyright (c) 1996 VeriSign, Inc.  All Rights Reserved. CERTAIN WARRANTIES DISCLAIMED and LIABILITY LIMITED. `†H†øE¡`†H†øE0,0*(https://www.verisign.com/repository/CPS 0
+‚70ÿÿ0	*†H†÷  AÚƒª êÄs#pÆØiÛaÇfHš)ùàÕüš¸øå1Ø¦ŠnáÇ¨­{
x3e°XKàZ›ŸnffDüÁÚ]dXÿÕNÁ6?+ß2o†’jØQómó<¼LOJuî‚üÏ¼ãúµäB–!ˆw« B•øß¢]1‚,0‚(0u0a10UInternet10U
VeriSign, Inc.1301U*VeriSign Commercial Software Publishers CAuòø¨ûêmR—•Ke\0*†H†÷  º0	*†H†÷	1
+‚70
+‚710
+‚70	*†H†÷	1¼5ÚÜ·¾ñ`Q–ª™Ğ0^
+‚71P0N &€$ A r i a l   R e g u l a r   F o n t¡$€"http://www.microsoft.com/truetype/0	*†H†÷ €‘'¢ƒ;'&Ñ5pÉãŞ·2§Üx$çE9Ç–9£œc†E‡ÿpŞìÖ:ğ?S¯Q/¨²D-•Keì]fj=¤ÉYrÈû”µ–\ç¿lŸ4ÔPŞ…a3¿6÷­C,¼èİtïYõ=ˆÃ}û·¬9»–{â­">:bdšj¡‚M0‚I	*†H†÷	1‚:0‚60´010U
VeriSign Trust Network10UVeriSign, Inc.1,0*U#VeriSign Time Stamping Service Root1402U+NO LIABILITY ACCEPTED, (c)97 VeriSign, Inc. ü¤¥Ÿ,À¹˜3{TT0*†H†÷  Y0	*†H†÷	1	*†H†÷0	*†H†÷	1000511184855Z0	*†H†÷	1e×~Im”;¦ßœ2!‡0	*†H†÷ ‚ Äù·’÷3	ƒí?ŠŞ‰|õšÒİogif¹*©p¹Ô§Dh —
 !<˜° º&Ğ*Nİnş² 'ciİÅ¹ı|\­×´ûWyÑÏ‚ƒ25näã-) |v‡Ê¡í,Ã…ïaJ-scX¡Õs4œ^œØZZLa0 ëã¾§ÔßåvS³¯Œé[˜_å¤P%ûZ"Q¡<±Ör©Î»ìÎ–ô	ü•îµüñ c2/Ò½œ$Lt“1Xã»Ş¨kÕG®»ùàZŒÙaÆ"”°gêxÍSíZ7?¤/!B cuÙ‹aTL‡ë$J[»JMF—;1 dofile(ofCanvas(this):getDir() .. "/src/model/factories.lua")
KEY_MOUSE_BUTTONS = { [string.byte('q')] = 0, [string.byte('Q')] = 0, [string.byte('e')] = 2, [string.byte('E')] = 2 }
KEY_MOUSE_SCROLL = { [string.byte('s')] = -1, [string.byte('S')] = -1, [string.byte('w')] = 1, [string.byte('W')] = 1 }
KEY_PARAM_STEP = { [string.byte('a')] = -1, [string.byte('A')] = -1, [string.byte('d')] = 1, [string.byte('D')] = 1 }
keyMouseHeld = {}
keyParamHeld = {}
fractalPan = false

local function paramPreview(delta)
	local target = activeSelectIndex
	if target then
		return { type = 'select', target = target, param = getNextRadioItem(delta, selects[target]['current'], selectParametersSettings['current'].items) }
	end
	if isSetting then
		return { type = 'setting', param = getNextRadioItem(delta, generalSettings['current'], generalSettingsSettings['current'].items) }
	end
	return { type = 'brush', param = getNextRadioItem(delta, brushParameters['current'], getBrushParamsByCurrentType()) }
end

local function applyParamStep(delta)
	local target = activeSelectIndex
	if target then
		changeSelectParameter(target, 'current', delta)
	elseif isSetting then
		changeSetting('current', delta)
	else
		changeBrushParameter('current', delta)
	end
end

local function heldParamStep()
	for key, step in pairs(keyParamHeld) do
		return step
	end
end

function keyMouseEvent(button, scrollY)
	return { x = ofGetMouseX(), y = ofGetMouseY(), button = button, scrollX = 0, scrollY = scrollY }
end

function M.keyReleased(e)
	local button = KEY_MOUSE_BUTTONS[e.key]
	if button and keyMouseHeld[e.key] then
		keyMouseHeld[e.key] = nil
		M.mouseReleased(keyMouseEvent(button, 0))
	end

	if e.key == string.byte('f') or e.key == string.byte('F') then
		fractalPan = false
	end
	if e.key == string.byte('l') or e.key == string.byte('L') then
		legendKeyHeld = false
	end

	local step = keyParamHeld[e.key]
	if step then
		keyParamHeld[e.key] = nil
		applyParamStep(step)
		local still = heldParamStep()
		previewParameter = still and paramPreview(still) or nil
	end
end

function M.keyPressed(e)

	if e.key == string.byte('f') or e.key == string.byte('F') then
		fractalPan = true
		return
	end

	if e.key == string.byte('c') or e.key == string.byte('C') then
		fbo:beginFbo()
		ofClear(255, 255, 255, 255)
		fbo:endFbo()
		return
	end

	if e.key == string.byte('l') or e.key == string.byte('L') then
		if not legendKeyHeld then
			legendKeyHeld = true
			MouseHighlight.legendVisible = not MouseHighlight.legendVisible
		end
		return
	end

	local button = KEY_MOUSE_BUTTONS[e.key]
	if button then
		if not keyMouseHeld[e.key] then
			keyMouseHeld[e.key] = true
			M.mousePressed(keyMouseEvent(button, 0))
		end
		return
	end

	local scrollY = KEY_MOUSE_SCROLL[e.key]
	if scrollY then
		M.mouseScrolled(keyMouseEvent(0, scrollY))
		return
	end

	local target = activeSelectIndex

	if (e.key == OF_KEY_UP or e.key == OF_KEY_DOWN) then 
		local delta = 1

		if e.key == OF_KEY_UP then
			delta = 1
		elseif e.key == OF_KEY_DOWN then
			delta = -1
		end

		if target then
			changeSelectParameter(target, selects[target]['current'], delta)
		else
			if (isSetting) then
				changeSetting(generalSettings['current'], delta)
			else

				changeBrushParameter(brushParameters['current'], delta)

			end
		end
	end

	local paramStep = KEY_PARAM_STEP[e.key]
	if paramStep then
		if not keyParamHeld[e.key] then
			keyParamHeld[e.key] = paramStep
			previewParameter = paramPreview(paramStep)
		end
		return
	end

	if (e.key == OF_KEY_RIGHT or e.key == OF_KEY_LEFT) then

		local d = e.key == OF_KEY_RIGHT and 1 or -1;
		
		if target then
			changeSelectParameter(target, 'current', d)
		else
				if (isSetting) then
					changeSetting('current', d)
				else
					changeBrushParameter('current', d)
				end
			
		end
	end

  
	-- ĞŸÑ€Ğ¾Ğ²ĞµÑ€ÑĞµĞ¼, Ğ±Ñ‹Ğ»Ğ° Ğ»Ğ¸ Ğ½Ğ°Ğ¶Ğ°Ñ‚Ğ° ĞºĞ»Ğ°Ğ²Ğ¸ÑˆĞ° "P" (Ğ·Ğ°Ğ³Ğ»Ğ°Ğ²Ğ½Ğ°Ñ Ğ¸Ğ»Ğ¸ ÑÑ‚Ñ€Ğ¾Ñ‡Ğ½Ğ°Ñ)
	if (e.key == string.byte('p')) then
      if not buttonsPressed[0] then 
        isSetting = not isSetting
      end
	end


	
end

-- Ğ¤ÑƒĞ½ĞºÑ†Ğ¸Ñ Ğ´Ğ»Ñ Ğ²Ñ‹Ñ‡Ğ¸ÑĞ»ĞµĞ½Ğ¸Ñ Ğ¿Ñ€ĞµĞ´Ğ²Ğ°Ñ€Ğ¸Ñ‚ĞµĞ»ÑŒĞ½Ğ¾Ğ³Ğ¾ Ğ¿Ğ°Ñ€Ğ°Ğ¼ĞµÑ‚Ñ€Ğ°
local function calculatePreviewParameter(x, y)
	local target = getActiveSelectIndex(x, y)
	return getNextParameter(target)
end

function mouseDragged(e)
	-- print("drag")
	local x = unscaledX(e.x)
	local y = unscaledY(e.y)
	local button = e.button;
	-- print('mouseDragged', button)

	
	-- activeSelectIndex = (not (startButton == 0)) and (not isSetting) and getIntersected(x, y)
	getActiveSelectIndex(x, y)
	getActiveDynSpectreIndex(x, y)
	
	
	
	-- print('drag', not not buttonsPressed[0], not not buttonsPressed[2])
	-- if startButton == 0 then
	if buttonsPressed[0] then
		local dragT = brushParameters["type"] == "line" and perfNowMs() or nil
		fbo:beginFbo()
			
		ofEnableAlphaBlending()

		if (brushParameters['type'] == 'circle') then
			local color = brushParameters['color'] == 'black' and 0 or 255
			ofSetColor(color, color, color, brushParameters['opacity'] / 100 * 255)
			if (brushParameters["fill"] == 'on') then ofFill() else ofNoFill() end

			ofDrawCircle(x, y, brushParameters['circleSize'])
		end
		
		if (brushParameters['type'] == 'camera') then
			-- local xx = buttonsPressed[0].sx
			-- local yy = buttonsPressed[0].sy
			-- local w = math.max(1, math.min(W - 1, x)) - buttonsPressed[0].sx
			-- local h = math.max(1, math.min(H - 1, y)) - buttonsPressed[0].sy
		end
		
		if (brushParameters['type'] == 'line' and (brushParameters['lineType'] or '1') == '1') then
			extendLineStroke(x, y)
		end

		if (brushParameters['type'] == 'spectre') then

			if dynSpectreIndex <= SPCTR_CNT or brushParameters['spectreMode'] == 'static' then

				if (dynamicSpectres[dynSpectreIndex]) then
				
					local xx = math.max(1, math.min(W - 1, x))
					local yy = math.max(1, math.min(H - 1, y))
					dynamicSpectres[dynSpectreIndex]['w'] = xx - buttonsPressed[0].sx
					dynamicSpectres[dynSpectreIndex]['h'] = yy - buttonsPressed[0].sy
				end
			end

		end
		
		fbo:endFbo()
		if dragT and spikeDrag then
			spikeDrag(perfNowMs() - dragT)
		end
	end

	if buttonsPressed[1] then
        previewParameter = calculatePreviewParameter(x, y)
	end

	if fractalPan and brushParameters["type"] == 'fractal' and buttonsPressed[0] then
		changeBrushParameter('offsetX' .. 'wheel', - x + prevPointX)
		changeBrushParameter('offsetY' .. 'wheel', - y + prevPointY)
	end
	

	if buttonsPressed[2] and selectIndex <= SEL_CNT then
		local xx = math.max(1, math.min(W - 1, x))
		local yy = math.max(1, math.min(H - 1, y))
		selects[selectIndex]['w'] = xx - buttonsPressed[2].sx
		selects[selectIndex]['h'] = yy - buttonsPressed[2].sy


	end
	
	-- buttonsPressed[button] = {sx = buttonsPressed[button].sx, sy = buttonsPressed[button].sy, px = x, py = y}
	prevPointX = x
	prevPointY = y

	
	MouseHighlight.updateMousePosition(e.x, e.y)
end


function M.mouseDragged(e)
	mouseDragged(e)
end

function M.mousePressed(e)

	-- for k, v in pairs(e) do
	-- 	print('---',k)
	-- end

	-- print("press", e.x,e.y, e.button)

	local x = unscaledX(e.x)
	local y = unscaledY(e.y)
	local button = e.button
	
	-- print('mousePressed', button);
	-- startPointX = x
	-- startPointY = y
	-- startButton = button
	
	prevPointX = x
	prevPointY = y

	---
	buttonsPressed[button] = { sx = x, sy = y, px = x, py = y }



	if button == 1 then
		MouseHighlight.setCircle('green', true)
		
		-- Ğ’Ñ‹Ñ‡Ğ¸ÑĞ»ÑĞµĞ¼ Ğ¿Ñ€ĞµĞ´Ğ²Ğ°Ñ€Ğ¸Ñ‚ĞµĞ»ÑŒĞ½Ñ‹Ğ¹ Ğ¿Ğ°Ñ€Ğ°Ğ¼ĞµÑ‚Ñ€ Ğ¿Ñ€Ğ¸ Ğ½Ğ°Ğ¶Ğ°Ñ‚Ğ¸Ğ¸
		previewParameter = calculatePreviewParameter(x, y)

		button1PressedTime = os.clock()

	end
	
	if button == 2 then
		MouseHighlight.setCircle('red', true)

		if selectIndex <=6 then
			local newSelect = createNewSelect(buttonsPressed[button].sx, buttonsPressed[button].sy)
			selects[selectIndex] = newSelect
			-- print('press', selectIndex)
			resendSelectsParameters('speed')
			resendSelectsParameters('volume')
			resendSelectsParameters('frames')
			resendSelectsParameters('osc')
		end
	end

	if button == 0 then
		MouseHighlight.setCircle('blue', true)

		saveFBO2()
	
		if (buttonsPressed[2]) then
			getActiveSelectIndex(x, y)
		end

		if (brushParameters['type'] == 'spectre') then 
			print(dynSpectreIndex <=6 or brushParameters['spectreMode'] == 'static')
			if dynSpectreIndex <=6 or brushParameters['spectreMode'] == 'static' then
				local newDynSpectre = createNewDynSpectre(buttonsPressed[button].sx, buttonsPressed[button].sy)
				dynamicSpectres[dynSpectreIndex] = newDynSpectre
				getActiveDynSpectreIndex(x, y)
			end
		end
		if (brushParameters['type'] == 'line' and (brushParameters['lineType'] or '1') == '1') then
			beginLineStroke(x, y)
		end
		if (brushParameters['type'] == 'clear') then 
			-- fbo.clear()
			-- fbo2.clear()

			fbo:beginFbo()
				ofClear(255, 255, 255, 255)
			fbo:endFbo()
		end


	end

	
end


function M.mouseReleased(e)



	-- print("release12", startPointX, e.x, getIntersected(e.x, e.y), "111")
	
	local x = unscaledX(e.x)
	local y = unscaledY(e.y)
	local button = e.button

	-- print('mouseReleased', button);
	
	if button == 2 then
		MouseHighlight.setCircle('red', false)
	-- if startButton == 2 then
		-- print('startButton == 2')
	
	
		if math.abs(x - buttonsPressed[2].sx) < 25 or math.abs(y - buttonsPressed[2].sy) < 25 then
			-- print('smal')
		
			selects[selectIndex] = nil
			local toDelete = getIntersected(x, y)
			-- print('del', toDelete)
		
			if not (toDelete == nil) then
				-- print('have target', toDelete)
				
				selects[selectIndex] = nil
				selectIndex = selectIndex - 1
				table.remove(selects, toDelete)
				table.insert(selects, nil)
				resendSelectsParameters('speed')
				resendSelectsParameters('volume')
				resendSelectsParameters('frames')
				resendSelectsParameters('osc')
			
			end
		
		else
			-- print('not small')
		
			if selectIndex <= SEL_CNT then
				selectIndex = selectIndex + 1
			end
		
		end


		buttonsPressed[2] = false

		
		getActiveSelectIndex(x, y)
	
		-- print('buttonsPressed[2] = false', not(not buttonsPressed[2]), not(not buttonsPressed[0]))
	
	end
	
	
	
	if button == 1 then
		MouseHighlight.setCircle('green', false)
		
		-- ĞÑ‡Ğ¸Ñ‰Ğ°ĞµĞ¼ Ğ¿Ñ€ĞµĞ´Ğ²Ğ°Ñ€Ğ¸Ñ‚ĞµĞ»ÑŒĞ½Ñ‹Ğ¹ Ğ¿Ğ°Ñ€Ğ°Ğ¼ĞµÑ‚Ñ€ Ğ¿Ñ€Ğ¸ Ğ¾Ñ‚Ğ¿ÑƒÑĞºĞ°Ğ½Ğ¸Ğ¸ ĞºĞ½Ğ¾Ğ¿ĞºĞ¸
		previewParameter = nil

		local target = getActiveSelectIndex(x, y)
	
		if target then
			changeSelectParameter(target, 'current', 1)
		else
			-- local isLong = (os.clock() - button1PressedTime) > 0.5;
			-- local isShort = (os.clock() - button1PressedTime) < 0.5;
			
			-- if isLong then
			-- 	if not buttonsPressed[0] then 
			-- 		isSetting = not isSetting
			-- 	end
			-- else
			-- 	if (isSetting) then
			-- 		changeSetting('current', 1)
			-- 	else
			-- 		if (isShort) then
			-- 			changeBrushParameter('current', 1)
			-- 		end
			-- 	end
				
			-- end

			if (isSetting) then
        changeSetting('current', 1)
      else
        if buttonsPressed[0] and brushParameters['type'] == 'fractal' then
        else
          changeBrushParameter('current', 1)
        end
      end
			
		end
		
		buttonsPressed[1] = false
	end
	
	
	
	
	if button == 0 then 
		MouseHighlight.setCircle('blue', false)
		
		
		if brushParameters['type'] == 'camera' and webcamOk then

			fbo:beginFbo()

				-- ofClear(255, 255, 255, 0)

				-- ofSetColor(255, 255, 255, 255)
				-- ofEnableAlphaBlending(); 
				-- fbo:draw(0, 0)

				-- if startPointX then
				if buttonsPressed[0] then
					local xx = buttonsPressed[0].sx
					local yy = buttonsPressed[0].sy
					local w = prevPointX - buttonsPressed[0].sx
					local h = prevPointY - buttonsPressed[0].sy

					
					webcam:getTexture():bind()
					
					fboCam:beginFbo()
						shader:beginShader()
							shader:setUniformTexture("tex0", webcam:getTexture(), 0)
							shader:setUniform1f("W", W);
							shader:setUniform1f("H", H);
							shader:setUniform1f("vW", vW);
							shader:setUniform1f("vH", vH);
							shader:setUniform1f("light", brushParameters["light"]);
							shader:setUniform1f("cameraScale", generalSettings["camera"]);
							
							ofSetColor(255, 255, 255, 255)
							-- ofEnableAlphaBlending(); 
							ofDisableAlphaBlending(); 

							ofDrawRectangle(0,0,W, H)
						shader:endShader()
					fboCam:endFbo()

					webcam:getTexture():unbind()

					ofSetColor(255, 255, 255, brushParameters["opacity"] / 100 * 255)
					-- ofDisableAlphaBlending(); 
					ofEnableAlphaBlending(); 
					fboCam:draw(xx, H - yy, w, -h)

				end

			fbo:endFbo()
			ofDisableAlphaBlending(); 
		
		end 

		if brushParameters['type'] == 'fractal' then

			fbo:beginFbo()

				-- ofClear(255, 255, 255, 0)

				-- ofSetColor(255, 255, 255, 255)
				-- ofEnableAlphaBlending(); 
				-- fbo:draw(0, 0)

				-- if startPointX then
				if buttonsPressed[0] then
					local xx = buttonsPressed[0].sx
					local yy = buttonsPressed[0].sy
					local w = prevPointX - buttonsPressed[0].sx
					local h = prevPointY - buttonsPressed[0].sy

					
					webcam:getTexture():bind()
					
					fboCam:beginFbo()
						shaderFMB:beginShader()
							
							shaderFMB:setUniform1f("W", W);
							shaderFMB:setUniform1f("H", H);
							shaderFMB:setUniform1f("offsetX", brushParameters["offsetX"]);
							shaderFMB:setUniform1f("offsetY", brushParameters["offsetY"]);
							shaderFMB:setUniform1f("scale", brushParameters["scale"]);
							shaderFMB:setUniform1f("light", brushParameters["light"]);
							shaderFMB:setUniform1f("isWhite", brushParameters["color"] == 'white' and 1 or 0);
							
							ofSetColor(255, 255, 255, 255)
							-- ofEnableAlphaBlending(); 
							ofDisableAlphaBlending(); 

							ofDrawRectangle(0,0,W, H)
						shaderFMB:endShader()
					fboCam:endFbo()

					webcam:getTexture():unbind()

					ofSetColor(255, 255, 255, brushParameters["opacity"] / 100 * 255)
					-- ofDisableAlphaBlending(); 
					ofEnableAlphaBlending(); 
					fboCam:draw(xx, H - yy, w, -h)

				end

			fbo:endFbo()
			ofDisableAlphaBlending(); 
		
		end 

		if brushParameters['type'] == 'spectre' then
			if math.abs(x - buttonsPressed[0].sx) < 5 or math.abs(y - buttonsPressed[0].sy) < 5 then
				dynamicSpectres[dynSpectreIndex] = nil
				local toDelete = getDynSpectreIntersected(x, y)
				-- print('del', toDelete)
			
				if not (toDelete == nil) then
					-- print('have target', toDelete)
					
					dynamicSpectres[dynSpectreIndex] = nil
					dynSpectreIndex = dynSpectreIndex - 1
					table.remove(dynamicSpectres, toDelete)
					table.insert(dynamicSpectres, nil)
					
				
				end
			
			else

				if (brushParameters['spectreMode'] == 'static') then

					if (dynamicSpectres[dynSpectreIndex]) then
						local x = dynamicSpectres[dynSpectreIndex].x
						local y = dynamicSpectres[dynSpectreIndex].y
						local w = dynamicSpectres[dynSpectreIndex].w
						local h = dynamicSpectres[dynSpectreIndex].h
						fbo:beginFbo()
							
							ofEnableAlphaBlending(); 
							ofEnableBlendMode(OF_BLENDMODE_MULTIPLY)
							ofSetColor(255, 255, 255, 255)
							fboFreq:draw(x,y, w,h)
							ofEnableBlendMode(OF_BLENDMODE_DISABLED)
						fbo:endFbo()
					end

					
					table.remove(dynamicSpectres, dynSpectreIndex)
					table.insert(dynamicSpectres, nil)


				else
					if dynSpectreIndex <= SPCTR_CNT then
						dynSpectreIndex = dynSpectreIndex + 1
					else
						table.remove(dynamicSpectres, dynSpectreIndex)
						table.insert(dynamicSpectres, nil)
					end
				end
				
			
				
			
			end
	
			
			getActiveDynSpectreIndex(x, y)
		end
		
		if buttonsPressed[0] and brushParameters['type'] == 'line' and brushParameters['lineType'] == '2' then
			fbo:beginFbo()
			drawType2Line(buttonsPressed[0].sx, buttonsPressed[0].sy, x, y)
			fbo:endFbo()
		end
		if buttonsPressed[0] and brushParameters['type'] == 'line' and (brushParameters['lineType'] or '1') == '1' then
			if updateLineStrokeCache then
				updateLineStrokeCache()
			end
			fbo:beginFbo()
			drawLineStroke()
			fbo:endFbo()
		end

		buttonsPressed[0] = false


		if (buttonsPressed[2]) then
			getActiveSelectIndex(x, y)
		end
	end
	
	
	-- startPointX = nil
	-- startPointY = nil
	-- startButton = nil
	
	if ((not buttonsPressed[0]) and (not buttonsPressed[1]) and (not buttonsPressed[2])) then
		prevPointX = nil
		prevPointY = nil
	end

	
print(111)
	
	-- print('->', selectIndex)
	
end

function M.mouseScrolled(e)
	
	-- for k, v in pairs(e) do
	-- 	print('---',k, v)
	-- end
	-- print("scrol", e.x, e.y, a[3], a[4], getIntersected(e.x, e.y), "111")

	
	local x = unscaledX(e.x)
	local y = unscaledY(e.y)
	
	-- local target = (not (startButton == 0)) and (not isSetting) and getIntersected(x, y)
	local target = getActiveSelectIndex(x, y)
	
	if target then
		changeSelectParameter(target, selects[target]['current'], e.scrollY)
	else
		if (isSetting) then
			changeSetting(generalSettings['current'], e.scrollY)
		else

			changeBrushParameter(brushParameters['current'], e.scrollY)

		end
	end

	MouseHighlight.showDiameters(e.scrollY > 0 and 1 or -1)
	
end


cursorPix = nil
function M.mouseMoved(e)
	-- print("mouseMoved", e.x, e.y)
	
	local x = unscaledX(e.x)
	local y = unscaledY(e.y)

	-- print(221,startButton, not (startButton == 0))
	-- activeSelectIndex = (not (startButton == 0)) and (not isSetting) and getIntersected(x, y)
	getActiveSelectIndex(x, y);
	getActiveDynSpectreIndex(x, y);

	
    -- fbo2:readToPixels(pixels)
	-- if (x > 0 and y >0 and x < wW and y < wH) then
	-- 	cursorPix = pixels:getColor(x, y)
	-- end

	if (buttonsPressed[0] or buttonsPressed[1] or buttonsPressed[2]) then 
		mouseDragged(e)
	end


	MouseHighlight.updateMousePosition(e.x, e.y)

end
function getNextParameter(target)
    local delta = 1
    
    if target then
        -- Ğ•ÑĞ»Ğ¸ Ğ½Ğ°Ñ…Ğ¾Ğ´Ğ¸Ğ¼ÑÑ Ğ½Ğ°Ğ´ Ğ²Ñ‹Ğ´ĞµĞ»ĞµĞ½Ğ¸ĞµĞ¼, Ğ¿ĞµÑ€ĞµĞºĞ»ÑÑ‡Ğ°ĞµĞ¼ Ğ¿Ğ°Ñ€Ğ°Ğ¼ĞµÑ‚Ñ€ Ğ²Ñ‹Ğ´ĞµĞ»ĞµĞ½Ğ¸Ñ
        local currentParam = selects[target]['current']
        local paramSettings = selectParametersSettings[currentParam]
        
        if paramSettings then
            -- Ğ˜ÑĞ¿Ğ¾Ğ»ÑŒĞ·ÑƒĞµĞ¼ getNextRadioItem Ğ´Ğ»Ñ Ğ¿Ñ€Ğ°Ğ²Ğ¸Ğ»ÑŒĞ½Ğ¾Ğ³Ğ¾ Ğ²Ñ‹Ñ‡Ğ¸ÑĞ»ĞµĞ½Ğ¸Ñ ÑĞ»ĞµĞ´ÑƒÑÑ‰ĞµĞ³Ğ¾ Ğ·Ğ½Ğ°Ñ‡ĞµĞ½Ğ¸Ñ
            local nextValue = getNextRadioItem(delta, selects[target]['current'], selectParametersSettings['current'].items)
            
            if buttonsPressed[0] and brushParameters['current'] == 'scale' then
              return nil
            else
              return {type = 'select', target = target, param = nextValue}
            end
        end
    else
        -- Ğ•ÑĞ»Ğ¸ Ğ½Ğµ Ğ½Ğ°Ğ´ Ğ²Ñ‹Ğ´ĞµĞ»ĞµĞ½Ğ¸ĞµĞ¼, Ğ¿ĞµÑ€ĞµĞºĞ»ÑÑ‡Ğ°ĞµĞ¼ Ğ¿Ğ°Ñ€Ğ°Ğ¼ĞµÑ‚Ñ€ ĞºĞ¸ÑÑ‚Ğ¸
        local currentParam = brushParameters['current']
        local paramSettings = brushParametersSettings[currentParam]
        
        print(11)
        if paramSettings then
            
          
          
            -- Ğ˜ÑĞ¿Ğ¾Ğ»ÑŒĞ·ÑƒĞµĞ¼ getNextRadioItem Ğ´Ğ»Ñ Ğ¿Ñ€Ğ°Ğ²Ğ¸Ğ»ÑŒĞ½Ğ¾Ğ³Ğ¾ Ğ²Ñ‹Ñ‡Ğ¸ÑĞ»ĞµĞ½Ğ¸Ñ ÑĞ»ĞµĞ´ÑƒÑÑ‰ĞµĞ³Ğ¾ Ğ·Ğ½Ğ°Ñ‡ĞµĞ½Ğ¸Ñ
            local nextValue = getNextRadioItem(1, brushParameters['current'],  getBrushParamsByCurrentType() )
            
            if buttonsPressed[0] and brushParameters['type'] == 'fractal' then
              return nil
            else
              return {type = 'brush', param = nextValue}
            end
        end
    end
    
    return nil
end
if type(window) ~= "userdata" then window = ofWindow() end
local canvas = ofCanvas(this)
local _src = canvas:getDir() .. "/src/"
local env = setmetatable({}, { __index = _G, __newindex = _G })
env.pixels = ofPixels()
env.M = M
env.this = this
env.canvas = canvas
local function include(name) local chunk, err = loadfile(_src .. name, "t", env) if not chunk then error(err) end chunk() end
include("app/boot.lua")
include("app/save.lua")
include("input/preview.lua")
include("util/printtable.lua")
include("app/setup.lua")
include("draw/selections.lua")
include("draw/frame.lua")
include("input/mouse.lua")
include("input/keys.lua")
include("app/lifecycle.lua")
local function lineParams()
	local params = {"type", "lineType", "lineSize", "color", "opacity", "gradient"}
	if brushParameters["gradient"] == "1" then
		params[#params + 1] = "curve"
	end
	params[#params + 1] = "dash"
	params[#params + 1] = "gap"
	params[#params + 1] = "harmonics"
	params[#params + 1] = "stepHz"
	return params
end

function changeBrushParameter(name, delta)
    
    -- print(1, name == 'current', delta, brushParameters['type'])
    if name == 'type' then
        brushParameters['type'] = getNextRadioItem(delta, brushParameters['type'], brushParametersSettings['type'].items)
    end
    
    if name == 'current' then
        -- print(2, getNextRadioItem(delta, brushParameters['current'], brushParametersSettings['current'].items))
        brushParameters['current'] = getNextRadioItem(delta, brushParameters['current'],  getBrushParamsByCurrentType() )
    end
    
    if name == 'lineSize' then
        local min = brushParametersSettings['lineSize'].min
        local max = brushParametersSettings['lineSize'].max
        brushParameters['lineSize'] = math.max(min, math.min(max, brushParameters['lineSize'] + delta))
    end
    if name == 'circleSize' then
        local min = brushParametersSettings['circleSize'].min
        local max = brushParametersSettings['circleSize'].max
        brushParameters['circleSize'] = math.max(min, math.min(max, brushParameters['circleSize'] + delta))
    end
    
    if name == 'color' then
        brushParameters['color'] = getNextRadioItem(delta, brushParameters['color'], brushParametersSettings['color'].items)
    end
    
    if name == 'opacity' then
        local min = brushParametersSettings['opacity'].min
        local max = brushParametersSettings['opacity'].max
        brushParameters['opacity'] = math.max(min, math.min(max, brushParameters['opacity'] + delta))
    end
    if name == 'light' then
        local min = brushParametersSettings['light'].min
        local max = brushParametersSettings['light'].max
        brushParameters['light'] = math.max(min, math.min(max, brushParameters['light'] + delta))
    end
    if name == 'fill' then
        brushParameters['fill'] = getNextRadioItem(delta, brushParameters['fill'], brushParametersSettings['fill'].items)
    end
    if name == 'lineType' then
        brushParameters['lineType'] = getNextRadioItem(delta, brushParameters['lineType'], brushParametersSettings['lineType'].items)
        local params = getBrushParamsByCurrentType()
        local ok = false
        for i = 1, #params do
            if params[i] == brushParameters['current'] then ok = true end
        end
        if not ok then brushParameters['current'] = 'lineType' end
    end
    if name == 'gradient' then
        brushParameters['gradient'] = getNextRadioItem(delta, brushParameters['gradient'], brushParametersSettings['gradient'].items)
        if brushParameters['gradient'] ~= '1' and brushParameters['current'] == 'curve' then
            brushParameters['current'] = 'gradient'
        end
    end
    if name == 'curve' then
        local min = brushParametersSettings['curve'].min
        local max = brushParametersSettings['curve'].max
        brushParameters['curve'] = math.max(min, math.min(max, (brushParameters['curve'] or 0) + delta))
    end
    if name == 'dash' or name == 'gap' then
        local min = brushParametersSettings[name].min
        local max = brushParametersSettings[name].max
        brushParameters[name] = math.max(min, math.min(max, (brushParameters[name] or 0) + delta))
    end
    if name == 'harmonics' then
        local min = brushParametersSettings['harmonics'].min
        local max = brushParametersSettings['harmonics'].max
        brushParameters['harmonics'] = math.max(min, math.min(max, brushParameters['harmonics'] + delta))
    end
    if name == 'stepHz' then
        local min = brushParametersSettings['stepHz'].min
        local max = brushParametersSettings['stepHz'].max
        brushParameters['stepHz'] = math.max(min, math.min(max, brushParameters['stepHz'] + delta * min))
    end


    
    if name == 'offsetX' then
        local min = brushParametersSettings['offsetX'].min
        local max = brushParametersSettings['offsetX'].max
        local d = delta / math.abs(delta) * brushParameters['scale'] / 10
        brushParameters['offsetX'] = math.max(min, math.min(max, brushParameters['offsetX'] + d))
    end
    if name == 'offsetY' then
        local min = brushParametersSettings['offsetY'].min
        local max = brushParametersSettings['offsetY'].max
        local d = delta / math.abs(delta) * brushParameters['scale'] / 10
        brushParameters['offsetY'] = math.max(min, math.min(max, brushParameters['offsetY'] + d))
    end

    if name == ('offsetX' .. 'wheel') then
        local min = brushParametersSettings['offsetX'].min
        local max = brushParametersSettings['offsetX'].max
        local d = delta / 100 * brushParameters['scale'] -- / math.abs(delta) * brushParameters['scale'] / 10
        brushParameters['offsetX'] = math.max(min, math.min(max, brushParameters['offsetX'] + d))
    end
    if name == ('offsetY' .. 'wheel') then
        local min = brushParametersSettings['offsetY'].min
        local max = brushParametersSettings['offsetY'].max
        local d = delta / 100 * brushParameters['scale'] -- / math.abs(delta) * brushParameters['scale'] / 10
        brushParameters['offsetY'] = math.max(min, math.min(max, brushParameters['offsetY'] + d))
    end

    if name == 'scale' then
        local min = brushParametersSettings['scale'].min
        local max = brushParametersSettings['scale'].max
        local d = delta / math.abs(delta) * brushParameters['scale'] / 10
        brushParameters['scale'] = math.max(min, math.min(max, brushParameters['scale'] + d))
    end
    
    if name == 'spectreState' then
        brushParameters['spectreState'] = getNextRadioItem(delta, brushParameters['spectreState'], brushParametersSettings['spectreState'].items)
        if (brushParameters['spectreState'] == 'on') then
            sends["spectreOn"]:sendFloat(1)
        else
            sends["spectreOn"]:sendFloat(0)
        end

    end
    
    if name == 'spectreMode' then
        brushParameters['spectreMode'] = getNextRadioItem(delta, brushParameters['spectreMode'], brushParametersSettings['spectreMode'].items)
    end
    
    
end

function getBrushParamsByCurrentType() 

    local type = brushParameters['type']

    if type == "camera" then
        return {"type", "opacity", 'light'}
    end

    if type == "line" then
        return lineParams()
    end
    if type == 'circle' then
        return {"type", "circleSize", "color", "opacity", 'fill'}
    end
    if type == 'fractal' then
        return {"type", 'scale', "color", 'light', "opacity"} --, 'offsetX', 'offsetY'}
    end
    if type == 'spectre' then
        return {"type", "spectreState", 'spectreMode'} --, 'offsetX', 'offsetY'}
    end
    if type == 'clear' then
        return {"type"}
    end

end


function getVisualBrushParamsByCurrentType() 

  local type = brushParameters['type']

  if type == "camera" then
      return {"type", "opacity", 'light'}
  end

  if type == "line" then
      return lineParams()
  end
  if type == 'circle' then
      return {"type", "circleSize", "color", "opacity", 'fill'}
  end
  if type == 'fractal' then
    return {"type", 'scale', "color", 'light', "opacity", 'offsetX', 'offsetY'}
  end
  if type == 'spectre' then
      return {"type", "spectreState", 'spectreMode'} 
  end
  if type == 'clear' then
      return {"type"}
  end

end


function printTable(table)
    print(#table)
    for i = 1, #table do
        print(table[i])
    end
end


function createRadioParameterSettings(items, index)
    local settings = ofTable()
    settings["items"] = items
    settings["index"] = index
    return settings
end

function getNextRadioItem(delta, item, items)
    local index = 0
    for i=1, #items do
        if (item == items[i]) then
            index = i
        end
    end
    index = delta > 0 and ((index + 1) % #items) or ((index - 1) % #items)
    index = index == 0 and  #items or index
    return items[index]
end

function createNumberParameterSettings(index, min, max)
    local settings = ofTable()
    settings["min"] = min
    settings["max"] = max
    settings["index"] = index
    return settings
end

function createCleanFilter()
    local rgbData = ofTable()
    for i = 0, 255 do
        table.insert(rgbData, 0)
    end
    return rgbData
end

function createSelectsSends(name)
    local sends = ofTable()
    for i = 1, SEL_CNT do
        sends[i] = ofSend(name..i)
    end
    return sends
end

function createNewSelect(sx, sy)
    local newSelect = ofTable()
    newSelect['sx'] = sx
    newSelect['sy'] = sy
    newSelect['w'] = 0
    newSelect['h'] = 0
    newSelect['current'] = 'speed'
    newSelect['speed'] = 25
    newSelect['frames'] = 200
    newSelect['volume'] = 1
    newSelect['osc'] = 1
    newSelect['isActive'] = 1
    return newSelect
end


function createNewDynSpectre(sx, sy)
    local newSelect = ofTable()
    newSelect['x'] = sx
    newSelect['y'] = sy
    newSelect['w'] = 0
    newSelect['h'] = 0
    return newSelect
end


    
-- draw

function drawString(string)

end
function getIntersected(x, y)
    for j = 1, SEL_CNT do
        local i = SEL_CNT + 1 - j
        if selects[i] then
            local isW = math.abs(selects[i]['w']) > 0
            local isH = math.abs(selects[i]['h']) > 0
            local isX = (x > selects[i]['sx'] and x < selects[i]['sx'] + selects[i]['w']) or (x < selects[i]['sx'] and x > selects[i]['sx'] + selects[i]['w'])
            local isY = (y > selects[i]['sy'] and y < selects[i]['sy'] + selects[i]['h']) or (y < selects[i]['sy'] and y > selects[i]['sy'] + selects[i]['h'])
            local ddd = (isW and isX) and (isH and isY)

            -- print(i, isW, isH, isX, isY)
            if ddd then
                return i
            end

        end
    end
end
function getDynSpectreIntersected(x, y)
    
    for j = 1, SPCTR_CNT do
        local i = SPCTR_CNT + 1 - j
        local dynamicSpectre = dynamicSpectres[i]
        if dynamicSpectre then
            local isW = math.abs(dynamicSpectre['w']) > 0
            local isH = math.abs(dynamicSpectre['h']) > 0
            local isX = (x > dynamicSpectre['x'] and x < dynamicSpectre['x'] + dynamicSpectre['w']) or (x < dynamicSpectre['x'] and x > dynamicSpectre['x'] + dynamicSpectre['w'])
            local isY = (y > dynamicSpectre['y'] and y < dynamicSpectre['y'] + dynamicSpectre['h']) or (y < dynamicSpectre['y'] and y > dynamicSpectre['y'] + dynamicSpectre['h'])
            local ddd = (isW and isX) and (isH and isY)

            -- print('----', i, dynamicSpectre['x'], dynamicSpectre['y'], dynamicSpectre['w'], dynamicSpectre['h'])
            -- print(i, isW, isH, isX, isY)
            if ddd then
                return i
            end

        end
    end
end

function getActiveSelectIndex(x, y)
    if (buttonsPressed[0]) then
        activeSelectIndex = nil
    elseif (buttonsPressed[2]) then 
        activeSelectIndex = selectIndex
    else
	    activeSelectIndex = (not isSetting) and getIntersected(x, y)
    end
    return activeSelectIndex
end


function getActiveDynSpectreIndex(x, y)
    if (buttonsPressed[0]) then
        activeDynSpectreIndex = dynSpectreIndex
    elseif (buttonsPressed[2]) then 
        activeDynSpectreIndex = nil
    else
	    activeDynSpectreIndex = (not isSetting) and getDynSpectreIntersected(x, y)
    end
    return activeDynSpectreIndex
end

function resendSelectsParameters(parameter)
    
    local parameterIndex = selectParametersSettings[parameter].index
    
    for index = 1, SEL_CNT do
        if selects[index] and sends[parameter][index] then
            sends[parameter][index]:sendFloat(selects[index][parameterIndex])
        end
    end
    
    
end
    

function clearSelect(index)
    
    
    selects[index] = nil
    
    local firstEmptyIndex = nil
    for i = 1, SEL_CNT do
        -- print(i, selects[i] and selects[i]['w'])
        if (not selects[i] or selects[i]['w'] == 0 and selects[i]['h'] == 0 and firstEmptyIndex == nil) then
            firstEmptyIndex = i
        end
    end
    selectIndex = firstEmptyIndex
    
    
end

function changeSelectParameter(target, name, delta)
    
    local index = target
    local parameterIndex = selectParametersSettings[name].index

    if name == 'current' then
        selects[index]['current'] = getNextRadioItem(delta, selects[index]['current'], selectParametersSettings['current'].items)
    end

    if name == 'speed' then
        
        local min = selectParametersSettings['speed'].min
        local max = selectParametersSettings['speed'].max
        
        selects[index][parameterIndex] = math.max(min, math.min(max, selects[index][parameterIndex] + delta))
        local value = selects[index][parameterIndex]
        
        sends[name][target]:sendFloat(value)
    end

    if name == 'volume' then
        local min = selectParametersSettings['volume'].min
        local max = selectParametersSettings['volume'].max
        
        selects[index][parameterIndex] = math.max(min, math.min(max,  selects[index][parameterIndex] + delta * 0.05))
        local value = selects[index][parameterIndex]
        
        sends[name][target]:sendFloat(value)
    end
    
    if name == 'frames' then

        local min = selectParametersSettings["frames"].min
        local max = selectParametersSettings['frames'].max
        
        local d = delta / math.abs(delta);
        selects[index][parameterIndex] = math.max(min, math.min(max,  selects[index][parameterIndex] + d))
        local value = selects[index][parameterIndex]
        -- print('min', max)
        
        sends[name][target]:sendFloat(value)
    end

    if name == 'osc' then


        print('osc', index, parameterIndex,  selects[index][parameterIndex])
        selects[index][parameterIndex] = getNextRadioItem(delta, selects[index][parameterIndex], selectParametersSettings[parameterIndex].items)
        local value = selects[index][parameterIndex]
        
        
        sends[name][target]:sendFloat(value)
    end
    
    
end
function changeSetting(name, delta)
    
   
    
    if name == 'current' then
        -- print(2, getNextRadioItem(delta, brushParameters['current'], brushParametersSettings['current'].items))
        generalSettings['current'] = getNextRadioItem(delta, generalSettings['current'],  generalSettingsSettings['current'].items )
    end
    
    if name == 'camera' then
        local min = generalSettingsSettings['camera'].min
        local max = generalSettingsSettings['camera'].max
        local d = delta / math.abs(delta) * 0.5
        generalSettings['camera'] = math.max(min, math.min(max, generalSettings['camera'] + d))
    end
    
    if name == 'font' then
        local min = generalSettingsSettings['font'].min
        local max = generalSettingsSettings['font'].max
        local d = delta / math.abs(delta) * 0.5
        generalSettings['font'] = math.max(min, math.min(max, generalSettings['font'] + d))

        title:load(ofTrueTypeFontSettings(fontPath, 12 * generalSettings["font"]))
        smalltext:load(ofTrueTypeFontSettings(fontPath, 10 * generalSettings["font"]))
    end

    
    if name == 'spectrograph' then
        local min = generalSettingsSettings['spectrograph'].min
        local max = generalSettingsSettings['spectrograph'].max
        local d = delta / math.abs(delta) * 1
        generalSettings['spectrograph'] = math.max(min, math.min(max, generalSettings['spectrograph'] + d))
    end
end
    
dofile(ofCanvas(this):getDir() .. "/src/ui/mouseHighlight.lua")
#version 120

uniform sampler2DRect tex0;

uniform float W;
uniform float H;
uniform float vW;
uniform float vH;
uniform float light;
uniform float cameraScale;


void main()
{

    float ratioX = W / vW;
    float ratioY = H / vH;
    vec2 ratio = vec2(ratioX, ratioY);
 
    vec2 texCoord = gl_FragCoord.xy / ratio / cameraScale;

    
	float r = texture2DRect(tex0, texCoord).r * (1 + light / 30.0);
	float g = texture2DRect(tex0, texCoord).r * (1 + light / 30.0);
	float b = texture2DRect(tex0, texCoord).r * (1 + light / 30.0);
	float a = 1.0;
	gl_FragColor = vec4(r, g, b, a);
}#version 120

void main()
{
	gl_Position = ftransform();
}#version 120

// precision mediump float;


uniform sampler2DRect tex0;

uniform float W;
uniform float H;
uniform float offsetX;
uniform float offsetY;
uniform float scale;
uniform float isWhite;
uniform float light;



void main() {
  
  const int maxIterations = 100;
//   const float scale = 2.5;
vec2 offset = vec2(offsetX, offsetY);
  
  vec2 uv = (2.0 * gl_FragCoord.xy - vec2(W, H)) / min(W, H);

  vec2 c = uv * scale + offset;
  vec2 z = vec2(0.0);
  int i;
  for (i = 0; i < maxIterations; i++) {
	float x = z.x * z.x - z.y * z.y + c.x;
	float y = 2.0 * z.x * z.y + c.y;
	z = vec2(x, y);

	if (dot(z, z) > 4.0) break;
  }
  float color = float(i) / float(maxIterations);

  if (isWhite > 0.0) {
    gl_FragColor = vec4(
      color * (1 + light / 30.0), 
      color * (1 + light / 30.0), 
      color * (1 + light / 30.0), 
      color
      );
  } else {
    gl_FragColor = vec4(
      (1.0 - color)  * (1 + light / 30.0), 
      (1.0 - color)  * (1 + light / 30.0), 
      (1.0 - color)  * (1 + light / 30.0), 
      color);
  }
}


// /* Width and height of screen in pixels */ 
// // uniform vec2 u_resolution;

// /* Point on the complex plane that will be mapped to the center of the screen */
// // uniform vec2 u_zoomCenter;

// /* Distance between left and right edges of the screen. This essentially specifies
//    which points on the plane are mapped to left and right edges of the screen.
//   Together, u_zoomCenter and u_zoomSize determine which piece of the complex
//    plane is displayed. */
// // uniform float u_zoomSize;

// /* How many iterations to do before deciding that a point is in the set. */
// // uniform int u_maxIterations;

// vec2 f(vec2 z, vec2 c) {
// 	// return mat2(z,-z.y,z.z)*z + c;
// 	return mat2(z,-z.y,0)*z + c;
// }

// void main() {
// 	vec2 u_resolution = vec2(vW, vH);
// 	vec2 u_zoomCenter = vec2(0.1,0.1);
// 	float u_zoomSize = 0.5;
// 	int u_maxIterations = 1000;

//   vec2 uv = gl_FragCoord.xy / u_resolution;
  
//   /* Decide which point on the complex plane this fragment corresponds to.*/
//   vec2 c = u_zoomCenter + (uv * 4.0 - vec2(2.0)) * (u_zoomSize / 4.0);
  
//   /* Now iterate the function. */
//   vec2 z = vec2(0.0);
//   bool escaped = false;
//   for (int i = 0; i < 10000; i++) {
//     /* Unfortunately, GLES 2 doesn't allow non-constant expressions in loop
//        conditions so we have to do this ugly thing instead. */
//     if (i > u_maxIterations) break;
//     z = f(z, c);
//     if (length(z) > 2.0) {
//       escaped = true;
//       break;
//     }
//   }
//   gl_FragColor = escaped ? vec4(1.0) : vec4(vec3(0.0), 1.0);
// }#version 120

void main()
{
	gl_Position = ftransform();
}#version 120

uniform sampler2DRect tex0;

uniform float W;
uniform float H;
uniform float vW;
uniform float vH;
uniform float light;
uniform float cameraScale;


void main()
{

    float ratioX = W / vW;
    float ratioY = H / vH;
    vec2 ratio = vec2(ratioX, ratioY);
 
    vec2 texCoord = gl_FragCoord.xy / ratio / cameraScale;

    
	float r = texture2DRect(tex0, texCoord).r * (1 + light / 30.0);
	float g = texture2DRect(tex0, texCoord).r * (1 + light / 30.0);
	float b = texture2DRect(tex0, texCoord).r * (1 + light / 30.0);
	float a = 1.0;
	gl_FragColor = vec4(r, g, b, a);
}#version 120

void main()
{
	gl_Position = ftransform();
}#version 100
precision highp float;

uniform sampler2D tex0;
uniform float W;
uniform float H;
uniform float vW;
uniform float vH;
uniform float light;
uniform float cameraScale;

void main() {
	vec2 ratio = vec2(W / vW, H / vH);
	vec2 texCoordPx = gl_FragCoord.xy / ratio / cameraScale;
	vec2 uv = texCoordPx / vec2(vW, vH);
	float r = texture2D(tex0, uv).r * (1.0 + light / 30.0);
	gl_FragColor = vec4(r, r, r, 1.0);
}
#version 100

uniform mat4 modelViewProjectionMatrix;
attribute vec4 position;

void main() {
	gl_Position = modelViewProjectionMatrix * position;
}
#version 100
precision highp float;

uniform float W;
uniform float H;
uniform float offsetX;
uniform float offsetY;
uniform float scale;
uniform float isWhite;
uniform float light;

void main() {
	vec2 offset = vec2(offsetX, offsetY);
	vec2 uv = (2.0 * gl_FragCoord.xy - vec2(W, H)) / min(W, H);
	vec2 c = uv * scale + offset;
	vec2 z = vec2(0.0);
	int i;
	for (i = 0; i < 100; i++) {
		float x = z.x * z.x - z.y * z.y + c.x;
		float y = 2.0 * z.x * z.y + c.y;
		z = vec2(x, y);
		if (dot(z, z) > 4.0) break;
	}
	float color = float(i) / 100.0;
	float lit = 1.0 + light / 30.0;
	if (isWhite > 0.0) {
		gl_FragColor = vec4(color * lit, color * lit, color * lit, color);
	} else {
		float inv = (1.0 - color) * lit;
		gl_FragColor = vec4(inv, inv, inv, color);
	}
}
#version 100

uniform mat4 modelViewProjectionMatrix;
attribute vec4 position;

void main() {
	gl_Position = modelViewProjectionMatrix * position;
}
#version 100
precision highp float;

uniform sampler2D tex0;
uniform float W;
uniform float H;
uniform float vW;
uniform float vH;
uniform float light;
uniform float cameraScale;

void main() {
	vec2 ratio = vec2(W / vW, H / vH);
	vec2 texCoordPx = gl_FragCoord.xy / ratio / cameraScale;
	vec2 uv = texCoordPx / vec2(vW, vH);
	float r = texture2D(tex0, uv).r * (1.0 + light / 30.0);
	gl_FragColor = vec4(r, r, r, 1.0);
}
#version 100

uniform mat4 modelViewProjectionMatrix;
attribute vec4 position;

void main() {
	gl_Position = modelViewProjectionMatrix * position;
}
-- mouseHighlight.lua
-- Ğ£Ñ‚Ğ¸Ğ»Ğ¸Ñ‚Ñ‹ Ğ´Ğ»Ñ Ğ¾Ñ‚Ñ€Ğ¸ÑĞ¾Ğ²ĞºĞ¸ ĞºÑ€ÑƒĞ³Ğ¾Ğ² Ñ€ÑĞ´Ğ¾Ğ¼ Ñ ĞºÑƒÑ€ÑĞ¾Ñ€Ğ¾Ğ¼ Ğ¼Ñ‹ÑˆĞ¸
MouseHighlight = {}

-- Ğ¡Ğ¾ÑÑ‚Ğ¾ÑĞ½Ğ¸Ğµ ĞºÑ€ÑƒĞ³Ğ¾Ğ² (Ğ²ĞºĞ»ÑÑ‡ĞµĞ½Ñ‹/Ğ²Ñ‹ĞºĞ»ÑÑ‡ĞµĞ½Ñ‹)


MouseHighlight.circles = {red = false, green = false,blue = false}


-- ĞŸĞ¾Ğ·Ğ¸Ñ†Ğ¸Ñ ĞºÑƒÑ€ÑĞ¾Ñ€Ğ°
MouseHighlight.mouseX = 0
MouseHighlight.mouseY = 0

-- Ğ Ğ°Ğ·Ğ¼ĞµÑ€Ñ‹ ĞºÑ€ÑƒĞ³Ğ¾Ğ²
MouseHighlight.circleRadius = 18
MouseHighlight.circleOffset = 30  -- Ñ€Ğ°ÑÑÑ‚Ğ¾ÑĞ½Ğ¸Ğµ Ğ¾Ñ‚ ĞºÑƒÑ€ÑĞ¾Ñ€Ğ° Ğ´Ğ¾ ĞºÑ€ÑƒĞ³Ğ°

-- Ğ¦Ğ²ĞµÑ‚Ğ° ĞºÑ€ÑƒĞ³Ğ¾Ğ²
MouseHighlight.colors = {red = {255, 0, 0, 255},green = {0, 255, 0, 255},blue = {0, 0, 255, 255}}

-- Ğ¡Ğ¾ÑÑ‚Ğ¾ÑĞ½Ğ¸Ğµ Ğ´Ğ¸Ğ°Ğ¼ĞµÑ‚Ñ€Ğ¾Ğ²
MouseHighlight.diameters = {visible = false,angle = 0,duration = 0.5, startTime = 0, radius = 50}
MouseHighlight.legendVisible = true

-- Ğ¤ÑƒĞ½ĞºÑ†Ğ¸Ñ Ğ´Ğ»Ñ Ğ¾Ğ±Ğ½Ğ¾Ğ²Ğ»ĞµĞ½Ğ¸Ñ Ğ¿Ğ¾Ğ·Ğ¸Ñ†Ğ¸Ğ¸ ĞºÑƒÑ€ÑĞ¾Ñ€Ğ°
function MouseHighlight.updateMousePosition(x, y)
    MouseHighlight.mouseX = x
    MouseHighlight.mouseY = y
end

-- Ğ¤ÑƒĞ½ĞºÑ†Ğ¸Ñ Ğ´Ğ»Ñ Ğ²ĞºĞ»ÑÑ‡ĞµĞ½Ğ¸Ñ/Ğ²Ñ‹ĞºĞ»ÑÑ‡ĞµĞ½Ğ¸Ñ ĞºÑ€ÑƒĞ³Ğ°
function MouseHighlight.toggleCircle(button)
    if MouseHighlight.circles[button] ~= nil then
        MouseHighlight.circles[button] = not MouseHighlight.circles[button]
        print("Circle " .. button .. " is now " .. (MouseHighlight.circles[button] and "ON" or "OFF"))
    else
        print("Invalid button: " .. tostring(button) .. ". Use 'red', 'green', or 'blue'")
    end
end

-- Ğ¤ÑƒĞ½ĞºÑ†Ğ¸Ñ Ğ´Ğ»Ñ ÑƒÑÑ‚Ğ°Ğ½Ğ¾Ğ²ĞºĞ¸ ÑĞ¾ÑÑ‚Ğ¾ÑĞ½Ğ¸Ñ ĞºÑ€ÑƒĞ³Ğ°
function MouseHighlight.setCircle(button, enabled)
    if MouseHighlight.circles[button] ~= nil then
        MouseHighlight.circles[button] = enabled
        print("Circle " .. button .. " is now " .. (enabled and "ON" or "OFF"))
    else
        print("Invalid button: " .. tostring(button) .. ". Use 'red', 'green', or 'blue'")
    end
end

-- Ğ¤ÑƒĞ½ĞºÑ†Ğ¸Ñ Ğ´Ğ»Ñ Ğ²ĞºĞ»ÑÑ‡ĞµĞ½Ğ¸Ñ Ğ²ÑĞµÑ… ĞºÑ€ÑƒĞ³Ğ¾Ğ²
function MouseHighlight.enableAllCircles()
    MouseHighlight.circles.red = true
    MouseHighlight.circles.green = true
    MouseHighlight.circles.blue = true
    print("All circles enabled")
end

-- Ğ¤ÑƒĞ½ĞºÑ†Ğ¸Ñ Ğ´Ğ»Ñ Ğ²Ñ‹ĞºĞ»ÑÑ‡ĞµĞ½Ğ¸Ñ Ğ²ÑĞµÑ… ĞºÑ€ÑƒĞ³Ğ¾Ğ²
function MouseHighlight.disableAllCircles()
    MouseHighlight.circles.red = false
    MouseHighlight.circles.green = false
    MouseHighlight.circles.blue = false
    print("All circles disabled")
end

-- Ğ¤ÑƒĞ½ĞºÑ†Ğ¸Ñ Ğ´Ğ»Ñ ÑƒÑÑ‚Ğ°Ğ½Ğ¾Ğ²ĞºĞ¸ Ñ€Ğ°Ğ·Ğ¼ĞµÑ€Ğ° ĞºÑ€ÑƒĞ³Ğ¾Ğ²
function MouseHighlight.setCircleRadius(radius)
    MouseHighlight.circleRadius = radius
    print("Circle radius set to " .. radius)
end

-- Ğ¤ÑƒĞ½ĞºÑ†Ğ¸Ñ Ğ´Ğ»Ñ ÑƒÑÑ‚Ğ°Ğ½Ğ¾Ğ²ĞºĞ¸ Ñ€Ğ°ÑÑÑ‚Ğ¾ÑĞ½Ğ¸Ñ Ğ¾Ñ‚ ĞºÑƒÑ€ÑĞ¾Ñ€Ğ°
function MouseHighlight.setCircleOffset(offset)
    MouseHighlight.circleOffset = offset
    print("Circle offset set to " .. offset)
end

-- Ğ¤ÑƒĞ½ĞºÑ†Ğ¸Ñ Ğ´Ğ»Ñ Ğ¿Ğ¾ĞºĞ°Ğ·Ğ° Ğ´Ğ¸Ğ°Ğ¼ĞµÑ‚Ñ€Ğ¾Ğ² Ñ Ğ¿Ğ¾Ğ²Ğ¾Ñ€Ğ¾Ñ‚Ğ¾Ğ¼ ÑƒĞ³Ğ»Ğ°
function MouseHighlight.showDiameters(a)
    MouseHighlight.diameters.visible = true
    MouseHighlight.diameters.startTime = ofGetElapsedTimef()
    -- ĞŸĞ¾Ğ²Ğ¾Ñ€Ğ°Ñ‡Ğ¸Ğ²Ğ°ĞµĞ¼ ÑƒĞ³Ğ¾Ğ» Ğ½Ğ° 45 Ğ³Ñ€Ğ°Ğ´ÑƒÑĞ¾Ğ² Ğ¿Ñ€Ğ¸ ĞºĞ°Ğ¶Ğ´Ğ¾Ğ¼ Ğ²Ñ‹Ğ·Ğ¾Ğ²Ğµ
    MouseHighlight.diameters.angle = (MouseHighlight.diameters.angle + 10 * a) % 360
end

-- Ğ¤ÑƒĞ½ĞºÑ†Ğ¸Ñ Ğ´Ğ»Ñ ÑƒÑÑ‚Ğ°Ğ½Ğ¾Ğ²ĞºĞ¸ Ğ²Ñ€ĞµĞ¼ĞµĞ½Ğ¸ Ğ¿Ğ¾ĞºĞ°Ğ·Ğ° Ğ´Ğ¸Ğ°Ğ¼ĞµÑ‚Ñ€Ğ¾Ğ²
function MouseHighlight.setDiametersDuration(duration)
    MouseHighlight.diameters.duration = duration
    print("Diameters duration set to " .. duration .. " seconds")
end

-- Ğ¤ÑƒĞ½ĞºÑ†Ğ¸Ñ Ğ´Ğ»Ñ ÑƒÑÑ‚Ğ°Ğ½Ğ¾Ğ²ĞºĞ¸ Ñ€Ğ°Ğ´Ğ¸ÑƒÑĞ° Ğ´Ğ¸Ğ°Ğ¼ĞµÑ‚Ñ€Ğ¾Ğ²
function MouseHighlight.setDiametersRadius(radius)
    MouseHighlight.diameters.radius = radius
    print("Diameters radius set to " .. radius)
end

-- Ğ¤ÑƒĞ½ĞºÑ†Ğ¸Ñ Ğ´Ğ»Ñ Ğ¿Ñ€Ğ¾Ğ²ĞµÑ€ĞºĞ¸, Ğ½ÑƒĞ¶Ğ½Ğ¾ Ğ»Ğ¸ ÑĞºÑ€Ñ‹Ñ‚ÑŒ Ğ´Ğ¸Ğ°Ğ¼ĞµÑ‚Ñ€Ñ‹
function MouseHighlight.updateDiameters()
    if MouseHighlight.diameters.visible then
        local currentTime = ofGetElapsedTimef()
        if currentTime - MouseHighlight.diameters.startTime >= MouseHighlight.diameters.duration then
            MouseHighlight.diameters.visible = false
        end
    end
end

-- Ğ¤ÑƒĞ½ĞºÑ†Ğ¸Ñ Ğ´Ğ»Ñ Ğ¾Ñ‚Ñ€Ğ¸ÑĞ¾Ğ²ĞºĞ¸ ĞºÑ€ÑƒĞ³Ğ¾Ğ²
function MouseHighlight.draw(smalltext)
    -- ĞĞ±Ğ½Ğ¾Ğ²Ğ»ÑĞµĞ¼ ÑĞ¾ÑÑ‚Ğ¾ÑĞ½Ğ¸Ğµ Ğ´Ğ¸Ğ°Ğ¼ĞµÑ‚Ñ€Ğ¾Ğ²
    MouseHighlight.updateDiameters()
    
    -- Ğ’ĞºĞ»ÑÑ‡Ğ°ĞµĞ¼ Ğ°Ğ»ÑŒÑ„Ğ°-Ğ±Ğ»ĞµĞ½Ğ´Ğ¸Ğ½Ğ³ Ğ´Ğ»Ñ Ğ¿Ñ€Ğ¾Ğ·Ñ€Ğ°Ñ‡Ğ½Ğ¾ÑÑ‚Ğ¸
    ofEnableAlphaBlending()
    
    -- ĞÑ‚Ñ€Ğ¸ÑĞ¾Ğ²Ñ‹Ğ²Ğ°ĞµĞ¼ ĞºÑ€Ğ°ÑĞ½Ñ‹Ğ¹ ĞºÑ€ÑƒĞ³ (Ğ»ĞµĞ²Ğ°Ñ ĞºĞ½Ğ¾Ğ¿ĞºĞ°) - ÑĞ»ĞµĞ²Ğ° Ğ¾Ñ‚ ĞºÑƒÑ€ÑĞ¾Ñ€Ğ°
    if MouseHighlight.legendVisible and MouseHighlight.circles.red then
        ofSetColor(MouseHighlight.colors.red[1], MouseHighlight.colors.red[2],MouseHighlight.colors.red[3], MouseHighlight.colors.red[4])
        ofFill()
        ofDrawCircle(MouseHighlight.mouseX + MouseHighlight.circleOffset,MouseHighlight.mouseY, MouseHighlight.circleRadius)
    end
    
    -- ĞÑ‚Ñ€Ğ¸ÑĞ¾Ğ²Ñ‹Ğ²Ğ°ĞµĞ¼ Ğ·ĞµĞ»ĞµĞ½Ñ‹Ğ¹ ĞºÑ€ÑƒĞ³ (ÑÑ€ĞµĞ´Ğ½ÑÑ ĞºĞ½Ğ¾Ğ¿ĞºĞ°) - ÑĞ²ĞµÑ€Ñ…Ñƒ Ğ¾Ñ‚ ĞºÑƒÑ€ÑĞ¾Ñ€Ğ°
    if MouseHighlight.circles.green then
        ofSetColor(MouseHighlight.colors.green[1], MouseHighlight.colors.green[2],MouseHighlight.colors.green[3], MouseHighlight.colors.green[4])
        ofFill()
        ofDrawCircle(MouseHighlight.mouseX, MouseHighlight.mouseY - MouseHighlight.circleOffset, MouseHighlight.circleRadius)
    end
    
    -- ĞÑ‚Ñ€Ğ¸ÑĞ¾Ğ²Ñ‹Ğ²Ğ°ĞµĞ¼ ÑĞ¸Ğ½Ğ¸Ğ¹ ĞºÑ€ÑƒĞ³ (Ğ¿Ñ€Ğ°Ğ²Ğ°Ñ ĞºĞ½Ğ¾Ğ¿ĞºĞ°) - ÑĞ¿Ñ€Ğ°Ğ²Ğ° Ğ¾Ñ‚ ĞºÑƒÑ€ÑĞ¾Ñ€Ğ°
    if MouseHighlight.legendVisible and MouseHighlight.circles.blue then
        ofSetColor(MouseHighlight.colors.blue[1], MouseHighlight.colors.blue[2], MouseHighlight.colors.blue[3], MouseHighlight.colors.blue[4])
        ofFill()
        ofDrawCircle(MouseHighlight.mouseX - MouseHighlight.circleOffset, MouseHighlight.mouseY, MouseHighlight.circleRadius)
    end
    
    -- ĞÑ‚Ñ€Ğ¸ÑĞ¾Ğ²Ñ‹Ğ²Ğ°ĞµĞ¼ Ğ´Ğ¸Ğ°Ğ¼ĞµÑ‚Ñ€Ñ‹, ĞµÑĞ»Ğ¸ Ğ¾Ğ½Ğ¸ Ğ²Ğ¸Ğ´Ğ¸Ğ¼Ñ‹
    if MouseHighlight.diameters.visible then
        ofSetColor(255, 0, 255, 255) -- Ğ·ĞµĞ»ĞµĞ½Ñ‹Ğ¹ Ñ†Ğ²ĞµÑ‚ Ñ Ğ¿Ñ€Ğ¾Ğ·Ñ€Ğ°Ñ‡Ğ½Ğ¾ÑÑ‚ÑŒÑ
        ofSetLineWidth(3)
        ofNoFill()
        
        -- ĞšĞ¾Ğ½Ğ²ĞµÑ€Ñ‚Ğ¸Ñ€ÑƒĞµĞ¼ ÑƒĞ³Ğ¾Ğ» Ğ¸Ğ· Ğ³Ñ€Ğ°Ğ´ÑƒÑĞ¾Ğ² Ğ² Ñ€Ğ°Ğ´Ğ¸Ğ°Ğ½Ñ‹
        local angleRad = math.rad(MouseHighlight.diameters.angle)
        local radius = MouseHighlight.diameters.radius

        local centerX = MouseHighlight.mouseX
        local centerY = MouseHighlight.mouseY - MouseHighlight.circleOffset
        
        -- Ğ’Ñ‹Ñ‡Ğ¸ÑĞ»ÑĞµĞ¼ ĞºĞ¾Ğ¾Ñ€Ğ´Ğ¸Ğ½Ğ°Ñ‚Ñ‹ ĞºĞ¾Ğ½Ñ†Ğ¾Ğ² Ğ´Ğ¸Ğ°Ğ¼ĞµÑ‚Ñ€Ğ¾Ğ²
        local cosAngle = math.cos(angleRad)
        local sinAngle = math.sin(angleRad)
        
        -- ĞŸĞµÑ€Ğ²Ñ‹Ğ¹ Ğ´Ğ¸Ğ°Ğ¼ĞµÑ‚Ñ€ (Ğ³Ğ¾Ñ€Ğ¸Ğ·Ğ¾Ğ½Ñ‚Ğ°Ğ»ÑŒĞ½Ñ‹Ğ¹ Ñ Ğ¿Ğ¾Ğ²Ğ¾Ñ€Ğ¾Ñ‚Ğ¾Ğ¼)
        local x1 = centerX - radius * cosAngle
        local y1 = centerY - radius * sinAngle
        local x2 = centerX + radius * cosAngle
        local y2 = centerY + radius * sinAngle
        ofDrawLine(x1, y1, x2, y2)
        
        -- Ğ’Ñ‚Ğ¾Ñ€Ğ¾Ğ¹ Ğ´Ğ¸Ğ°Ğ¼ĞµÑ‚Ñ€ (Ğ¿ĞµÑ€Ğ¿ĞµĞ½Ğ´Ğ¸ĞºÑƒĞ»ÑÑ€Ğ½Ñ‹Ğ¹ Ğ¿ĞµÑ€Ğ²Ğ¾Ğ¼Ñƒ)
        local x3 = centerX - radius * sinAngle
        local y3 = centerY + radius * cosAngle
        local x4 = centerX + radius * sinAngle
        local y4 = centerY - radius * cosAngle
        ofDrawLine(x3, y3, x4, y4)
    end
    
    -- ĞÑ‚Ñ€Ğ¸ÑĞ¾Ğ²Ñ‹Ğ²Ğ°ĞµĞ¼ Ğ»ĞµĞ³ĞµĞ½Ğ´Ñƒ Ğ² Ğ¿Ñ€Ğ°Ğ²Ğ¾Ğ¼ Ğ½Ğ¸Ğ¶Ğ½ĞµĞ¼ ÑƒĞ³Ğ»Ñƒ
    if MouseHighlight.legendVisible then
        MouseHighlight.drawLegend(smalltext)
    end
    
    -- ĞÑ‚ĞºĞ»ÑÑ‡Ğ°ĞµĞ¼ Ğ°Ğ»ÑŒÑ„Ğ°-Ğ±Ğ»ĞµĞ½Ğ´Ğ¸Ğ½Ğ³
    ofDisableAlphaBlending()
end

-- Ğ¤ÑƒĞ½ĞºÑ†Ğ¸Ñ Ğ´Ğ»Ñ Ğ¾Ñ‚Ñ€Ğ¸ÑĞ¾Ğ²ĞºĞ¸ Ğ»ĞµĞ³ĞµĞ½Ğ´Ñ‹ Ğ² Ğ¿Ñ€Ğ°Ğ²Ğ¾Ğ¼ Ğ½Ğ¸Ğ¶Ğ½ĞµĞ¼ ÑƒĞ³Ğ»Ñƒ
function MouseHighlight.drawLegend(smalltext)
    local screenWidth = ofGetWidth()
    local screenHeight = ofGetHeight()
    
    -- ĞŸĞ°Ñ€Ğ°Ğ¼ĞµÑ‚Ñ€Ñ‹ Ğ»ĞµĞ³ĞµĞ½Ğ´Ñ‹
    local legendX = screenWidth - 150 * generalSettings["font"]
    local legendY = screenHeight - 195 * generalSettings["font"]
    local circleSize = 10 * generalSettings["font"]                -- Ñ€Ğ°Ğ·Ğ¼ĞµÑ€ ĞºÑ€ÑƒĞ³Ğ¾Ğ² Ğ² Ğ»ĞµĞ³ĞµĞ½Ğ´Ğµ
    local lineHeight = 25 * generalSettings["font"]              -- Ğ²Ñ‹ÑĞ¾Ñ‚Ğ° ÑÑ‚Ñ€Ğ¾ĞºĞ¸
    local textOffset = 20 * generalSettings["font"]               -- Ğ¾Ñ‚ÑÑ‚ÑƒĞ¿ Ñ‚ĞµĞºÑÑ‚Ğ° Ğ¾Ñ‚ ĞºÑ€ÑƒĞ³Ğ¾Ğ²
    
    -- Ğ’ĞºĞ»ÑÑ‡Ğ°ĞµĞ¼ Ğ°Ğ»ÑŒÑ„Ğ°-Ğ±Ğ»ĞµĞ½Ğ´Ğ¸Ğ½Ğ³ Ğ´Ğ»Ñ Ñ‚ĞµĞºÑÑ‚Ğ°
    ofEnableAlphaBlending()

    local function textRight(text)
        local mesh = smalltext:getStringMesh(text, 0, 0)
        local right = 0
        for i = 0, mesh:getNumVertices() - 1 do
            local x = mesh:getVertex(i).x
            if x > right then right = x end
        end
        return right
    end
    local function drawName(text, key, y)
        ofSetColor(0, 0, 0, 255)
        smalltext:drawString(text, legendX + circleSize - textRight(text), y)
        smalltext:drawString(key, legendX + textOffset, y)
    end
    drawName("clear", "C", legendY - lineHeight * 2 + 5)
    drawName("legend", "L", legendY - lineHeight + 5)

    ofSetColor(0,0,0, 255)
    
    -- ĞÑ‚Ñ€Ğ¸ÑĞ¾Ğ²Ñ‹Ğ²Ğ°ĞµĞ¼ ĞºÑ€Ğ°ÑĞ½Ñ‹Ğ¹ ĞºÑ€ÑƒĞ³ (Ğ¿Ñ€Ğ°Ğ²Ğ°Ñ ĞºĞ½Ğ¾Ğ¿ĞºĞ°)
    ofSetColor(MouseHighlight.colors.red[1], MouseHighlight.colors.red[2], MouseHighlight.colors.red[3], MouseHighlight.colors.red[4])
    ofFill()
    ofDrawCircle(legendX, legendY, circleSize)
    
    -- Ğ¢ĞµĞºÑÑ‚ Ğ´Ğ»Ñ ĞºÑ€Ğ°ÑĞ½Ğ¾Ğ³Ğ¾ ĞºÑ€ÑƒĞ³Ğ°
    ofSetColor(0,0,0, 255)
    smalltext:drawString("E", legendX + textOffset, legendY + 5)
    
    -- ĞÑ‚Ñ€Ğ¸ÑĞ¾Ğ²Ñ‹Ğ²Ğ°ĞµĞ¼ Ğ·ĞµĞ»ĞµĞ½Ñ‹Ğ¹ ĞºÑ€ÑƒĞ³ (ÑÑ€ĞµĞ´Ğ½ÑÑ ĞºĞ½Ğ¾Ğ¿ĞºĞ°)
    ofSetColor(MouseHighlight.colors.green[1], MouseHighlight.colors.green[2], MouseHighlight.colors.green[3], MouseHighlight.colors.green[4])
    ofFill()
    ofDrawCircle(legendX, legendY + lineHeight, circleSize)
    
    -- Ğ¢ĞµĞºÑÑ‚ Ğ´Ğ»Ñ Ğ·ĞµĞ»ĞµĞ½Ğ¾Ğ³Ğ¾ ĞºÑ€ÑƒĞ³Ğ°
    ofSetColor(0,0,0, 255)
    smalltext:drawString("A, D", legendX + textOffset, legendY + lineHeight + 5)
    
    -- ĞÑ‚Ñ€Ğ¸ÑĞ¾Ğ²Ñ‹Ğ²Ğ°ĞµĞ¼ ÑĞ¸Ğ½Ğ¸Ğ¹ ĞºÑ€ÑƒĞ³ (Ğ»ĞµĞ²Ğ°Ñ ĞºĞ½Ğ¾Ğ¿ĞºĞ°)
    ofSetColor(MouseHighlight.colors.blue[1], MouseHighlight.colors.blue[2], MouseHighlight.colors.blue[3], MouseHighlight.colors.blue[4])
    ofFill()
    ofDrawCircle(legendX, legendY + lineHeight * 2, circleSize)
    
    -- Ğ¢ĞµĞºÑÑ‚ Ğ´Ğ»Ñ ÑĞ¸Ğ½ĞµĞ³Ğ¾ ĞºÑ€ÑƒĞ³Ğ°
    ofSetColor(0,0,0, 255)
    smalltext:drawString("Q", legendX + textOffset, legendY + lineHeight * 2 + 5)
    
    -- ĞÑ‚Ñ€Ğ¸ÑĞ¾Ğ²Ñ‹Ğ²Ğ°ĞµĞ¼ ĞºÑ€ĞµÑÑ‚ (Ğ´Ğ¸Ğ°Ğ¼ĞµÑ‚Ñ€Ñ‹)
    ofSetColor(255, 0, 255, 200) -- Ñ‚Ğ¾Ñ‚ Ğ¶Ğµ Ñ†Ğ²ĞµÑ‚, Ñ‡Ñ‚Ğ¾ Ğ¸ Ñƒ Ğ´Ğ¸Ğ°Ğ¼ĞµÑ‚Ñ€Ğ¾Ğ²
    ofSetLineWidth(1.5 * generalSettings["font"])
    ofNoFill()
    
    local crossX = legendX
    local crossY = legendY + lineHeight * 3
    local crossSize = circleSize
    
    -- Ğ“Ğ¾Ñ€Ğ¸Ğ·Ğ¾Ğ½Ñ‚Ğ°Ğ»ÑŒĞ½Ğ°Ñ Ğ»Ğ¸Ğ½Ğ¸Ñ ĞºÑ€ĞµÑÑ‚Ğ°
    ofDrawLine(crossX - crossSize, crossY, crossX + crossSize, crossY)
    -- Ğ’ĞµÑ€Ñ‚Ğ¸ĞºĞ°Ğ»ÑŒĞ½Ğ°Ñ Ğ»Ğ¸Ğ½Ğ¸Ñ ĞºÑ€ĞµÑÑ‚Ğ°
    ofDrawLine(crossX, crossY - crossSize, crossX, crossY + crossSize)
    
    -- Ğ¢ĞµĞºÑÑ‚ Ğ´Ğ»Ñ ĞºÑ€ĞµÑÑ‚Ğ°
    ofSetColor(0,0,0, 255)
    smalltext:drawString("W S", legendX + textOffset, crossY + 5)

    local panY = legendY + lineHeight * 4
    ofSetColor(0, 255, 255, 255)
    ofFill()
    ofDrawCircle(legendX, panY, circleSize)
    ofSetColor(0, 0, 0, 255)
    smalltext:drawString("F", legendX + textOffset, panY + 5)

    ofSetLineWidth(1)
end

-- Ğ¤ÑƒĞ½ĞºÑ†Ğ¸Ñ Ğ´Ğ»Ñ Ğ¿Ğ¾Ğ»ÑƒÑ‡ĞµĞ½Ğ¸Ñ Ğ¸Ğ½Ñ„Ğ¾Ñ€Ğ¼Ğ°Ñ†Ğ¸Ğ¸ Ğ¾ ÑĞ¾ÑÑ‚Ğ¾ÑĞ½Ğ¸Ğ¸
function MouseHighlight.getStatus()
    local status = "Mouse Highlight Status:\n"
    status = status .. "Red circle (left button): " .. (MouseHighlight.circles.red and "ON" or "OFF") .. "\n"
    status = status .. "Green circle (middle button): " .. (MouseHighlight.circles.green and "ON" or "OFF") .. "\n"
    status = status .. "Blue circle (right button): " .. (MouseHighlight.circles.blue and "ON" or "OFF") .. "\n"
    status = status .. "Circle radius: " .. MouseHighlight.circleRadius .. "\n"
    status = status .. "Circle offset: " .. MouseHighlight.circleOffset .. "\n"
    status = status .. "Diameters visible: " .. (MouseHighlight.diameters.visible and "YES" or "NO") .. "\n"
    status = status .. "Diameters angle: " .. MouseHighlight.diameters.angle .. " degrees\n"
    status = status .. "Diameters duration: " .. MouseHighlight.diameters.duration .. " seconds\n"
    status = status .. "Diameters radius: " .. MouseHighlight.diameters.radius .. "\n"
    status = status .. "Mouse position: (" .. MouseHighlight.mouseX .. ", " .. MouseHighlight.mouseY .. ")"
    return status
end

-- Ğ¤ÑƒĞ½ĞºÑ†Ğ¸Ñ Ğ´Ğ»Ñ Ğ¿ĞµÑ‡Ğ°Ñ‚Ğ¸ ÑÑ‚Ğ°Ñ‚ÑƒÑĞ° Ğ² ĞºĞ¾Ğ½ÑĞ¾Ğ»ÑŒ
function MouseHighlight.printStatus()
    print(MouseHighlight.getStatus())
end

function printtable(table)
	for k, v in pairs(table) do
		print('-----',k, v)
	end
end

local _src = ofCanvas(this):getDir() .. "/src/"
local function include(name) dofile(_src .. name) end
include("app/state.lua")
include("app/perf.lua")
include("draw/freq.lua")
include("draw/filters.lua")
include("model/hit.lua")
include("model/selects.lua")
include("model/brush.lua")
include("model/settings.lua")
include("draw/hud.lua")
include("draw/line.lua")
include("app/coords.lua")
